
 /----------------------------------------------------------------------------\
 |  yosys -- Yosys Open SYnthesis Suite                                       |
 |  Copyright (C) 2012 - 2026  Claire Xenia Wolf <claire@yosyshq.com>         |
 |  Distributed under an ISC-like license, type "license" to see terms        |
 \----------------------------------------------------------------------------/
 Yosys 0.62 (git sha1 7326bb7d6641500ecb285c291a54a662cb1e76cf, clang++ 21.1.2 -fPIC -O3)

-- Executing script file `/work/scripts/yosys_synth.ys' --

1. Executing Verilog-2005 frontend: /work/rtl/axi4_lite_pkg.sv
Parsing SystemVerilog input from `/work/rtl/axi4_lite_pkg.sv' to AST representation.
Successfully finished Verilog frontend.

2. Executing Verilog-2005 frontend: /work/rtl/axi4_lite_master.sv
Parsing SystemVerilog input from `/work/rtl/axi4_lite_master.sv' to AST representation.
Generating RTLIL representation for module `\axi4_lite_master'.
Successfully finished Verilog frontend.

3. Executing Verilog-2005 frontend: /work/rtl/axi4_lite_addr_decoder.sv
Parsing SystemVerilog input from `/work/rtl/axi4_lite_addr_decoder.sv' to AST representation.
Generating RTLIL representation for module `\axi4_lite_addr_decoder'.
Successfully finished Verilog frontend.

4. Executing Verilog-2005 frontend: /work/rtl/ram_slave.sv
Parsing SystemVerilog input from `/work/rtl/ram_slave.sv' to AST representation.
Generating RTLIL representation for module `\ram_slave'.
Successfully finished Verilog frontend.

5. Executing Verilog-2005 frontend: /work/rtl/gpio_slave.sv
Parsing SystemVerilog input from `/work/rtl/gpio_slave.sv' to AST representation.
Generating RTLIL representation for module `\gpio_slave'.
Successfully finished Verilog frontend.

6. Executing Verilog-2005 frontend: /work/rtl/axi4_lite_top.sv
Parsing SystemVerilog input from `/work/rtl/axi4_lite_top.sv' to AST representation.
Generating RTLIL representation for module `\axi4_lite_top'.
Successfully finished Verilog frontend.

7. Executing HIERARCHY pass (managing design hierarchy).

7.1. Analyzing design hierarchy..
Top module:  \axi4_lite_top
Used module:     \gpio_slave
Used module:     \ram_slave
Used module:     \axi4_lite_addr_decoder
Used module:     \axi4_lite_master
Parameter \ADDR_WIDTH = 32
Parameter \DATA_WIDTH = 32

7.2. Executing AST frontend in derive mode using pre-parsed AST for module `\gpio_slave'.
Parameter \ADDR_WIDTH = 32
Parameter \DATA_WIDTH = 32
Generating RTLIL representation for module `$paramod$73a3980ba8a68177b0617f0f620fd34f6ef3e417\gpio_slave'.
Parameter \ADDR_WIDTH = 32
Parameter \DATA_WIDTH = 32
Parameter \DEPTH = 256

7.3. Executing AST frontend in derive mode using pre-parsed AST for module `\ram_slave'.
Parameter \ADDR_WIDTH = 32
Parameter \DATA_WIDTH = 32
Parameter \DEPTH = 256
Generating RTLIL representation for module `$paramod$7068ac09caa024df265143630f51c7da53a5c1cd\ram_slave'.
Parameter \ADDR_WIDTH = 32

7.4. Executing AST frontend in derive mode using pre-parsed AST for module `\axi4_lite_addr_decoder'.
Parameter \ADDR_WIDTH = 32
Generating RTLIL representation for module `$paramod\axi4_lite_addr_decoder\ADDR_WIDTH=s32'00000000000000000000000000100000'.
Parameter \ADDR_WIDTH = 32
Found cached RTLIL representation for module `$paramod\axi4_lite_addr_decoder\ADDR_WIDTH=s32'00000000000000000000000000100000'.
Parameter \ADDR_WIDTH = 32
Parameter \DATA_WIDTH = 32

7.5. Executing AST frontend in derive mode using pre-parsed AST for module `\axi4_lite_master'.
Parameter \ADDR_WIDTH = 32
Parameter \DATA_WIDTH = 32
Generating RTLIL representation for module `$paramod$73a3980ba8a68177b0617f0f620fd34f6ef3e417\axi4_lite_master'.

7.6. Analyzing design hierarchy..
Top module:  \axi4_lite_top
Used module:     $paramod$73a3980ba8a68177b0617f0f620fd34f6ef3e417\gpio_slave
Used module:     $paramod$7068ac09caa024df265143630f51c7da53a5c1cd\ram_slave
Used module:     $paramod\axi4_lite_addr_decoder\ADDR_WIDTH=s32'00000000000000000000000000100000
Used module:     $paramod$73a3980ba8a68177b0617f0f620fd34f6ef3e417\axi4_lite_master

7.7. Analyzing design hierarchy..
Top module:  \axi4_lite_top
Used module:     $paramod$73a3980ba8a68177b0617f0f620fd34f6ef3e417\gpio_slave
Used module:     $paramod$7068ac09caa024df265143630f51c7da53a5c1cd\ram_slave
Used module:     $paramod\axi4_lite_addr_decoder\ADDR_WIDTH=s32'00000000000000000000000000100000
Used module:     $paramod$73a3980ba8a68177b0617f0f620fd34f6ef3e417\axi4_lite_master
Removing unused module `\gpio_slave'.
Removing unused module `\ram_slave'.
Removing unused module `\axi4_lite_addr_decoder'.
Removing unused module `\axi4_lite_master'.
Removed 4 unused modules.

8. Executing PROC pass (convert processes to netlists).

8.1. Executing PROC_CLEAN pass (remove empty switches from decision trees).
Cleaned up 0 empty switches.

8.2. Executing PROC_RMDEAD pass (remove dead branches from decision trees).
Marked 4 switch rules as full_case in process $proc$/work/rtl/axi4_lite_top.sv:451$167 in module axi4_lite_top.
Marked 3 switch rules as full_case in process $proc$/work/rtl/axi4_lite_top.sv:415$162 in module axi4_lite_top.
Marked 1 switch rules as full_case in process $proc$/work/rtl/axi4_lite_top.sv:400$160 in module axi4_lite_top.
Marked 4 switch rules as full_case in process $proc$/work/rtl/axi4_lite_top.sv:272$154 in module axi4_lite_top.
Marked 3 switch rules as full_case in process $proc$/work/rtl/axi4_lite_top.sv:233$147 in module axi4_lite_top.
Marked 1 switch rules as full_case in process $proc$/work/rtl/axi4_lite_top.sv:216$145 in module axi4_lite_top.
Marked 2 switch rules as full_case in process $proc$/work/rtl/axi4_lite_master.sv:200$298 in module $paramod$73a3980ba8a68177b0617f0f620fd34f6ef3e417\axi4_lite_master.
Marked 2 switch rules as full_case in process $proc$/work/rtl/axi4_lite_master.sv:112$287 in module $paramod$73a3980ba8a68177b0617f0f620fd34f6ef3e417\axi4_lite_master.
Marked 2 switch rules as full_case in process $proc$/work/rtl/axi4_lite_addr_decoder.sv:24$282 in module $paramod\axi4_lite_addr_decoder\ADDR_WIDTH=s32'00000000000000000000000000100000.
Marked 1 switch rules as full_case in process $proc$/work/rtl/ram_slave.sv:126$279 in module $paramod$7068ac09caa024df265143630f51c7da53a5c1cd\ram_slave.
Marked 6 switch rules as full_case in process $proc$/work/rtl/ram_slave.sv:66$229 in module $paramod$7068ac09caa024df265143630f51c7da53a5c1cd\ram_slave.
Marked 2 switch rules as full_case in process $proc$/work/rtl/gpio_slave.sv:123$223 in module $paramod$73a3980ba8a68177b0617f0f620fd34f6ef3e417\gpio_slave.
Marked 11 switch rules as full_case in process $proc$/work/rtl/gpio_slave.sv:70$173 in module $paramod$73a3980ba8a68177b0617f0f620fd34f6ef3e417\gpio_slave.
Removed a total of 0 dead cases.

8.3. Executing PROC_PRUNE pass (remove redundant assignments in processes).
Removed 2 redundant assignments.
Promoted 42 assignments to connections.

8.4. Executing PROC_INIT pass (extract init attributes).

8.5. Executing PROC_ARST pass (detect async resets in processes).

8.6. Executing PROC_ROM pass (convert switches to ROMs).
Converted 0 switches.
<suppressed ~58 debug messages>

8.7. Executing PROC_MUX pass (convert decision trees to multiplexers).
Creating decoders for process `\axi4_lite_top.$proc$/work/rtl/axi4_lite_top.sv:451$167'.
     1/6: $0\read_target_gpio[0:0]
     2/6: $0\read_target_ram[0:0]
     3/6: $0\read_state[1:0]
     4/6: $0\M_RVALID[0:0]
     5/6: $0\M_RRESP[1:0]
     6/6: $0\M_RDATA[31:0]
Creating decoders for process `\axi4_lite_top.$proc$/work/rtl/axi4_lite_top.sv:415$162'.
     1/5: $3\GPIO_rd_en[0:0]
     2/5: $2\RAM_rd_en[0:0]
     3/5: $2\GPIO_rd_en[0:0]
     4/5: $1\GPIO_rd_en[0:0]
     5/5: $1\RAM_rd_en[0:0]
Creating decoders for process `\axi4_lite_top.$proc$/work/rtl/axi4_lite_top.sv:400$160'.
     1/1: $1\M_ARREADY[0:0]
Creating decoders for process `\axi4_lite_top.$proc$/work/rtl/axi4_lite_top.sv:272$154'.
     1/5: $0\write_target_gpio[0:0]
     2/5: $0\write_target_ram[0:0]
     3/5: $0\write_state[1:0]
     4/5: $0\M_BVALID[0:0]
     5/5: $0\M_BRESP[1:0]
Creating decoders for process `\axi4_lite_top.$proc$/work/rtl/axi4_lite_top.sv:233$147'.
     1/5: $3\GPIO_wr_en[0:0]
     2/5: $2\RAM_wr_en[0:0]
     3/5: $2\GPIO_wr_en[0:0]
     4/5: $1\GPIO_wr_en[0:0]
     5/5: $1\RAM_wr_en[0:0]
Creating decoders for process `\axi4_lite_top.$proc$/work/rtl/axi4_lite_top.sv:216$145'.
     1/2: $1\M_WREADY[0:0]
     2/2: $1\M_AWREADY[0:0]
Creating decoders for process `$paramod$73a3980ba8a68177b0617f0f620fd34f6ef3e417\axi4_lite_master.$proc$/work/rtl/axi4_lite_master.sv:200$298'.
     1/5: $0\read_resp_valid[0:0]
     2/5: $0\read_addr_reg[31:0]
     3/5: $0\read_state[1:0]
     4/5: $0\read_resp[1:0]
     5/5: $0\read_data[31:0]
Creating decoders for process `$paramod$73a3980ba8a68177b0617f0f620fd34f6ef3e417\axi4_lite_master.$proc$/work/rtl/axi4_lite_master.sv:112$287'.
     1/8: $0\write_resp_valid[0:0]
     2/8: $0\w_done[0:0]
     3/8: $0\aw_done[0:0]
     4/8: $0\write_strb_reg[3:0]
     5/8: $0\write_data_reg[31:0]
     6/8: $0\write_addr_reg[31:0]
     7/8: $0\write_state[2:0]
     8/8: $0\write_resp[1:0]
Creating decoders for process `$paramod\axi4_lite_addr_decoder\ADDR_WIDTH=s32'00000000000000000000000000100000.$proc$/work/rtl/axi4_lite_addr_decoder.sv:24$282'.
     1/5: $2\gpio_sel[0:0]
     2/5: $2\decerr[0:0]
     3/5: $1\ram_sel[0:0]
     4/5: $1\decerr[0:0]
     5/5: $1\gpio_sel[0:0]
Creating decoders for process `$paramod$7068ac09caa024df265143630f51c7da53a5c1cd\ram_slave.$proc$/work/rtl/ram_slave.sv:126$279'.
     1/2: $0\rd_resp[1:0]
     2/2: $0\rd_data[31:0]
Creating decoders for process `$paramod$7068ac09caa024df265143630f51c7da53a5c1cd\ram_slave.$proc$/work/rtl/ram_slave.sv:66$229'.
     1/37: $3$memwr$\mem$/work/rtl/ram_slave.sv:106$228_EN[31:0]$278
     2/37: $3$memwr$\mem$/work/rtl/ram_slave.sv:106$228_DATA[31:0]$277
     3/37: $3$memwr$\mem$/work/rtl/ram_slave.sv:106$228_ADDR[7:0]$276
     4/37: $3$memwr$\mem$/work/rtl/ram_slave.sv:98$227_EN[31:0]$275
     5/37: $3$memwr$\mem$/work/rtl/ram_slave.sv:98$227_DATA[31:0]$274
     6/37: $3$memwr$\mem$/work/rtl/ram_slave.sv:98$227_ADDR[7:0]$273
     7/37: $3$memwr$\mem$/work/rtl/ram_slave.sv:90$226_EN[31:0]$272
     8/37: $3$memwr$\mem$/work/rtl/ram_slave.sv:90$226_DATA[31:0]$271
     9/37: $3$memwr$\mem$/work/rtl/ram_slave.sv:90$226_ADDR[7:0]$270
    10/37: $3$memwr$\mem$/work/rtl/ram_slave.sv:82$225_EN[31:0]$269
    11/37: $3$memwr$\mem$/work/rtl/ram_slave.sv:82$225_DATA[31:0]$268
    12/37: $3$memwr$\mem$/work/rtl/ram_slave.sv:82$225_ADDR[7:0]$267
    13/37: $2$memwr$\mem$/work/rtl/ram_slave.sv:106$228_EN[31:0]$266
    14/37: $2$memwr$\mem$/work/rtl/ram_slave.sv:106$228_DATA[31:0]$265
    15/37: $2$memwr$\mem$/work/rtl/ram_slave.sv:106$228_ADDR[7:0]$264
    16/37: $2$memwr$\mem$/work/rtl/ram_slave.sv:98$227_EN[31:0]$263
    17/37: $2$memwr$\mem$/work/rtl/ram_slave.sv:98$227_DATA[31:0]$262
    18/37: $2$memwr$\mem$/work/rtl/ram_slave.sv:98$227_ADDR[7:0]$261
    19/37: $2$memwr$\mem$/work/rtl/ram_slave.sv:90$226_EN[31:0]$260
    20/37: $2$memwr$\mem$/work/rtl/ram_slave.sv:90$226_DATA[31:0]$259
    21/37: $2$memwr$\mem$/work/rtl/ram_slave.sv:90$226_ADDR[7:0]$258
    22/37: $2$memwr$\mem$/work/rtl/ram_slave.sv:82$225_EN[31:0]$257
    23/37: $2$memwr$\mem$/work/rtl/ram_slave.sv:82$225_DATA[31:0]$256
    24/37: $2$memwr$\mem$/work/rtl/ram_slave.sv:82$225_ADDR[7:0]$255
    25/37: $1$memwr$\mem$/work/rtl/ram_slave.sv:106$228_EN[31:0]$254
    26/37: $1$memwr$\mem$/work/rtl/ram_slave.sv:106$228_DATA[31:0]$253
    27/37: $1$memwr$\mem$/work/rtl/ram_slave.sv:106$228_ADDR[7:0]$252
    28/37: $1$memwr$\mem$/work/rtl/ram_slave.sv:98$227_EN[31:0]$251
    29/37: $1$memwr$\mem$/work/rtl/ram_slave.sv:98$227_DATA[31:0]$250
    30/37: $1$memwr$\mem$/work/rtl/ram_slave.sv:98$227_ADDR[7:0]$249
    31/37: $1$memwr$\mem$/work/rtl/ram_slave.sv:90$226_EN[31:0]$248
    32/37: $1$memwr$\mem$/work/rtl/ram_slave.sv:90$226_DATA[31:0]$247
    33/37: $1$memwr$\mem$/work/rtl/ram_slave.sv:90$226_ADDR[7:0]$246
    34/37: $1$memwr$\mem$/work/rtl/ram_slave.sv:82$225_EN[31:0]$245
    35/37: $1$memwr$\mem$/work/rtl/ram_slave.sv:82$225_DATA[31:0]$244
    36/37: $1$memwr$\mem$/work/rtl/ram_slave.sv:82$225_ADDR[7:0]$243
    37/37: $0\wr_resp[1:0]
Creating decoders for process `$paramod$73a3980ba8a68177b0617f0f620fd34f6ef3e417\gpio_slave.$proc$/work/rtl/gpio_slave.sv:123$223'.
     1/2: $0\rd_resp[1:0]
     2/2: $0\rd_data[31:0]
Creating decoders for process `$paramod$73a3980ba8a68177b0617f0f620fd34f6ef3e417\gpio_slave.$proc$/work/rtl/gpio_slave.sv:70$173'.
     1/53: $3\apply_wstrb$func$/work/rtl/gpio_slave.sv:94$172.new_value[31:0]$210 [31:24]
     2/53: $6\apply_wstrb$func$/work/rtl/gpio_slave.sv:94$172.new_value[23:16]$221
     3/53: $5\apply_wstrb$func$/work/rtl/gpio_slave.sv:94$172.new_value[15:8]$220
     4/53: $4\apply_wstrb$func$/work/rtl/gpio_slave.sv:94$172.new_value[7:0]$219
     5/53: $3\apply_wstrb$func$/work/rtl/gpio_slave.sv:94$172.new_value[31:0]$210 [15:8]
     6/53: $3\apply_wstrb$func$/work/rtl/gpio_slave.sv:94$172.new_value[31:0]$210 [7:0]
     7/53: $3\apply_wstrb$func$/work/rtl/gpio_slave.sv:82$171.new_value[31:0]$205 [31:24]
     8/53: $3\apply_wstrb$func$/work/rtl/gpio_slave.sv:82$171.new_value[31:0]$205 [23:16]
     9/53: $6\apply_wstrb$func$/work/rtl/gpio_slave.sv:82$171.new_value[23:16]$217
    10/53: $5\apply_wstrb$func$/work/rtl/gpio_slave.sv:82$171.new_value[15:8]$216
    11/53: $4\apply_wstrb$func$/work/rtl/gpio_slave.sv:82$171.new_value[7:0]$215
    12/53: $3\gpio_output_next[31:0]
    13/53: $3\apply_wstrb$func$/work/rtl/gpio_slave.sv:82$171.i[31:0]$209
    14/53: $3\apply_wstrb$func$/work/rtl/gpio_slave.sv:82$171.new_value[31:0]$205 [7:0]
    15/53: $3\apply_wstrb$func$/work/rtl/gpio_slave.sv:94$172.new_value[31:0]$210 [23:16]
    16/53: $7\apply_wstrb$func$/work/rtl/gpio_slave.sv:94$172.new_value[31:24]$222
    17/53: $7\apply_wstrb$func$/work/rtl/gpio_slave.sv:82$171.new_value[31:24]$218
    18/53: $3\apply_wstrb$func$/work/rtl/gpio_slave.sv:82$171.strb[3:0]$208
    19/53: $3\apply_wstrb$func$/work/rtl/gpio_slave.sv:82$171.data[31:0]$207
    20/53: $3\apply_wstrb$func$/work/rtl/gpio_slave.sv:82$171.current_value[31:0]$206
    21/53: $3\apply_wstrb$func$/work/rtl/gpio_slave.sv:94$172.i[31:0]$214
    22/53: $3\apply_wstrb$func$/work/rtl/gpio_slave.sv:94$172.strb[3:0]$213
    23/53: $3\apply_wstrb$func$/work/rtl/gpio_slave.sv:94$172.data[31:0]$212
    24/53: $3\apply_wstrb$func$/work/rtl/gpio_slave.sv:94$172.current_value[31:0]$211
    25/53: $3\apply_wstrb$func$/work/rtl/gpio_slave.sv:82$171.new_value[31:0]$205 [15:8]
    26/53: $3\gpio_direction_next[31:0]
    27/53: $2\apply_wstrb$func$/work/rtl/gpio_slave.sv:94$172.i[31:0]$204
    28/53: $2\apply_wstrb$func$/work/rtl/gpio_slave.sv:94$172.strb[3:0]$203
    29/53: $2\apply_wstrb$func$/work/rtl/gpio_slave.sv:94$172.data[31:0]$202
    30/53: $2\apply_wstrb$func$/work/rtl/gpio_slave.sv:94$172.current_value[31:0]$201
    31/53: $2\apply_wstrb$func$/work/rtl/gpio_slave.sv:94$172.new_value[31:0]$200
    32/53: $2\apply_wstrb$func$/work/rtl/gpio_slave.sv:82$171.i[31:0]$199
    33/53: $2\apply_wstrb$func$/work/rtl/gpio_slave.sv:82$171.strb[3:0]$198
    34/53: $2\apply_wstrb$func$/work/rtl/gpio_slave.sv:82$171.data[31:0]$197
    35/53: $2\apply_wstrb$func$/work/rtl/gpio_slave.sv:82$171.current_value[31:0]$196
    36/53: $2\apply_wstrb$func$/work/rtl/gpio_slave.sv:82$171.new_value[31:0]$195
    37/53: $2\gpio_direction_next[31:0]
    38/53: $2\gpio_output_next[31:0]
    39/53: $1\apply_wstrb$func$/work/rtl/gpio_slave.sv:94$172.i[31:0]$194
    40/53: $1\apply_wstrb$func$/work/rtl/gpio_slave.sv:94$172.strb[3:0]$193
    41/53: $1\apply_wstrb$func$/work/rtl/gpio_slave.sv:94$172.data[31:0]$192
    42/53: $1\apply_wstrb$func$/work/rtl/gpio_slave.sv:94$172.current_value[31:0]$191
    43/53: $1\apply_wstrb$func$/work/rtl/gpio_slave.sv:94$172.new_value[31:0]$190
    44/53: $1\apply_wstrb$func$/work/rtl/gpio_slave.sv:82$171.i[31:0]$189
    45/53: $1\apply_wstrb$func$/work/rtl/gpio_slave.sv:82$171.strb[3:0]$188
    46/53: $1\apply_wstrb$func$/work/rtl/gpio_slave.sv:82$171.data[31:0]$187
    47/53: $1\apply_wstrb$func$/work/rtl/gpio_slave.sv:82$171.current_value[31:0]$186
    48/53: $1\apply_wstrb$func$/work/rtl/gpio_slave.sv:82$171.new_value[31:0]$185
    49/53: $1\gpio_direction_next[31:0]
    50/53: $1\gpio_output_next[31:0]
    51/53: $0\gpio_direction[31:0]
    52/53: $0\gpio_output[31:0]
    53/53: $0\wr_resp[1:0]

8.8. Executing PROC_DLATCH pass (convert process syncs to latches).
No latch inferred for signal `\axi4_lite_top.\RAM_rd_en' from process `\axi4_lite_top.$proc$/work/rtl/axi4_lite_top.sv:415$162'.
No latch inferred for signal `\axi4_lite_top.\RAM_rd_addr' from process `\axi4_lite_top.$proc$/work/rtl/axi4_lite_top.sv:415$162'.
No latch inferred for signal `\axi4_lite_top.\GPIO_rd_en' from process `\axi4_lite_top.$proc$/work/rtl/axi4_lite_top.sv:415$162'.
No latch inferred for signal `\axi4_lite_top.\GPIO_rd_addr' from process `\axi4_lite_top.$proc$/work/rtl/axi4_lite_top.sv:415$162'.
No latch inferred for signal `\axi4_lite_top.\M_ARREADY' from process `\axi4_lite_top.$proc$/work/rtl/axi4_lite_top.sv:400$160'.
No latch inferred for signal `\axi4_lite_top.\RAM_wr_en' from process `\axi4_lite_top.$proc$/work/rtl/axi4_lite_top.sv:233$147'.
No latch inferred for signal `\axi4_lite_top.\RAM_wr_addr' from process `\axi4_lite_top.$proc$/work/rtl/axi4_lite_top.sv:233$147'.
No latch inferred for signal `\axi4_lite_top.\RAM_wr_data' from process `\axi4_lite_top.$proc$/work/rtl/axi4_lite_top.sv:233$147'.
No latch inferred for signal `\axi4_lite_top.\RAM_wr_strb' from process `\axi4_lite_top.$proc$/work/rtl/axi4_lite_top.sv:233$147'.
No latch inferred for signal `\axi4_lite_top.\GPIO_wr_en' from process `\axi4_lite_top.$proc$/work/rtl/axi4_lite_top.sv:233$147'.
No latch inferred for signal `\axi4_lite_top.\GPIO_wr_addr' from process `\axi4_lite_top.$proc$/work/rtl/axi4_lite_top.sv:233$147'.
No latch inferred for signal `\axi4_lite_top.\GPIO_wr_data' from process `\axi4_lite_top.$proc$/work/rtl/axi4_lite_top.sv:233$147'.
No latch inferred for signal `\axi4_lite_top.\GPIO_wr_strb' from process `\axi4_lite_top.$proc$/work/rtl/axi4_lite_top.sv:233$147'.
No latch inferred for signal `\axi4_lite_top.\M_AWREADY' from process `\axi4_lite_top.$proc$/work/rtl/axi4_lite_top.sv:216$145'.
No latch inferred for signal `\axi4_lite_top.\M_WREADY' from process `\axi4_lite_top.$proc$/work/rtl/axi4_lite_top.sv:216$145'.
No latch inferred for signal `$paramod\axi4_lite_addr_decoder\ADDR_WIDTH=s32'00000000000000000000000000100000.\ram_sel' from process `$paramod\axi4_lite_addr_decoder\ADDR_WIDTH=s32'00000000000000000000000000100000.$proc$/work/rtl/axi4_lite_addr_decoder.sv:24$282'.
No latch inferred for signal `$paramod\axi4_lite_addr_decoder\ADDR_WIDTH=s32'00000000000000000000000000100000.\gpio_sel' from process `$paramod\axi4_lite_addr_decoder\ADDR_WIDTH=s32'00000000000000000000000000100000.$proc$/work/rtl/axi4_lite_addr_decoder.sv:24$282'.
No latch inferred for signal `$paramod\axi4_lite_addr_decoder\ADDR_WIDTH=s32'00000000000000000000000000100000.\decerr' from process `$paramod\axi4_lite_addr_decoder\ADDR_WIDTH=s32'00000000000000000000000000100000.$proc$/work/rtl/axi4_lite_addr_decoder.sv:24$282'.

8.9. Executing PROC_DFF pass (convert process syncs to FFs).
Creating register for signal `\axi4_lite_top.\M_RDATA' using process `\axi4_lite_top.$proc$/work/rtl/axi4_lite_top.sv:451$167'.
  created $dff cell `$procdff$1348' with positive edge clock.
Creating register for signal `\axi4_lite_top.\M_RRESP' using process `\axi4_lite_top.$proc$/work/rtl/axi4_lite_top.sv:451$167'.
  created $dff cell `$procdff$1349' with positive edge clock.
Creating register for signal `\axi4_lite_top.\M_RVALID' using process `\axi4_lite_top.$proc$/work/rtl/axi4_lite_top.sv:451$167'.
  created $dff cell `$procdff$1350' with positive edge clock.
Creating register for signal `\axi4_lite_top.\read_state' using process `\axi4_lite_top.$proc$/work/rtl/axi4_lite_top.sv:451$167'.
  created $dff cell `$procdff$1351' with positive edge clock.
Creating register for signal `\axi4_lite_top.\read_target_ram' using process `\axi4_lite_top.$proc$/work/rtl/axi4_lite_top.sv:451$167'.
  created $dff cell `$procdff$1352' with positive edge clock.
Creating register for signal `\axi4_lite_top.\read_target_gpio' using process `\axi4_lite_top.$proc$/work/rtl/axi4_lite_top.sv:451$167'.
  created $dff cell `$procdff$1353' with positive edge clock.
Creating register for signal `\axi4_lite_top.\M_BRESP' using process `\axi4_lite_top.$proc$/work/rtl/axi4_lite_top.sv:272$154'.
  created $dff cell `$procdff$1354' with positive edge clock.
Creating register for signal `\axi4_lite_top.\M_BVALID' using process `\axi4_lite_top.$proc$/work/rtl/axi4_lite_top.sv:272$154'.
  created $dff cell `$procdff$1355' with positive edge clock.
Creating register for signal `\axi4_lite_top.\write_state' using process `\axi4_lite_top.$proc$/work/rtl/axi4_lite_top.sv:272$154'.
  created $dff cell `$procdff$1356' with positive edge clock.
Creating register for signal `\axi4_lite_top.\write_target_ram' using process `\axi4_lite_top.$proc$/work/rtl/axi4_lite_top.sv:272$154'.
  created $dff cell `$procdff$1357' with positive edge clock.
Creating register for signal `\axi4_lite_top.\write_target_gpio' using process `\axi4_lite_top.$proc$/work/rtl/axi4_lite_top.sv:272$154'.
  created $dff cell `$procdff$1358' with positive edge clock.
Creating register for signal `$paramod$73a3980ba8a68177b0617f0f620fd34f6ef3e417\axi4_lite_master.\read_data' using process `$paramod$73a3980ba8a68177b0617f0f620fd34f6ef3e417\axi4_lite_master.$proc$/work/rtl/axi4_lite_master.sv:200$298'.
  created $dff cell `$procdff$1359' with positive edge clock.
Creating register for signal `$paramod$73a3980ba8a68177b0617f0f620fd34f6ef3e417\axi4_lite_master.\read_resp' using process `$paramod$73a3980ba8a68177b0617f0f620fd34f6ef3e417\axi4_lite_master.$proc$/work/rtl/axi4_lite_master.sv:200$298'.
  created $dff cell `$procdff$1360' with positive edge clock.
Creating register for signal `$paramod$73a3980ba8a68177b0617f0f620fd34f6ef3e417\axi4_lite_master.\read_resp_valid' using process `$paramod$73a3980ba8a68177b0617f0f620fd34f6ef3e417\axi4_lite_master.$proc$/work/rtl/axi4_lite_master.sv:200$298'.
  created $dff cell `$procdff$1361' with positive edge clock.
Creating register for signal `$paramod$73a3980ba8a68177b0617f0f620fd34f6ef3e417\axi4_lite_master.\read_state' using process `$paramod$73a3980ba8a68177b0617f0f620fd34f6ef3e417\axi4_lite_master.$proc$/work/rtl/axi4_lite_master.sv:200$298'.
  created $dff cell `$procdff$1362' with positive edge clock.
Creating register for signal `$paramod$73a3980ba8a68177b0617f0f620fd34f6ef3e417\axi4_lite_master.\read_addr_reg' using process `$paramod$73a3980ba8a68177b0617f0f620fd34f6ef3e417\axi4_lite_master.$proc$/work/rtl/axi4_lite_master.sv:200$298'.
  created $dff cell `$procdff$1363' with positive edge clock.
Creating register for signal `$paramod$73a3980ba8a68177b0617f0f620fd34f6ef3e417\axi4_lite_master.\write_resp' using process `$paramod$73a3980ba8a68177b0617f0f620fd34f6ef3e417\axi4_lite_master.$proc$/work/rtl/axi4_lite_master.sv:112$287'.
  created $dff cell `$procdff$1364' with positive edge clock.
Creating register for signal `$paramod$73a3980ba8a68177b0617f0f620fd34f6ef3e417\axi4_lite_master.\write_resp_valid' using process `$paramod$73a3980ba8a68177b0617f0f620fd34f6ef3e417\axi4_lite_master.$proc$/work/rtl/axi4_lite_master.sv:112$287'.
  created $dff cell `$procdff$1365' with positive edge clock.
Creating register for signal `$paramod$73a3980ba8a68177b0617f0f620fd34f6ef3e417\axi4_lite_master.\write_state' using process `$paramod$73a3980ba8a68177b0617f0f620fd34f6ef3e417\axi4_lite_master.$proc$/work/rtl/axi4_lite_master.sv:112$287'.
  created $dff cell `$procdff$1366' with positive edge clock.
Creating register for signal `$paramod$73a3980ba8a68177b0617f0f620fd34f6ef3e417\axi4_lite_master.\write_addr_reg' using process `$paramod$73a3980ba8a68177b0617f0f620fd34f6ef3e417\axi4_lite_master.$proc$/work/rtl/axi4_lite_master.sv:112$287'.
  created $dff cell `$procdff$1367' with positive edge clock.
Creating register for signal `$paramod$73a3980ba8a68177b0617f0f620fd34f6ef3e417\axi4_lite_master.\write_data_reg' using process `$paramod$73a3980ba8a68177b0617f0f620fd34f6ef3e417\axi4_lite_master.$proc$/work/rtl/axi4_lite_master.sv:112$287'.
  created $dff cell `$procdff$1368' with positive edge clock.
Creating register for signal `$paramod$73a3980ba8a68177b0617f0f620fd34f6ef3e417\axi4_lite_master.\write_strb_reg' using process `$paramod$73a3980ba8a68177b0617f0f620fd34f6ef3e417\axi4_lite_master.$proc$/work/rtl/axi4_lite_master.sv:112$287'.
  created $dff cell `$procdff$1369' with positive edge clock.
Creating register for signal `$paramod$73a3980ba8a68177b0617f0f620fd34f6ef3e417\axi4_lite_master.\aw_done' using process `$paramod$73a3980ba8a68177b0617f0f620fd34f6ef3e417\axi4_lite_master.$proc$/work/rtl/axi4_lite_master.sv:112$287'.
  created $dff cell `$procdff$1370' with positive edge clock.
Creating register for signal `$paramod$73a3980ba8a68177b0617f0f620fd34f6ef3e417\axi4_lite_master.\w_done' using process `$paramod$73a3980ba8a68177b0617f0f620fd34f6ef3e417\axi4_lite_master.$proc$/work/rtl/axi4_lite_master.sv:112$287'.
  created $dff cell `$procdff$1371' with positive edge clock.
Creating register for signal `$paramod$7068ac09caa024df265143630f51c7da53a5c1cd\ram_slave.\rd_data' using process `$paramod$7068ac09caa024df265143630f51c7da53a5c1cd\ram_slave.$proc$/work/rtl/ram_slave.sv:126$279'.
  created $dff cell `$procdff$1372' with positive edge clock.
Creating register for signal `$paramod$7068ac09caa024df265143630f51c7da53a5c1cd\ram_slave.\rd_resp' using process `$paramod$7068ac09caa024df265143630f51c7da53a5c1cd\ram_slave.$proc$/work/rtl/ram_slave.sv:126$279'.
  created $dff cell `$procdff$1373' with positive edge clock.
Creating register for signal `$paramod$7068ac09caa024df265143630f51c7da53a5c1cd\ram_slave.\wr_resp' using process `$paramod$7068ac09caa024df265143630f51c7da53a5c1cd\ram_slave.$proc$/work/rtl/ram_slave.sv:66$229'.
  created $dff cell `$procdff$1374' with positive edge clock.
Creating register for signal `$paramod$7068ac09caa024df265143630f51c7da53a5c1cd\ram_slave.$memwr$\mem$/work/rtl/ram_slave.sv:82$225_ADDR' using process `$paramod$7068ac09caa024df265143630f51c7da53a5c1cd\ram_slave.$proc$/work/rtl/ram_slave.sv:66$229'.
  created $dff cell `$procdff$1375' with positive edge clock.
Creating register for signal `$paramod$7068ac09caa024df265143630f51c7da53a5c1cd\ram_slave.$memwr$\mem$/work/rtl/ram_slave.sv:82$225_DATA' using process `$paramod$7068ac09caa024df265143630f51c7da53a5c1cd\ram_slave.$proc$/work/rtl/ram_slave.sv:66$229'.
  created $dff cell `$procdff$1376' with positive edge clock.
Creating register for signal `$paramod$7068ac09caa024df265143630f51c7da53a5c1cd\ram_slave.$memwr$\mem$/work/rtl/ram_slave.sv:82$225_EN' using process `$paramod$7068ac09caa024df265143630f51c7da53a5c1cd\ram_slave.$proc$/work/rtl/ram_slave.sv:66$229'.
  created $dff cell `$procdff$1377' with positive edge clock.
Creating register for signal `$paramod$7068ac09caa024df265143630f51c7da53a5c1cd\ram_slave.$memwr$\mem$/work/rtl/ram_slave.sv:90$226_ADDR' using process `$paramod$7068ac09caa024df265143630f51c7da53a5c1cd\ram_slave.$proc$/work/rtl/ram_slave.sv:66$229'.
  created $dff cell `$procdff$1378' with positive edge clock.
Creating register for signal `$paramod$7068ac09caa024df265143630f51c7da53a5c1cd\ram_slave.$memwr$\mem$/work/rtl/ram_slave.sv:90$226_DATA' using process `$paramod$7068ac09caa024df265143630f51c7da53a5c1cd\ram_slave.$proc$/work/rtl/ram_slave.sv:66$229'.
  created $dff cell `$procdff$1379' with positive edge clock.
Creating register for signal `$paramod$7068ac09caa024df265143630f51c7da53a5c1cd\ram_slave.$memwr$\mem$/work/rtl/ram_slave.sv:90$226_EN' using process `$paramod$7068ac09caa024df265143630f51c7da53a5c1cd\ram_slave.$proc$/work/rtl/ram_slave.sv:66$229'.
  created $dff cell `$procdff$1380' with positive edge clock.
Creating register for signal `$paramod$7068ac09caa024df265143630f51c7da53a5c1cd\ram_slave.$memwr$\mem$/work/rtl/ram_slave.sv:98$227_ADDR' using process `$paramod$7068ac09caa024df265143630f51c7da53a5c1cd\ram_slave.$proc$/work/rtl/ram_slave.sv:66$229'.
  created $dff cell `$procdff$1381' with positive edge clock.
Creating register for signal `$paramod$7068ac09caa024df265143630f51c7da53a5c1cd\ram_slave.$memwr$\mem$/work/rtl/ram_slave.sv:98$227_DATA' using process `$paramod$7068ac09caa024df265143630f51c7da53a5c1cd\ram_slave.$proc$/work/rtl/ram_slave.sv:66$229'.
  created $dff cell `$procdff$1382' with positive edge clock.
Creating register for signal `$paramod$7068ac09caa024df265143630f51c7da53a5c1cd\ram_slave.$memwr$\mem$/work/rtl/ram_slave.sv:98$227_EN' using process `$paramod$7068ac09caa024df265143630f51c7da53a5c1cd\ram_slave.$proc$/work/rtl/ram_slave.sv:66$229'.
  created $dff cell `$procdff$1383' with positive edge clock.
Creating register for signal `$paramod$7068ac09caa024df265143630f51c7da53a5c1cd\ram_slave.$memwr$\mem$/work/rtl/ram_slave.sv:106$228_ADDR' using process `$paramod$7068ac09caa024df265143630f51c7da53a5c1cd\ram_slave.$proc$/work/rtl/ram_slave.sv:66$229'.
  created $dff cell `$procdff$1384' with positive edge clock.
Creating register for signal `$paramod$7068ac09caa024df265143630f51c7da53a5c1cd\ram_slave.$memwr$\mem$/work/rtl/ram_slave.sv:106$228_DATA' using process `$paramod$7068ac09caa024df265143630f51c7da53a5c1cd\ram_slave.$proc$/work/rtl/ram_slave.sv:66$229'.
  created $dff cell `$procdff$1385' with positive edge clock.
Creating register for signal `$paramod$7068ac09caa024df265143630f51c7da53a5c1cd\ram_slave.$memwr$\mem$/work/rtl/ram_slave.sv:106$228_EN' using process `$paramod$7068ac09caa024df265143630f51c7da53a5c1cd\ram_slave.$proc$/work/rtl/ram_slave.sv:66$229'.
  created $dff cell `$procdff$1386' with positive edge clock.
Creating register for signal `$paramod$73a3980ba8a68177b0617f0f620fd34f6ef3e417\gpio_slave.\rd_data' using process `$paramod$73a3980ba8a68177b0617f0f620fd34f6ef3e417\gpio_slave.$proc$/work/rtl/gpio_slave.sv:123$223'.
  created $dff cell `$procdff$1387' with positive edge clock.
Creating register for signal `$paramod$73a3980ba8a68177b0617f0f620fd34f6ef3e417\gpio_slave.\rd_resp' using process `$paramod$73a3980ba8a68177b0617f0f620fd34f6ef3e417\gpio_slave.$proc$/work/rtl/gpio_slave.sv:123$223'.
  created $dff cell `$procdff$1388' with positive edge clock.
Creating register for signal `$paramod$73a3980ba8a68177b0617f0f620fd34f6ef3e417\gpio_slave.\wr_resp' using process `$paramod$73a3980ba8a68177b0617f0f620fd34f6ef3e417\gpio_slave.$proc$/work/rtl/gpio_slave.sv:70$173'.
  created $dff cell `$procdff$1389' with positive edge clock.
Creating register for signal `$paramod$73a3980ba8a68177b0617f0f620fd34f6ef3e417\gpio_slave.\gpio_output' using process `$paramod$73a3980ba8a68177b0617f0f620fd34f6ef3e417\gpio_slave.$proc$/work/rtl/gpio_slave.sv:70$173'.
  created $dff cell `$procdff$1390' with positive edge clock.
Creating register for signal `$paramod$73a3980ba8a68177b0617f0f620fd34f6ef3e417\gpio_slave.\gpio_direction' using process `$paramod$73a3980ba8a68177b0617f0f620fd34f6ef3e417\gpio_slave.$proc$/work/rtl/gpio_slave.sv:70$173'.
  created $dff cell `$procdff$1391' with positive edge clock.
Creating register for signal `$paramod$73a3980ba8a68177b0617f0f620fd34f6ef3e417\gpio_slave.\gpio_output_next' using process `$paramod$73a3980ba8a68177b0617f0f620fd34f6ef3e417\gpio_slave.$proc$/work/rtl/gpio_slave.sv:70$173'.
  created $dff cell `$procdff$1392' with positive edge clock.
Creating register for signal `$paramod$73a3980ba8a68177b0617f0f620fd34f6ef3e417\gpio_slave.\gpio_direction_next' using process `$paramod$73a3980ba8a68177b0617f0f620fd34f6ef3e417\gpio_slave.$proc$/work/rtl/gpio_slave.sv:70$173'.
  created $dff cell `$procdff$1393' with positive edge clock.
Creating register for signal `$paramod$73a3980ba8a68177b0617f0f620fd34f6ef3e417\gpio_slave.\apply_wstrb$func$/work/rtl/gpio_slave.sv:82$171.new_value' using process `$paramod$73a3980ba8a68177b0617f0f620fd34f6ef3e417\gpio_slave.$proc$/work/rtl/gpio_slave.sv:70$173'.
  created $dff cell `$procdff$1394' with positive edge clock.
Creating register for signal `$paramod$73a3980ba8a68177b0617f0f620fd34f6ef3e417\gpio_slave.\apply_wstrb$func$/work/rtl/gpio_slave.sv:82$171.current_value' using process `$paramod$73a3980ba8a68177b0617f0f620fd34f6ef3e417\gpio_slave.$proc$/work/rtl/gpio_slave.sv:70$173'.
  created $dff cell `$procdff$1395' with positive edge clock.
Creating register for signal `$paramod$73a3980ba8a68177b0617f0f620fd34f6ef3e417\gpio_slave.\apply_wstrb$func$/work/rtl/gpio_slave.sv:82$171.data' using process `$paramod$73a3980ba8a68177b0617f0f620fd34f6ef3e417\gpio_slave.$proc$/work/rtl/gpio_slave.sv:70$173'.
  created $dff cell `$procdff$1396' with positive edge clock.
Creating register for signal `$paramod$73a3980ba8a68177b0617f0f620fd34f6ef3e417\gpio_slave.\apply_wstrb$func$/work/rtl/gpio_slave.sv:82$171.strb' using process `$paramod$73a3980ba8a68177b0617f0f620fd34f6ef3e417\gpio_slave.$proc$/work/rtl/gpio_slave.sv:70$173'.
  created $dff cell `$procdff$1397' with positive edge clock.
Creating register for signal `$paramod$73a3980ba8a68177b0617f0f620fd34f6ef3e417\gpio_slave.\apply_wstrb$func$/work/rtl/gpio_slave.sv:82$171.i' using process `$paramod$73a3980ba8a68177b0617f0f620fd34f6ef3e417\gpio_slave.$proc$/work/rtl/gpio_slave.sv:70$173'.
  created $dff cell `$procdff$1398' with positive edge clock.
Creating register for signal `$paramod$73a3980ba8a68177b0617f0f620fd34f6ef3e417\gpio_slave.\apply_wstrb$func$/work/rtl/gpio_slave.sv:94$172.new_value' using process `$paramod$73a3980ba8a68177b0617f0f620fd34f6ef3e417\gpio_slave.$proc$/work/rtl/gpio_slave.sv:70$173'.
  created $dff cell `$procdff$1399' with positive edge clock.
Creating register for signal `$paramod$73a3980ba8a68177b0617f0f620fd34f6ef3e417\gpio_slave.\apply_wstrb$func$/work/rtl/gpio_slave.sv:94$172.current_value' using process `$paramod$73a3980ba8a68177b0617f0f620fd34f6ef3e417\gpio_slave.$proc$/work/rtl/gpio_slave.sv:70$173'.
  created $dff cell `$procdff$1400' with positive edge clock.
Creating register for signal `$paramod$73a3980ba8a68177b0617f0f620fd34f6ef3e417\gpio_slave.\apply_wstrb$func$/work/rtl/gpio_slave.sv:94$172.data' using process `$paramod$73a3980ba8a68177b0617f0f620fd34f6ef3e417\gpio_slave.$proc$/work/rtl/gpio_slave.sv:70$173'.
  created $dff cell `$procdff$1401' with positive edge clock.
Creating register for signal `$paramod$73a3980ba8a68177b0617f0f620fd34f6ef3e417\gpio_slave.\apply_wstrb$func$/work/rtl/gpio_slave.sv:94$172.strb' using process `$paramod$73a3980ba8a68177b0617f0f620fd34f6ef3e417\gpio_slave.$proc$/work/rtl/gpio_slave.sv:70$173'.
  created $dff cell `$procdff$1402' with positive edge clock.
Creating register for signal `$paramod$73a3980ba8a68177b0617f0f620fd34f6ef3e417\gpio_slave.\apply_wstrb$func$/work/rtl/gpio_slave.sv:94$172.i' using process `$paramod$73a3980ba8a68177b0617f0f620fd34f6ef3e417\gpio_slave.$proc$/work/rtl/gpio_slave.sv:70$173'.
  created $dff cell `$procdff$1403' with positive edge clock.

8.10. Executing PROC_MEMWR pass (convert process memory writes to cells).

8.11. Executing PROC_CLEAN pass (remove empty switches from decision trees).
Found and cleaned up 7 empty switches in `\axi4_lite_top.$proc$/work/rtl/axi4_lite_top.sv:451$167'.
Removing empty process `axi4_lite_top.$proc$/work/rtl/axi4_lite_top.sv:451$167'.
Found and cleaned up 3 empty switches in `\axi4_lite_top.$proc$/work/rtl/axi4_lite_top.sv:415$162'.
Removing empty process `axi4_lite_top.$proc$/work/rtl/axi4_lite_top.sv:415$162'.
Found and cleaned up 1 empty switch in `\axi4_lite_top.$proc$/work/rtl/axi4_lite_top.sv:400$160'.
Removing empty process `axi4_lite_top.$proc$/work/rtl/axi4_lite_top.sv:400$160'.
Found and cleaned up 7 empty switches in `\axi4_lite_top.$proc$/work/rtl/axi4_lite_top.sv:272$154'.
Removing empty process `axi4_lite_top.$proc$/work/rtl/axi4_lite_top.sv:272$154'.
Found and cleaned up 3 empty switches in `\axi4_lite_top.$proc$/work/rtl/axi4_lite_top.sv:233$147'.
Removing empty process `axi4_lite_top.$proc$/work/rtl/axi4_lite_top.sv:233$147'.
Found and cleaned up 1 empty switch in `\axi4_lite_top.$proc$/work/rtl/axi4_lite_top.sv:216$145'.
Removing empty process `axi4_lite_top.$proc$/work/rtl/axi4_lite_top.sv:216$145'.
Found and cleaned up 5 empty switches in `$paramod$73a3980ba8a68177b0617f0f620fd34f6ef3e417\axi4_lite_master.$proc$/work/rtl/axi4_lite_master.sv:200$298'.
Removing empty process `$paramod$73a3980ba8a68177b0617f0f620fd34f6ef3e417\axi4_lite_master.$proc$/work/rtl/axi4_lite_master.sv:200$298'.
Found and cleaned up 7 empty switches in `$paramod$73a3980ba8a68177b0617f0f620fd34f6ef3e417\axi4_lite_master.$proc$/work/rtl/axi4_lite_master.sv:112$287'.
Removing empty process `$paramod$73a3980ba8a68177b0617f0f620fd34f6ef3e417\axi4_lite_master.$proc$/work/rtl/axi4_lite_master.sv:112$287'.
Found and cleaned up 2 empty switches in `$paramod\axi4_lite_addr_decoder\ADDR_WIDTH=s32'00000000000000000000000000100000.$proc$/work/rtl/axi4_lite_addr_decoder.sv:24$282'.
Removing empty process `$paramod\axi4_lite_addr_decoder\ADDR_WIDTH=s32'00000000000000000000000000100000.$proc$/work/rtl/axi4_lite_addr_decoder.sv:24$282'.
Found and cleaned up 2 empty switches in `$paramod$7068ac09caa024df265143630f51c7da53a5c1cd\ram_slave.$proc$/work/rtl/ram_slave.sv:126$279'.
Removing empty process `$paramod$7068ac09caa024df265143630f51c7da53a5c1cd\ram_slave.$proc$/work/rtl/ram_slave.sv:126$279'.
Found and cleaned up 6 empty switches in `$paramod$7068ac09caa024df265143630f51c7da53a5c1cd\ram_slave.$proc$/work/rtl/ram_slave.sv:66$229'.
Removing empty process `$paramod$7068ac09caa024df265143630f51c7da53a5c1cd\ram_slave.$proc$/work/rtl/ram_slave.sv:66$229'.
Found and cleaned up 3 empty switches in `$paramod$73a3980ba8a68177b0617f0f620fd34f6ef3e417\gpio_slave.$proc$/work/rtl/gpio_slave.sv:123$223'.
Removing empty process `$paramod$73a3980ba8a68177b0617f0f620fd34f6ef3e417\gpio_slave.$proc$/work/rtl/gpio_slave.sv:123$223'.
Found and cleaned up 11 empty switches in `$paramod$73a3980ba8a68177b0617f0f620fd34f6ef3e417\gpio_slave.$proc$/work/rtl/gpio_slave.sv:70$173'.
Removing empty process `$paramod$73a3980ba8a68177b0617f0f620fd34f6ef3e417\gpio_slave.$proc$/work/rtl/gpio_slave.sv:70$173'.
Cleaned up 58 empty switches.

8.12. Executing OPT_EXPR pass (perform const folding).
Optimizing module axi4_lite_top.
<suppressed ~23 debug messages>
Optimizing module $paramod$73a3980ba8a68177b0617f0f620fd34f6ef3e417\axi4_lite_master.
<suppressed ~23 debug messages>
Optimizing module $paramod\axi4_lite_addr_decoder\ADDR_WIDTH=s32'00000000000000000000000000100000.
Optimizing module $paramod$7068ac09caa024df265143630f51c7da53a5c1cd\ram_slave.
<suppressed ~39 debug messages>
Optimizing module $paramod$73a3980ba8a68177b0617f0f620fd34f6ef3e417\gpio_slave.
<suppressed ~72 debug messages>

9. Executing OPT pass (performing simple optimizations).

9.1. Executing OPT_EXPR pass (perform const folding).
Optimizing module axi4_lite_top.
Optimizing module $paramod$73a3980ba8a68177b0617f0f620fd34f6ef3e417\axi4_lite_master.
Optimizing module $paramod\axi4_lite_addr_decoder\ADDR_WIDTH=s32'00000000000000000000000000100000.
Optimizing module $paramod$7068ac09caa024df265143630f51c7da53a5c1cd\ram_slave.
Optimizing module $paramod$73a3980ba8a68177b0617f0f620fd34f6ef3e417\gpio_slave.

9.2. Executing OPT_MERGE pass (detect identical cells).
Finding identical cells in module `\axi4_lite_top'.
Computing hashes of 125 cells of `\axi4_lite_top'.
Finding duplicate cells in `\axi4_lite_top'.
Computing hashes of 103 cells of `\axi4_lite_top'.
Finding duplicate cells in `\axi4_lite_top'.
<suppressed ~66 debug messages>
Finding identical cells in module `$paramod$73a3980ba8a68177b0617f0f620fd34f6ef3e417\axi4_lite_master'.
Computing hashes of 100 cells of `$paramod$73a3980ba8a68177b0617f0f620fd34f6ef3e417\axi4_lite_master'.
Finding duplicate cells in `$paramod$73a3980ba8a68177b0617f0f620fd34f6ef3e417\axi4_lite_master'.
Computing hashes of 77 cells of `$paramod$73a3980ba8a68177b0617f0f620fd34f6ef3e417\axi4_lite_master'.
Finding duplicate cells in `$paramod$73a3980ba8a68177b0617f0f620fd34f6ef3e417\axi4_lite_master'.
<suppressed ~69 debug messages>
Finding identical cells in module `$paramod\axi4_lite_addr_decoder\ADDR_WIDTH=s32'00000000000000000000000000100000'.
Computing hashes of 11 cells of `$paramod\axi4_lite_addr_decoder\ADDR_WIDTH=s32'00000000000000000000000000100000'.
Finding duplicate cells in `$paramod\axi4_lite_addr_decoder\ADDR_WIDTH=s32'00000000000000000000000000100000'.
Finding identical cells in module `$paramod$7068ac09caa024df265143630f51c7da53a5c1cd\ram_slave'.
Computing hashes of 100 cells of `$paramod$7068ac09caa024df265143630f51c7da53a5c1cd\ram_slave'.
Finding duplicate cells in `$paramod$7068ac09caa024df265143630f51c7da53a5c1cd\ram_slave'.
Computing hashes of 99 cells of `$paramod$7068ac09caa024df265143630f51c7da53a5c1cd\ram_slave'.
Finding duplicate cells in `$paramod$7068ac09caa024df265143630f51c7da53a5c1cd\ram_slave'.
<suppressed ~3 debug messages>
Finding identical cells in module `$paramod$73a3980ba8a68177b0617f0f620fd34f6ef3e417\gpio_slave'.
Computing hashes of 192 cells of `$paramod$73a3980ba8a68177b0617f0f620fd34f6ef3e417\gpio_slave'.
Finding duplicate cells in `$paramod$73a3980ba8a68177b0617f0f620fd34f6ef3e417\gpio_slave'.
Computing hashes of 152 cells of `$paramod$73a3980ba8a68177b0617f0f620fd34f6ef3e417\gpio_slave'.
Finding duplicate cells in `$paramod$73a3980ba8a68177b0617f0f620fd34f6ef3e417\gpio_slave'.
<suppressed ~120 debug messages>
Removed a total of 86 cells.

9.3. Executing OPT_MUXTREE pass (detect dead branches in mux trees).
Running muxtree optimizer on module \axi4_lite_top..
  Creating internal representation of mux trees.
  Evaluating internal representation of mux trees.
  Analyzing evaluation results.
    dead port 2/2 on $mux $procmux$407.
    dead port 2/2 on $mux $procmux$401.
    dead port 2/2 on $mux $procmux$395.
    dead port 1/2 on $mux $procmux$393.
    dead port 2/2 on $mux $procmux$496.
    dead port 2/2 on $mux $procmux$490.
    dead port 2/2 on $mux $procmux$484.
    dead port 1/2 on $mux $procmux$482.
Running muxtree optimizer on module $paramod$73a3980ba8a68177b0617f0f620fd34f6ef3e417\axi4_lite_master..
  Creating internal representation of mux trees.
  Evaluating internal representation of mux trees.
  Analyzing evaluation results.
Running muxtree optimizer on module $paramod\axi4_lite_addr_decoder\ADDR_WIDTH=s32'00000000000000000000000000100000..
  Creating internal representation of mux trees.
  Evaluating internal representation of mux trees.
  Analyzing evaluation results.
    dead port 1/2 on $mux $procmux$648.
    dead port 1/2 on $mux $procmux$642.
Running muxtree optimizer on module $paramod$7068ac09caa024df265143630f51c7da53a5c1cd\ram_slave..
  Creating internal representation of mux trees.
  Evaluating internal representation of mux trees.
  Analyzing evaluation results.
    dead port 2/2 on $mux $procmux$847.
    dead port 2/2 on $mux $procmux$841.
    dead port 2/2 on $mux $procmux$835.
    dead port 2/2 on $mux $procmux$829.
    dead port 2/2 on $mux $procmux$823.
    dead port 2/2 on $mux $procmux$817.
    dead port 2/2 on $mux $procmux$811.
    dead port 2/2 on $mux $procmux$805.
    dead port 2/2 on $mux $procmux$799.
    dead port 2/2 on $mux $procmux$793.
    dead port 2/2 on $mux $procmux$787.
    dead port 2/2 on $mux $procmux$781.
    dead port 2/2 on $mux $procmux$775.
    dead port 2/2 on $mux $procmux$772.
    dead port 2/2 on $mux $procmux$766.
    dead port 2/2 on $mux $procmux$763.
    dead port 2/2 on $mux $procmux$757.
    dead port 2/2 on $mux $procmux$754.
    dead port 2/2 on $mux $procmux$748.
    dead port 2/2 on $mux $procmux$745.
    dead port 2/2 on $mux $procmux$739.
    dead port 2/2 on $mux $procmux$736.
    dead port 2/2 on $mux $procmux$730.
    dead port 2/2 on $mux $procmux$727.
    dead port 2/2 on $mux $procmux$721.
    dead port 2/2 on $mux $procmux$718.
    dead port 2/2 on $mux $procmux$712.
    dead port 2/2 on $mux $procmux$709.
    dead port 2/2 on $mux $procmux$703.
    dead port 2/2 on $mux $procmux$700.
    dead port 2/2 on $mux $procmux$694.
    dead port 2/2 on $mux $procmux$691.
    dead port 2/2 on $mux $procmux$685.
    dead port 2/2 on $mux $procmux$682.
    dead port 2/2 on $mux $procmux$676.
    dead port 2/2 on $mux $procmux$673.
Running muxtree optimizer on module $paramod$73a3980ba8a68177b0617f0f620fd34f6ef3e417\gpio_slave..
  Creating internal representation of mux trees.
  Evaluating internal representation of mux trees.
  Analyzing evaluation results.
    dead port 1/2 on $mux $procmux$1284.
    dead port 2/2 on $mux $procmux$1284.
    dead port 1/2 on $mux $procmux$1281.
    dead port 2/2 on $mux $procmux$1281.
    dead port 2/2 on $mux $procmux$1278.
    dead port 2/2 on $mux $procmux$1272.
    dead port 1/2 on $mux $procmux$1266.
    dead port 2/2 on $mux $procmux$1266.
    dead port 1/2 on $mux $procmux$1263.
    dead port 2/2 on $mux $procmux$1263.
    dead port 1/2 on $mux $procmux$1260.
    dead port 2/2 on $mux $procmux$1260.
    dead port 1/2 on $mux $procmux$1257.
    dead port 2/2 on $mux $procmux$1257.
    dead port 1/2 on $mux $procmux$1254.
    dead port 2/2 on $mux $procmux$1254.
    dead port 1/2 on $mux $procmux$1251.
    dead port 2/2 on $mux $procmux$1251.
    dead port 1/2 on $mux $procmux$1248.
    dead port 2/2 on $mux $procmux$1248.
    dead port 1/2 on $mux $procmux$1245.
    dead port 2/2 on $mux $procmux$1245.
    dead port 1/2 on $mux $procmux$1242.
    dead port 2/2 on $mux $procmux$1242.
    dead port 1/2 on $mux $procmux$1239.
    dead port 2/2 on $mux $procmux$1239.
    dead port 1/2 on $mux $procmux$1236.
    dead port 2/2 on $mux $procmux$1236.
    dead port 1/2 on $mux $procmux$1233.
    dead port 2/2 on $mux $procmux$1233.
    dead port 1/2 on $mux $procmux$1230.
    dead port 2/2 on $mux $procmux$1230.
    dead port 1/2 on $mux $procmux$1227.
    dead port 2/2 on $mux $procmux$1227.
    dead port 1/2 on $mux $procmux$1224.
    dead port 2/2 on $mux $procmux$1224.
    dead port 1/2 on $mux $procmux$1221.
    dead port 2/2 on $mux $procmux$1221.
    dead port 1/2 on $mux $procmux$1218.
    dead port 2/2 on $mux $procmux$1218.
    dead port 1/2 on $mux $procmux$1215.
    dead port 2/2 on $mux $procmux$1215.
    dead port 1/2 on $mux $procmux$1212.
    dead port 2/2 on $mux $procmux$1212.
    dead port 1/2 on $mux $procmux$1209.
    dead port 2/2 on $mux $procmux$1209.
    dead port 2/2 on $mux $procmux$1206.
    dead port 2/2 on $mux $procmux$1203.
    dead port 1/2 on $mux $procmux$1196.
    dead port 2/2 on $mux $procmux$1196.
    dead port 1/2 on $mux $procmux$1193.
    dead port 2/2 on $mux $procmux$1193.
    dead port 1/2 on $mux $procmux$1191.
    dead port 2/2 on $mux $procmux$1191.
    dead port 1/2 on $mux $procmux$1185.
    dead port 2/2 on $mux $procmux$1185.
    dead port 1/2 on $mux $procmux$1182.
    dead port 2/2 on $mux $procmux$1182.
    dead port 1/2 on $mux $procmux$1180.
    dead port 2/2 on $mux $procmux$1180.
    dead port 1/2 on $mux $procmux$1175.
    dead port 2/2 on $mux $procmux$1175.
    dead port 1/2 on $mux $procmux$1172.
    dead port 2/2 on $mux $procmux$1172.
    dead port 1/2 on $mux $procmux$1170.
    dead port 2/2 on $mux $procmux$1170.
    dead port 1/2 on $mux $procmux$1165.
    dead port 2/2 on $mux $procmux$1165.
    dead port 1/2 on $mux $procmux$1162.
    dead port 2/2 on $mux $procmux$1162.
    dead port 1/2 on $mux $procmux$1160.
    dead port 2/2 on $mux $procmux$1160.
    dead port 1/2 on $mux $procmux$1155.
    dead port 2/2 on $mux $procmux$1155.
    dead port 1/2 on $mux $procmux$1152.
    dead port 2/2 on $mux $procmux$1152.
    dead port 1/2 on $mux $procmux$1150.
    dead port 2/2 on $mux $procmux$1150.
    dead port 1/2 on $mux $procmux$1145.
    dead port 2/2 on $mux $procmux$1145.
    dead port 1/2 on $mux $procmux$1142.
    dead port 2/2 on $mux $procmux$1142.
    dead port 1/2 on $mux $procmux$1140.
    dead port 2/2 on $mux $procmux$1140.
    dead port 1/2 on $mux $procmux$1134.
    dead port 2/2 on $mux $procmux$1134.
    dead port 1/2 on $mux $procmux$1131.
    dead port 2/2 on $mux $procmux$1131.
    dead port 1/2 on $mux $procmux$1129.
    dead port 2/2 on $mux $procmux$1129.
    dead port 1/2 on $mux $procmux$1123.
    dead port 2/2 on $mux $procmux$1123.
    dead port 1/2 on $mux $procmux$1120.
    dead port 2/2 on $mux $procmux$1120.
    dead port 1/2 on $mux $procmux$1118.
    dead port 2/2 on $mux $procmux$1118.
    dead port 2/2 on $mux $procmux$1112.
    dead port 2/2 on $mux $procmux$1109.
    dead port 2/2 on $mux $procmux$1107.
    dead port 2/2 on $mux $procmux$1098.
    dead port 2/2 on $mux $procmux$1095.
    dead port 2/2 on $mux $procmux$1093.
    dead port 1/2 on $mux $procmux$1085.
    dead port 2/2 on $mux $procmux$1085.
    dead port 1/2 on $mux $procmux$1082.
    dead port 2/2 on $mux $procmux$1082.
    dead port 1/2 on $mux $procmux$1080.
    dead port 2/2 on $mux $procmux$1080.
    dead port 1/2 on $mux $procmux$1075.
    dead port 2/2 on $mux $procmux$1075.
    dead port 1/2 on $mux $procmux$1072.
    dead port 2/2 on $mux $procmux$1072.
    dead port 1/2 on $mux $procmux$1070.
    dead port 2/2 on $mux $procmux$1070.
    dead port 1/2 on $mux $procmux$1064.
    dead port 2/2 on $mux $procmux$1064.
    dead port 1/2 on $mux $procmux$1061.
    dead port 2/2 on $mux $procmux$1061.
    dead port 1/2 on $mux $procmux$1059.
    dead port 2/2 on $mux $procmux$1059.
    dead port 2/2 on $mux $procmux$1053.
    dead port 2/2 on $mux $procmux$1050.
    dead port 2/2 on $mux $procmux$1042.
    dead port 2/2 on $mux $procmux$1039.
    dead port 2/2 on $mux $procmux$1037.
    dead port 2/2 on $mux $procmux$1028.
    dead port 2/2 on $mux $procmux$1025.
    dead port 2/2 on $mux $procmux$1023.
    dead port 2/2 on $mux $procmux$1014.
    dead port 2/2 on $mux $procmux$1011.
    dead port 2/2 on $mux $procmux$1009.
    dead port 1/2 on $mux $procmux$1000.
    dead port 2/2 on $mux $procmux$1000.
    dead port 1/2 on $mux $procmux$997.
    dead port 2/2 on $mux $procmux$997.
    dead port 1/2 on $mux $procmux$995.
    dead port 2/2 on $mux $procmux$995.
    dead port 1/2 on $mux $procmux$989.
    dead port 2/2 on $mux $procmux$989.
    dead port 1/2 on $mux $procmux$986.
    dead port 2/2 on $mux $procmux$986.
    dead port 1/2 on $mux $procmux$984.
    dead port 2/2 on $mux $procmux$984.
    dead port 1/2 on $mux $procmux$978.
    dead port 2/2 on $mux $procmux$978.
    dead port 1/2 on $mux $procmux$975.
    dead port 2/2 on $mux $procmux$975.
    dead port 1/2 on $mux $procmux$973.
    dead port 2/2 on $mux $procmux$973.
    dead port 1/2 on $mux $procmux$968.
    dead port 2/2 on $mux $procmux$968.
    dead port 1/2 on $mux $procmux$965.
    dead port 2/2 on $mux $procmux$965.
    dead port 1/2 on $mux $procmux$963.
    dead port 2/2 on $mux $procmux$963.
    dead port 2/2 on $mux $procmux$958.
    dead port 2/2 on $mux $procmux$955.
    dead port 2/2 on $mux $procmux$953.
    dead port 1/2 on $mux $procmux$1308.
    dead port 2/2 on $mux $procmux$1308.
    dead port 2/2 on $mux $procmux$945.
    dead port 2/2 on $mux $procmux$942.
    dead port 2/2 on $mux $procmux$940.
    dead port 1/2 on $mux $procmux$1305.
    dead port 2/2 on $mux $procmux$1305.
    dead port 2/2 on $mux $procmux$932.
    dead port 2/2 on $mux $procmux$929.
    dead port 2/2 on $mux $procmux$927.
    dead port 1/2 on $mux $procmux$1302.
    dead port 2/2 on $mux $procmux$1302.
    dead port 1/2 on $mux $procmux$919.
    dead port 2/2 on $mux $procmux$919.
    dead port 1/2 on $mux $procmux$916.
    dead port 2/2 on $mux $procmux$916.
    dead port 1/2 on $mux $procmux$914.
    dead port 2/2 on $mux $procmux$914.
    dead port 1/2 on $mux $procmux$1299.
    dead port 2/2 on $mux $procmux$1299.
    dead port 1/2 on $mux $procmux$1296.
    dead port 2/2 on $mux $procmux$1296.
    dead port 1/2 on $mux $procmux$1293.
    dead port 2/2 on $mux $procmux$1293.
    dead port 1/2 on $mux $procmux$1290.
    dead port 2/2 on $mux $procmux$1290.
    dead port 1/2 on $mux $procmux$1287.
    dead port 2/2 on $mux $procmux$1287.
Removed 232 multiplexer ports.
<suppressed ~381 debug messages>

9.4. Executing OPT_REDUCE pass (consolidate $*mux and $reduce_* inputs).
  Optimizing cells in module \axi4_lite_top.
  Optimizing cells in module $paramod$73a3980ba8a68177b0617f0f620fd34f6ef3e417\axi4_lite_master.
  Optimizing cells in module $paramod\axi4_lite_addr_decoder\ADDR_WIDTH=s32'00000000000000000000000000100000.
  Optimizing cells in module $paramod$7068ac09caa024df265143630f51c7da53a5c1cd\ram_slave.
    Consolidated identical input bits for $mux cell $procmux$752:
      Old ports: A=0, B=255, Y=$procmux$752_Y
      New ports: A=1'0, B=1'1, Y=$procmux$752_Y [0]
      New connections: $procmux$752_Y [31:1] = { 24'000000000000000000000000 $procmux$752_Y [0] $procmux$752_Y [0] $procmux$752_Y [0] $procmux$752_Y [0] $procmux$752_Y [0] $procmux$752_Y [0] $procmux$752_Y [0] }
    Consolidated identical input bits for $mux cell $procmux$725:
      Old ports: A=0, B=65280, Y=$procmux$725_Y
      New ports: A=1'0, B=1'1, Y=$procmux$725_Y [8]
      New connections: { $procmux$725_Y [31:9] $procmux$725_Y [7:0] } = { 16'0000000000000000 $procmux$725_Y [8] $procmux$725_Y [8] $procmux$725_Y [8] $procmux$725_Y [8] $procmux$725_Y [8] $procmux$725_Y [8] $procmux$725_Y [8] 8'00000000 }
    Consolidated identical input bits for $mux cell $procmux$698:
      Old ports: A=0, B=16711680, Y=$procmux$698_Y
      New ports: A=1'0, B=1'1, Y=$procmux$698_Y [16]
      New connections: { $procmux$698_Y [31:17] $procmux$698_Y [15:0] } = { 8'00000000 $procmux$698_Y [16] $procmux$698_Y [16] $procmux$698_Y [16] $procmux$698_Y [16] $procmux$698_Y [16] $procmux$698_Y [16] $procmux$698_Y [16] 16'0000000000000000 }
    Consolidated identical input bits for $mux cell $procmux$671:
      Old ports: A=0, B=32'11111111000000000000000000000000, Y=$procmux$671_Y
      New ports: A=1'0, B=1'1, Y=$procmux$671_Y [24]
      New connections: { $procmux$671_Y [31:25] $procmux$671_Y [23:0] } = { $procmux$671_Y [24] $procmux$671_Y [24] $procmux$671_Y [24] $procmux$671_Y [24] $procmux$671_Y [24] $procmux$671_Y [24] $procmux$671_Y [24] 24'000000000000000000000000 }
  Optimizing cells in module $paramod$7068ac09caa024df265143630f51c7da53a5c1cd\ram_slave.
    Consolidated identical input bits for $mux cell $procmux$832:
      Old ports: A=0, B=$3$memwr$\mem$/work/rtl/ram_slave.sv:82$225_EN[31:0]$269, Y=$procmux$832_Y
      New ports: A=1'0, B=$procmux$752_Y [0], Y=$procmux$832_Y [0]
      New connections: $procmux$832_Y [31:1] = { 24'000000000000000000000000 $procmux$832_Y [0] $procmux$832_Y [0] $procmux$832_Y [0] $procmux$832_Y [0] $procmux$832_Y [0] $procmux$832_Y [0] $procmux$832_Y [0] }
    Consolidated identical input bits for $mux cell $procmux$814:
      Old ports: A=0, B=$3$memwr$\mem$/work/rtl/ram_slave.sv:90$226_EN[31:0]$272, Y=$procmux$814_Y
      New ports: A=1'0, B=$procmux$725_Y [8], Y=$procmux$814_Y [8]
      New connections: { $procmux$814_Y [31:9] $procmux$814_Y [7:0] } = { 16'0000000000000000 $procmux$814_Y [8] $procmux$814_Y [8] $procmux$814_Y [8] $procmux$814_Y [8] $procmux$814_Y [8] $procmux$814_Y [8] $procmux$814_Y [8] 8'00000000 }
    Consolidated identical input bits for $mux cell $procmux$796:
      Old ports: A=0, B=$3$memwr$\mem$/work/rtl/ram_slave.sv:98$227_EN[31:0]$275, Y=$procmux$796_Y
      New ports: A=1'0, B=$procmux$698_Y [16], Y=$procmux$796_Y [16]
      New connections: { $procmux$796_Y [31:17] $procmux$796_Y [15:0] } = { 8'00000000 $procmux$796_Y [16] $procmux$796_Y [16] $procmux$796_Y [16] $procmux$796_Y [16] $procmux$796_Y [16] $procmux$796_Y [16] $procmux$796_Y [16] 16'0000000000000000 }
    Consolidated identical input bits for $mux cell $procmux$778:
      Old ports: A=0, B=$3$memwr$\mem$/work/rtl/ram_slave.sv:106$228_EN[31:0]$278, Y=$procmux$778_Y
      New ports: A=1'0, B=$procmux$671_Y [24], Y=$procmux$778_Y [24]
      New connections: { $procmux$778_Y [31:25] $procmux$778_Y [23:0] } = { $procmux$778_Y [24] $procmux$778_Y [24] $procmux$778_Y [24] $procmux$778_Y [24] $procmux$778_Y [24] $procmux$778_Y [24] $procmux$778_Y [24] 24'000000000000000000000000 }
  Optimizing cells in module $paramod$7068ac09caa024df265143630f51c7da53a5c1cd\ram_slave.
    Consolidated identical input bits for $mux cell $procmux$877:
      Old ports: A=0, B=$2$memwr$\mem$/work/rtl/ram_slave.sv:82$225_EN[31:0]$257, Y=$procmux$877_Y
      New ports: A=1'0, B=$procmux$832_Y [0], Y=$procmux$877_Y [0]
      New connections: $procmux$877_Y [31:1] = { 24'000000000000000000000000 $procmux$877_Y [0] $procmux$877_Y [0] $procmux$877_Y [0] $procmux$877_Y [0] $procmux$877_Y [0] $procmux$877_Y [0] $procmux$877_Y [0] }
    Consolidated identical input bits for $mux cell $procmux$868:
      Old ports: A=0, B=$2$memwr$\mem$/work/rtl/ram_slave.sv:90$226_EN[31:0]$260, Y=$procmux$868_Y
      New ports: A=1'0, B=$procmux$814_Y [8], Y=$procmux$868_Y [8]
      New connections: { $procmux$868_Y [31:9] $procmux$868_Y [7:0] } = { 16'0000000000000000 $procmux$868_Y [8] $procmux$868_Y [8] $procmux$868_Y [8] $procmux$868_Y [8] $procmux$868_Y [8] $procmux$868_Y [8] $procmux$868_Y [8] 8'00000000 }
    Consolidated identical input bits for $mux cell $procmux$859:
      Old ports: A=0, B=$2$memwr$\mem$/work/rtl/ram_slave.sv:98$227_EN[31:0]$263, Y=$procmux$859_Y
      New ports: A=1'0, B=$procmux$796_Y [16], Y=$procmux$859_Y [16]
      New connections: { $procmux$859_Y [31:17] $procmux$859_Y [15:0] } = { 8'00000000 $procmux$859_Y [16] $procmux$859_Y [16] $procmux$859_Y [16] $procmux$859_Y [16] $procmux$859_Y [16] $procmux$859_Y [16] $procmux$859_Y [16] 16'0000000000000000 }
    Consolidated identical input bits for $mux cell $procmux$850:
      Old ports: A=0, B=$2$memwr$\mem$/work/rtl/ram_slave.sv:106$228_EN[31:0]$266, Y=$procmux$850_Y
      New ports: A=1'0, B=$procmux$778_Y [24], Y=$procmux$850_Y [24]
      New connections: { $procmux$850_Y [31:25] $procmux$850_Y [23:0] } = { $procmux$850_Y [24] $procmux$850_Y [24] $procmux$850_Y [24] $procmux$850_Y [24] $procmux$850_Y [24] $procmux$850_Y [24] $procmux$850_Y [24] 24'000000000000000000000000 }
  Optimizing cells in module $paramod$7068ac09caa024df265143630f51c7da53a5c1cd\ram_slave.
  Optimizing cells in module $paramod$73a3980ba8a68177b0617f0f620fd34f6ef3e417\gpio_slave.
    New ctrl vector for $pmux cell $procmux$1340: $auto$opt_reduce.cc:137:opt_pmux$1409
    New ctrl vector for $pmux cell $procmux$892: $auto$opt_reduce.cc:137:opt_pmux$1411
  Optimizing cells in module $paramod$73a3980ba8a68177b0617f0f620fd34f6ef3e417\gpio_slave.
Performed a total of 14 changes.

9.5. Executing OPT_MERGE pass (detect identical cells).
Finding identical cells in module `\axi4_lite_top'.
Computing hashes of 95 cells of `\axi4_lite_top'.
Finding duplicate cells in `\axi4_lite_top'.
Computing hashes of 94 cells of `\axi4_lite_top'.
Finding duplicate cells in `\axi4_lite_top'.
<suppressed ~3 debug messages>
Finding identical cells in module `$paramod$73a3980ba8a68177b0617f0f620fd34f6ef3e417\axi4_lite_master'.
Computing hashes of 77 cells of `$paramod$73a3980ba8a68177b0617f0f620fd34f6ef3e417\axi4_lite_master'.
Finding duplicate cells in `$paramod$73a3980ba8a68177b0617f0f620fd34f6ef3e417\axi4_lite_master'.
Finding identical cells in module `$paramod\axi4_lite_addr_decoder\ADDR_WIDTH=s32'00000000000000000000000000100000'.
Computing hashes of 9 cells of `$paramod\axi4_lite_addr_decoder\ADDR_WIDTH=s32'00000000000000000000000000100000'.
Finding duplicate cells in `$paramod\axi4_lite_addr_decoder\ADDR_WIDTH=s32'00000000000000000000000000100000'.
Finding identical cells in module `$paramod$7068ac09caa024df265143630f51c7da53a5c1cd\ram_slave'.
Computing hashes of 63 cells of `$paramod$7068ac09caa024df265143630f51c7da53a5c1cd\ram_slave'.
Finding duplicate cells in `$paramod$7068ac09caa024df265143630f51c7da53a5c1cd\ram_slave'.
Finding identical cells in module `$paramod$73a3980ba8a68177b0617f0f620fd34f6ef3e417\gpio_slave'.
Computing hashes of 46 cells of `$paramod$73a3980ba8a68177b0617f0f620fd34f6ef3e417\gpio_slave'.
Finding duplicate cells in `$paramod$73a3980ba8a68177b0617f0f620fd34f6ef3e417\gpio_slave'.
Removed a total of 1 cells.

9.6. Executing OPT_DFF pass (perform DFF optimizations).
Adding SRST signal on $procdff$1358 ($dff) from module axi4_lite_top (D = $procmux$421_Y, Q = \write_target_gpio, rval = 1'0).
Adding EN signal on $auto$ff.cc:337:slice$1412 ($sdff) from module axi4_lite_top (D = $procmux$421_Y, Q = \write_target_gpio).
Adding SRST signal on $procdff$1348 ($dff) from module axi4_lite_top (D = $procmux$383_Y, Q = \M_RDATA, rval = 0).
Adding EN signal on $auto$ff.cc:337:slice$1422 ($sdff) from module axi4_lite_top (D = $procmux$381_Y, Q = \M_RDATA).
Adding SRST signal on $procdff$1349 ($dff) from module axi4_lite_top (D = $procmux$368_Y, Q = \M_RRESP, rval = 2'00).
Adding EN signal on $auto$ff.cc:337:slice$1428 ($sdff) from module axi4_lite_top (D = $procmux$366_Y, Q = \M_RRESP).
Adding SRST signal on $procdff$1350 ($dff) from module axi4_lite_top (D = $procmux$351_Y, Q = \M_RVALID, rval = 1'0).
Adding EN signal on $auto$ff.cc:337:slice$1434 ($sdff) from module axi4_lite_top (D = $procmux$351_Y, Q = \M_RVALID).
Adding SRST signal on $procdff$1351 ($dff) from module axi4_lite_top (D = $procmux$339_Y, Q = \read_state, rval = 2'00).
Adding EN signal on $auto$ff.cc:337:slice$1442 ($sdff) from module axi4_lite_top (D = $procmux$339_Y, Q = \read_state).
Adding SRST signal on $procdff$1352 ($dff) from module axi4_lite_top (D = $procmux$328_Y, Q = \read_target_ram, rval = 1'0).
Adding EN signal on $auto$ff.cc:337:slice$1450 ($sdff) from module axi4_lite_top (D = $procmux$328_Y, Q = \read_target_ram).
Adding SRST signal on $procdff$1353 ($dff) from module axi4_lite_top (D = $procmux$317_Y, Q = \read_target_gpio, rval = 1'0).
Adding EN signal on $auto$ff.cc:337:slice$1460 ($sdff) from module axi4_lite_top (D = $procmux$317_Y, Q = \read_target_gpio).
Adding SRST signal on $procdff$1354 ($dff) from module axi4_lite_top (D = $procmux$472_Y, Q = \M_BRESP, rval = 2'00).
Adding EN signal on $auto$ff.cc:337:slice$1470 ($sdff) from module axi4_lite_top (D = $procmux$470_Y, Q = \M_BRESP).
Adding SRST signal on $procdff$1355 ($dff) from module axi4_lite_top (D = $procmux$455_Y, Q = \M_BVALID, rval = 1'0).
Adding EN signal on $auto$ff.cc:337:slice$1476 ($sdff) from module axi4_lite_top (D = $procmux$455_Y, Q = \M_BVALID).
Adding SRST signal on $procdff$1356 ($dff) from module axi4_lite_top (D = $procmux$443_Y, Q = \write_state, rval = 2'00).
Adding EN signal on $auto$ff.cc:337:slice$1484 ($sdff) from module axi4_lite_top (D = $procmux$443_Y, Q = \write_state).
Adding SRST signal on $procdff$1357 ($dff) from module axi4_lite_top (D = $procmux$432_Y, Q = \write_target_ram, rval = 1'0).
Adding EN signal on $auto$ff.cc:337:slice$1492 ($sdff) from module axi4_lite_top (D = $procmux$432_Y, Q = \write_target_ram).
Adding SRST signal on $procdff$1359 ($dff) from module $paramod$73a3980ba8a68177b0617f0f620fd34f6ef3e417\axi4_lite_master (D = $procmux$553_Y, Q = \read_data, rval = 0).
Adding EN signal on $auto$ff.cc:337:slice$1502 ($sdff) from module $paramod$73a3980ba8a68177b0617f0f620fd34f6ef3e417\axi4_lite_master (D = \M_RDATA, Q = \read_data).
Adding SRST signal on $procdff$1360 ($dff) from module $paramod$73a3980ba8a68177b0617f0f620fd34f6ef3e417\axi4_lite_master (D = $procmux$545_Y, Q = \read_resp, rval = 2'00).
Adding EN signal on $auto$ff.cc:337:slice$1506 ($sdff) from module $paramod$73a3980ba8a68177b0617f0f620fd34f6ef3e417\axi4_lite_master (D = \M_RRESP, Q = \read_resp).
Adding SRST signal on $procdff$1361 ($dff) from module $paramod$73a3980ba8a68177b0617f0f620fd34f6ef3e417\axi4_lite_master (D = $procmux$511_Y, Q = \read_resp_valid, rval = 1'0).
Adding SRST signal on $procdff$1362 ($dff) from module $paramod$73a3980ba8a68177b0617f0f620fd34f6ef3e417\axi4_lite_master (D = $procmux$531_Y, Q = \read_state, rval = 2'00).
Adding EN signal on $auto$ff.cc:337:slice$1513 ($sdff) from module $paramod$73a3980ba8a68177b0617f0f620fd34f6ef3e417\axi4_lite_master (D = $procmux$531_Y, Q = \read_state).
Adding SRST signal on $procdff$1363 ($dff) from module $paramod$73a3980ba8a68177b0617f0f620fd34f6ef3e417\axi4_lite_master (D = $procmux$523_Y, Q = \read_addr_reg, rval = 0).
Adding EN signal on $auto$ff.cc:337:slice$1523 ($sdff) from module $paramod$73a3980ba8a68177b0617f0f620fd34f6ef3e417\axi4_lite_master (D = \read_addr, Q = \read_addr_reg).
Adding SRST signal on $procdff$1364 ($dff) from module $paramod$73a3980ba8a68177b0617f0f620fd34f6ef3e417\axi4_lite_master (D = $procmux$633_Y, Q = \write_resp, rval = 2'00).
Adding EN signal on $auto$ff.cc:337:slice$1527 ($sdff) from module $paramod$73a3980ba8a68177b0617f0f620fd34f6ef3e417\axi4_lite_master (D = \M_BRESP, Q = \write_resp).
Adding SRST signal on $procdff$1365 ($dff) from module $paramod$73a3980ba8a68177b0617f0f620fd34f6ef3e417\axi4_lite_master (D = $procmux$559_Y, Q = \write_resp_valid, rval = 1'0).
Adding SRST signal on $procdff$1366 ($dff) from module $paramod$73a3980ba8a68177b0617f0f620fd34f6ef3e417\axi4_lite_master (D = $procmux$619_Y, Q = \write_state, rval = 3'000).
Adding EN signal on $auto$ff.cc:337:slice$1534 ($sdff) from module $paramod$73a3980ba8a68177b0617f0f620fd34f6ef3e417\axi4_lite_master (D = $procmux$619_Y, Q = \write_state).
Adding SRST signal on $procdff$1367 ($dff) from module $paramod$73a3980ba8a68177b0617f0f620fd34f6ef3e417\axi4_lite_master (D = $procmux$611_Y, Q = \write_addr_reg, rval = 0).
Adding EN signal on $auto$ff.cc:337:slice$1544 ($sdff) from module $paramod$73a3980ba8a68177b0617f0f620fd34f6ef3e417\axi4_lite_master (D = \write_addr, Q = \write_addr_reg).
Adding SRST signal on $procdff$1368 ($dff) from module $paramod$73a3980ba8a68177b0617f0f620fd34f6ef3e417\axi4_lite_master (D = $procmux$601_Y, Q = \write_data_reg, rval = 0).
Adding EN signal on $auto$ff.cc:337:slice$1548 ($sdff) from module $paramod$73a3980ba8a68177b0617f0f620fd34f6ef3e417\axi4_lite_master (D = \write_data, Q = \write_data_reg).
Adding SRST signal on $procdff$1369 ($dff) from module $paramod$73a3980ba8a68177b0617f0f620fd34f6ef3e417\axi4_lite_master (D = $procmux$591_Y, Q = \write_strb_reg, rval = 4'0000).
Adding EN signal on $auto$ff.cc:337:slice$1552 ($sdff) from module $paramod$73a3980ba8a68177b0617f0f620fd34f6ef3e417\axi4_lite_master (D = \write_strb, Q = \write_strb_reg).
Adding SRST signal on $procdff$1370 ($dff) from module $paramod$73a3980ba8a68177b0617f0f620fd34f6ef3e417\axi4_lite_master (D = $procmux$580_Y, Q = \aw_done, rval = 1'0).
Adding EN signal on $auto$ff.cc:337:slice$1556 ($sdff) from module $paramod$73a3980ba8a68177b0617f0f620fd34f6ef3e417\axi4_lite_master (D = $procmux$580_Y, Q = \aw_done).
Adding SRST signal on $procdff$1371 ($dff) from module $paramod$73a3980ba8a68177b0617f0f620fd34f6ef3e417\axi4_lite_master (D = $procmux$570_Y, Q = \w_done, rval = 1'0).
Adding EN signal on $auto$ff.cc:337:slice$1564 ($sdff) from module $paramod$73a3980ba8a68177b0617f0f620fd34f6ef3e417\axi4_lite_master (D = $procmux$570_Y, Q = \w_done).
Adding SRST signal on $procdff$1372 ($dff) from module $paramod$7068ac09caa024df265143630f51c7da53a5c1cd\ram_slave (D = $procmux$664_Y, Q = \rd_data, rval = 0).
Adding EN signal on $auto$ff.cc:337:slice$1572 ($sdff) from module $paramod$7068ac09caa024df265143630f51c7da53a5c1cd\ram_slave (D = $memrd$\mem$/work/rtl/ram_slave.sv:138$281_DATA, Q = \rd_data).
Adding SRST signal on $procdff$1373 ($dff) from module $paramod$7068ac09caa024df265143630f51c7da53a5c1cd\ram_slave (D = $procmux$659_Y, Q = \rd_resp, rval = 2'00).
Adding EN signal on $auto$ff.cc:337:slice$1574 ($sdff) from module $paramod$7068ac09caa024df265143630f51c7da53a5c1cd\ram_slave (D = 2'00, Q = \rd_resp).
Adding SRST signal on $procdff$1374 ($dff) from module $paramod$7068ac09caa024df265143630f51c7da53a5c1cd\ram_slave (D = $procmux$886_Y, Q = \wr_resp, rval = 2'00).
Adding EN signal on $auto$ff.cc:337:slice$1576 ($sdff) from module $paramod$7068ac09caa024df265143630f51c7da53a5c1cd\ram_slave (D = 2'00, Q = \wr_resp).
Setting constant 0-bit at position 0 on $auto$ff.cc:337:slice$1577 ($sdffe) from module $paramod$7068ac09caa024df265143630f51c7da53a5c1cd\ram_slave.
Setting constant 0-bit at position 1 on $auto$ff.cc:337:slice$1577 ($sdffe) from module $paramod$7068ac09caa024df265143630f51c7da53a5c1cd\ram_slave.
Setting constant 0-bit at position 0 on $auto$ff.cc:337:slice$1575 ($sdffe) from module $paramod$7068ac09caa024df265143630f51c7da53a5c1cd\ram_slave.
Setting constant 0-bit at position 1 on $auto$ff.cc:337:slice$1575 ($sdffe) from module $paramod$7068ac09caa024df265143630f51c7da53a5c1cd\ram_slave.
Adding SRST signal on $procdff$1388 ($dff) from module $paramod$73a3980ba8a68177b0617f0f620fd34f6ef3e417\gpio_slave (D = $procmux$896_Y, Q = \rd_resp, rval = 2'00).
Adding EN signal on $auto$ff.cc:337:slice$1578 ($sdff) from module $paramod$73a3980ba8a68177b0617f0f620fd34f6ef3e417\gpio_slave (D = $procmux$892_Y, Q = \rd_resp).
Adding EN signal on $procdff$1393 ($dff) from module $paramod$73a3980ba8a68177b0617f0f620fd34f6ef3e417\gpio_slave (D = $2\gpio_direction_next[31:0], Q = \gpio_direction_next).
Adding EN signal on $procdff$1392 ($dff) from module $paramod$73a3980ba8a68177b0617f0f620fd34f6ef3e417\gpio_slave (D = $2\gpio_output_next[31:0], Q = \gpio_output_next).
Adding SRST signal on $procdff$1389 ($dff) from module $paramod$73a3980ba8a68177b0617f0f620fd34f6ef3e417\gpio_slave (D = $procmux$1343_Y, Q = \wr_resp, rval = 2'00).
Adding EN signal on $auto$ff.cc:337:slice$1582 ($sdff) from module $paramod$73a3980ba8a68177b0617f0f620fd34f6ef3e417\gpio_slave (D = $procmux$1340_Y, Q = \wr_resp).
Adding SRST signal on $procdff$1391 ($dff) from module $paramod$73a3980ba8a68177b0617f0f620fd34f6ef3e417\gpio_slave (D = $procmux$1321_Y, Q = \gpio_direction, rval = 0).
Adding EN signal on $auto$ff.cc:337:slice$1584 ($sdff) from module $paramod$73a3980ba8a68177b0617f0f620fd34f6ef3e417\gpio_slave (D = { $7\apply_wstrb$func$/work/rtl/gpio_slave.sv:94$172.new_value[31:24]$222 $6\apply_wstrb$func$/work/rtl/gpio_slave.sv:94$172.new_value[23:16]$221 $5\apply_wstrb$func$/work/rtl/gpio_slave.sv:94$172.new_value[15:8]$220 $4\apply_wstrb$func$/work/rtl/gpio_slave.sv:94$172.new_value[7:0]$219 }, Q = \gpio_direction).
Adding SRST signal on $procdff$1387 ($dff) from module $paramod$73a3980ba8a68177b0617f0f620fd34f6ef3e417\gpio_slave (D = $procmux$906_Y, Q = \rd_data, rval = 0).
Adding EN signal on $auto$ff.cc:337:slice$1588 ($sdff) from module $paramod$73a3980ba8a68177b0617f0f620fd34f6ef3e417\gpio_slave (D = $procmux$902_Y, Q = \rd_data).
Adding SRST signal on $procdff$1390 ($dff) from module $paramod$73a3980ba8a68177b0617f0f620fd34f6ef3e417\gpio_slave (D = $procmux$1332_Y, Q = \gpio_output, rval = 0).
Adding EN signal on $auto$ff.cc:337:slice$1590 ($sdff) from module $paramod$73a3980ba8a68177b0617f0f620fd34f6ef3e417\gpio_slave (D = { $7\apply_wstrb$func$/work/rtl/gpio_slave.sv:82$171.new_value[31:24]$218 $6\apply_wstrb$func$/work/rtl/gpio_slave.sv:82$171.new_value[23:16]$217 $5\apply_wstrb$func$/work/rtl/gpio_slave.sv:82$171.new_value[15:8]$216 $4\apply_wstrb$func$/work/rtl/gpio_slave.sv:82$171.new_value[7:0]$215 }, Q = \gpio_output).
Setting constant 1-bit at position 0 on $procdff$1402 ($dff) from module $paramod$73a3980ba8a68177b0617f0f620fd34f6ef3e417\gpio_slave.
Setting constant 1-bit at position 1 on $procdff$1402 ($dff) from module $paramod$73a3980ba8a68177b0617f0f620fd34f6ef3e417\gpio_slave.
Setting constant 1-bit at position 2 on $procdff$1402 ($dff) from module $paramod$73a3980ba8a68177b0617f0f620fd34f6ef3e417\gpio_slave.
Setting constant 1-bit at position 3 on $procdff$1402 ($dff) from module $paramod$73a3980ba8a68177b0617f0f620fd34f6ef3e417\gpio_slave.
Setting constant 1-bit at position 0 on $procdff$1403 ($dff) from module $paramod$73a3980ba8a68177b0617f0f620fd34f6ef3e417\gpio_slave.
Setting constant 1-bit at position 1 on $procdff$1403 ($dff) from module $paramod$73a3980ba8a68177b0617f0f620fd34f6ef3e417\gpio_slave.
Setting constant 1-bit at position 2 on $procdff$1403 ($dff) from module $paramod$73a3980ba8a68177b0617f0f620fd34f6ef3e417\gpio_slave.
Setting constant 1-bit at position 3 on $procdff$1403 ($dff) from module $paramod$73a3980ba8a68177b0617f0f620fd34f6ef3e417\gpio_slave.
Setting constant 1-bit at position 4 on $procdff$1403 ($dff) from module $paramod$73a3980ba8a68177b0617f0f620fd34f6ef3e417\gpio_slave.
Setting constant 1-bit at position 5 on $procdff$1403 ($dff) from module $paramod$73a3980ba8a68177b0617f0f620fd34f6ef3e417\gpio_slave.
Setting constant 1-bit at position 6 on $procdff$1403 ($dff) from module $paramod$73a3980ba8a68177b0617f0f620fd34f6ef3e417\gpio_slave.
Setting constant 1-bit at position 7 on $procdff$1403 ($dff) from module $paramod$73a3980ba8a68177b0617f0f620fd34f6ef3e417\gpio_slave.
Setting constant 1-bit at position 8 on $procdff$1403 ($dff) from module $paramod$73a3980ba8a68177b0617f0f620fd34f6ef3e417\gpio_slave.
Setting constant 1-bit at position 9 on $procdff$1403 ($dff) from module $paramod$73a3980ba8a68177b0617f0f620fd34f6ef3e417\gpio_slave.
Setting constant 1-bit at position 10 on $procdff$1403 ($dff) from module $paramod$73a3980ba8a68177b0617f0f620fd34f6ef3e417\gpio_slave.
Setting constant 1-bit at position 11 on $procdff$1403 ($dff) from module $paramod$73a3980ba8a68177b0617f0f620fd34f6ef3e417\gpio_slave.
Setting constant 1-bit at position 12 on $procdff$1403 ($dff) from module $paramod$73a3980ba8a68177b0617f0f620fd34f6ef3e417\gpio_slave.
Setting constant 1-bit at position 13 on $procdff$1403 ($dff) from module $paramod$73a3980ba8a68177b0617f0f620fd34f6ef3e417\gpio_slave.
Setting constant 1-bit at position 14 on $procdff$1403 ($dff) from module $paramod$73a3980ba8a68177b0617f0f620fd34f6ef3e417\gpio_slave.
Setting constant 1-bit at position 15 on $procdff$1403 ($dff) from module $paramod$73a3980ba8a68177b0617f0f620fd34f6ef3e417\gpio_slave.
Setting constant 1-bit at position 16 on $procdff$1403 ($dff) from module $paramod$73a3980ba8a68177b0617f0f620fd34f6ef3e417\gpio_slave.
Setting constant 1-bit at position 17 on $procdff$1403 ($dff) from module $paramod$73a3980ba8a68177b0617f0f620fd34f6ef3e417\gpio_slave.
Setting constant 1-bit at position 18 on $procdff$1403 ($dff) from module $paramod$73a3980ba8a68177b0617f0f620fd34f6ef3e417\gpio_slave.
Setting constant 1-bit at position 19 on $procdff$1403 ($dff) from module $paramod$73a3980ba8a68177b0617f0f620fd34f6ef3e417\gpio_slave.
Setting constant 1-bit at position 20 on $procdff$1403 ($dff) from module $paramod$73a3980ba8a68177b0617f0f620fd34f6ef3e417\gpio_slave.
Setting constant 1-bit at position 21 on $procdff$1403 ($dff) from module $paramod$73a3980ba8a68177b0617f0f620fd34f6ef3e417\gpio_slave.
Setting constant 1-bit at position 22 on $procdff$1403 ($dff) from module $paramod$73a3980ba8a68177b0617f0f620fd34f6ef3e417\gpio_slave.
Setting constant 1-bit at position 23 on $procdff$1403 ($dff) from module $paramod$73a3980ba8a68177b0617f0f620fd34f6ef3e417\gpio_slave.
Setting constant 1-bit at position 24 on $procdff$1403 ($dff) from module $paramod$73a3980ba8a68177b0617f0f620fd34f6ef3e417\gpio_slave.
Setting constant 1-bit at position 25 on $procdff$1403 ($dff) from module $paramod$73a3980ba8a68177b0617f0f620fd34f6ef3e417\gpio_slave.
Setting constant 1-bit at position 26 on $procdff$1403 ($dff) from module $paramod$73a3980ba8a68177b0617f0f620fd34f6ef3e417\gpio_slave.
Setting constant 1-bit at position 27 on $procdff$1403 ($dff) from module $paramod$73a3980ba8a68177b0617f0f620fd34f6ef3e417\gpio_slave.
Setting constant 1-bit at position 28 on $procdff$1403 ($dff) from module $paramod$73a3980ba8a68177b0617f0f620fd34f6ef3e417\gpio_slave.
Setting constant 1-bit at position 29 on $procdff$1403 ($dff) from module $paramod$73a3980ba8a68177b0617f0f620fd34f6ef3e417\gpio_slave.
Setting constant 1-bit at position 30 on $procdff$1403 ($dff) from module $paramod$73a3980ba8a68177b0617f0f620fd34f6ef3e417\gpio_slave.
Setting constant 1-bit at position 31 on $procdff$1403 ($dff) from module $paramod$73a3980ba8a68177b0617f0f620fd34f6ef3e417\gpio_slave.

9.7. Executing OPT_CLEAN pass (remove unused cells and wires).
Finding unused cells or wires in module \axi4_lite_top..
Finding unused cells or wires in module $paramod$73a3980ba8a68177b0617f0f620fd34f6ef3e417\axi4_lite_master..
Finding unused cells or wires in module $paramod\axi4_lite_addr_decoder\ADDR_WIDTH=s32'00000000000000000000000000100000..
Finding unused cells or wires in module $paramod$7068ac09caa024df265143630f51c7da53a5c1cd\ram_slave..
Finding unused cells or wires in module $paramod$73a3980ba8a68177b0617f0f620fd34f6ef3e417\gpio_slave..
Removed 85 unused cells and 784 unused wires.
<suppressed ~92 debug messages>

9.8. Executing OPT_EXPR pass (perform const folding).
Optimizing module $paramod$7068ac09caa024df265143630f51c7da53a5c1cd\ram_slave.
Optimizing module $paramod$73a3980ba8a68177b0617f0f620fd34f6ef3e417\axi4_lite_master.
<suppressed ~2 debug messages>
Optimizing module $paramod$73a3980ba8a68177b0617f0f620fd34f6ef3e417\gpio_slave.
Optimizing module $paramod\axi4_lite_addr_decoder\ADDR_WIDTH=s32'00000000000000000000000000100000.
Optimizing module axi4_lite_top.
<suppressed ~9 debug messages>

9.9. Rerunning OPT passes. (Maybe there is more to do..)

9.10. Executing OPT_MUXTREE pass (detect dead branches in mux trees).
Running muxtree optimizer on module $paramod$7068ac09caa024df265143630f51c7da53a5c1cd\ram_slave..
  Creating internal representation of mux trees.
  Evaluating internal representation of mux trees.
  Analyzing evaluation results.
Running muxtree optimizer on module $paramod$73a3980ba8a68177b0617f0f620fd34f6ef3e417\axi4_lite_master..
  Creating internal representation of mux trees.
  Evaluating internal representation of mux trees.
  Analyzing evaluation results.
Running muxtree optimizer on module $paramod$73a3980ba8a68177b0617f0f620fd34f6ef3e417\gpio_slave..
  Creating internal representation of mux trees.
  Evaluating internal representation of mux trees.
  Analyzing evaluation results.
Running muxtree optimizer on module $paramod\axi4_lite_addr_decoder\ADDR_WIDTH=s32'00000000000000000000000000100000..
  Creating internal representation of mux trees.
  Evaluating internal representation of mux trees.
  Analyzing evaluation results.
Running muxtree optimizer on module \axi4_lite_top..
  Creating internal representation of mux trees.
  Evaluating internal representation of mux trees.
  Analyzing evaluation results.
Removed 0 multiplexer ports.
<suppressed ~158 debug messages>

9.11. Executing OPT_REDUCE pass (consolidate $*mux and $reduce_* inputs).
  Optimizing cells in module $paramod$7068ac09caa024df265143630f51c7da53a5c1cd\ram_slave.
  Optimizing cells in module $paramod$73a3980ba8a68177b0617f0f620fd34f6ef3e417\axi4_lite_master.
  Optimizing cells in module $paramod$73a3980ba8a68177b0617f0f620fd34f6ef3e417\gpio_slave.
  Optimizing cells in module $paramod\axi4_lite_addr_decoder\ADDR_WIDTH=s32'00000000000000000000000000100000.
  Optimizing cells in module \axi4_lite_top.
Performed a total of 0 changes.

9.12. Executing OPT_MERGE pass (detect identical cells).
Finding identical cells in module `$paramod$7068ac09caa024df265143630f51c7da53a5c1cd\ram_slave'.
Computing hashes of 42 cells of `$paramod$7068ac09caa024df265143630f51c7da53a5c1cd\ram_slave'.
Finding duplicate cells in `$paramod$7068ac09caa024df265143630f51c7da53a5c1cd\ram_slave'.
Finding identical cells in module `$paramod$73a3980ba8a68177b0617f0f620fd34f6ef3e417\axi4_lite_master'.
Computing hashes of 70 cells of `$paramod$73a3980ba8a68177b0617f0f620fd34f6ef3e417\axi4_lite_master'.
Finding duplicate cells in `$paramod$73a3980ba8a68177b0617f0f620fd34f6ef3e417\axi4_lite_master'.
Computing hashes of 66 cells of `$paramod$73a3980ba8a68177b0617f0f620fd34f6ef3e417\axi4_lite_master'.
Finding duplicate cells in `$paramod$73a3980ba8a68177b0617f0f620fd34f6ef3e417\axi4_lite_master'.
<suppressed ~12 debug messages>
Finding identical cells in module `$paramod$73a3980ba8a68177b0617f0f620fd34f6ef3e417\gpio_slave'.
Computing hashes of 25 cells of `$paramod$73a3980ba8a68177b0617f0f620fd34f6ef3e417\gpio_slave'.
Finding duplicate cells in `$paramod$73a3980ba8a68177b0617f0f620fd34f6ef3e417\gpio_slave'.
Finding identical cells in module `$paramod\axi4_lite_addr_decoder\ADDR_WIDTH=s32'00000000000000000000000000100000'.
Computing hashes of 9 cells of `$paramod\axi4_lite_addr_decoder\ADDR_WIDTH=s32'00000000000000000000000000100000'.
Finding duplicate cells in `$paramod\axi4_lite_addr_decoder\ADDR_WIDTH=s32'00000000000000000000000000100000'.
Finding identical cells in module `\axi4_lite_top'.
Computing hashes of 113 cells of `\axi4_lite_top'.
Finding duplicate cells in `\axi4_lite_top'.
Computing hashes of 96 cells of `\axi4_lite_top'.
Finding duplicate cells in `\axi4_lite_top'.
Computing hashes of 93 cells of `\axi4_lite_top'.
Finding duplicate cells in `\axi4_lite_top'.
<suppressed ~60 debug messages>
Removed a total of 24 cells.

9.13. Executing OPT_DFF pass (perform DFF optimizations).
Adding EN signal on $auto$ff.cc:337:slice$1591 ($sdffe) from module $paramod$73a3980ba8a68177b0617f0f620fd34f6ef3e417\gpio_slave (D = \wr_data [7:0], Q = \gpio_output [7:0]).
Adding EN signal on $auto$ff.cc:337:slice$1591 ($sdffe) from module $paramod$73a3980ba8a68177b0617f0f620fd34f6ef3e417\gpio_slave (D = \wr_data [15:8], Q = \gpio_output [15:8]).
Adding EN signal on $auto$ff.cc:337:slice$1591 ($sdffe) from module $paramod$73a3980ba8a68177b0617f0f620fd34f6ef3e417\gpio_slave (D = \wr_data [23:16], Q = \gpio_output [23:16]).
Adding EN signal on $auto$ff.cc:337:slice$1591 ($sdffe) from module $paramod$73a3980ba8a68177b0617f0f620fd34f6ef3e417\gpio_slave (D = \wr_data [31:24], Q = \gpio_output [31:24]).
Adding EN signal on $auto$ff.cc:337:slice$1585 ($sdffe) from module $paramod$73a3980ba8a68177b0617f0f620fd34f6ef3e417\gpio_slave (D = \wr_data [7:0], Q = \gpio_direction [7:0]).
Adding EN signal on $auto$ff.cc:337:slice$1585 ($sdffe) from module $paramod$73a3980ba8a68177b0617f0f620fd34f6ef3e417\gpio_slave (D = \wr_data [15:8], Q = \gpio_direction [15:8]).
Adding EN signal on $auto$ff.cc:337:slice$1585 ($sdffe) from module $paramod$73a3980ba8a68177b0617f0f620fd34f6ef3e417\gpio_slave (D = \wr_data [23:16], Q = \gpio_direction [23:16]).
Adding EN signal on $auto$ff.cc:337:slice$1585 ($sdffe) from module $paramod$73a3980ba8a68177b0617f0f620fd34f6ef3e417\gpio_slave (D = \wr_data [31:24], Q = \gpio_direction [31:24]).

9.14. Executing OPT_CLEAN pass (remove unused cells and wires).
Finding unused cells or wires in module $paramod$7068ac09caa024df265143630f51c7da53a5c1cd\ram_slave..
Finding unused cells or wires in module $paramod$73a3980ba8a68177b0617f0f620fd34f6ef3e417\axi4_lite_master..
Finding unused cells or wires in module $paramod$73a3980ba8a68177b0617f0f620fd34f6ef3e417\gpio_slave..
Finding unused cells or wires in module $paramod\axi4_lite_addr_decoder\ADDR_WIDTH=s32'00000000000000000000000000100000..
Finding unused cells or wires in module \axi4_lite_top..
Removed 8 unused cells and 32 unused wires.
<suppressed ~11 debug messages>

9.15. Executing OPT_EXPR pass (perform const folding).
Optimizing module $paramod$7068ac09caa024df265143630f51c7da53a5c1cd\ram_slave.
Optimizing module $paramod$73a3980ba8a68177b0617f0f620fd34f6ef3e417\axi4_lite_master.
Optimizing module $paramod$73a3980ba8a68177b0617f0f620fd34f6ef3e417\gpio_slave.
Optimizing module $paramod\axi4_lite_addr_decoder\ADDR_WIDTH=s32'00000000000000000000000000100000.
Optimizing module axi4_lite_top.

9.16. Rerunning OPT passes. (Maybe there is more to do..)

9.17. Executing OPT_MUXTREE pass (detect dead branches in mux trees).
Running muxtree optimizer on module $paramod$7068ac09caa024df265143630f51c7da53a5c1cd\ram_slave..
  Creating internal representation of mux trees.
  Evaluating internal representation of mux trees.
  Analyzing evaluation results.
Running muxtree optimizer on module $paramod$73a3980ba8a68177b0617f0f620fd34f6ef3e417\axi4_lite_master..
  Creating internal representation of mux trees.
  Evaluating internal representation of mux trees.
  Analyzing evaluation results.
Running muxtree optimizer on module $paramod$73a3980ba8a68177b0617f0f620fd34f6ef3e417\gpio_slave..
  Creating internal representation of mux trees.
  Evaluating internal representation of mux trees.
  Analyzing evaluation results.
Running muxtree optimizer on module $paramod\axi4_lite_addr_decoder\ADDR_WIDTH=s32'00000000000000000000000000100000..
  Creating internal representation of mux trees.
  Evaluating internal representation of mux trees.
  Analyzing evaluation results.
Running muxtree optimizer on module \axi4_lite_top..
  Creating internal representation of mux trees.
  Evaluating internal representation of mux trees.
  Analyzing evaluation results.
Removed 0 multiplexer ports.
<suppressed ~146 debug messages>

9.18. Executing OPT_REDUCE pass (consolidate $*mux and $reduce_* inputs).
  Optimizing cells in module $paramod$7068ac09caa024df265143630f51c7da53a5c1cd\ram_slave.
  Optimizing cells in module $paramod$73a3980ba8a68177b0617f0f620fd34f6ef3e417\axi4_lite_master.
  Optimizing cells in module $paramod$73a3980ba8a68177b0617f0f620fd34f6ef3e417\gpio_slave.
    New input vector for $reduce_and cell $auto$opt_dff.cc:252:make_patterns_logic$1617: { $procmux$1081_CMP \wr_strb [3] \wr_en }
    New input vector for $reduce_and cell $auto$opt_dff.cc:252:make_patterns_logic$1611: { $procmux$1081_CMP \wr_strb [1] \wr_en }
    New input vector for $reduce_and cell $auto$opt_dff.cc:252:make_patterns_logic$1608: { $procmux$1081_CMP \wr_strb [0] \wr_en }
    New input vector for $reduce_and cell $auto$opt_dff.cc:252:make_patterns_logic$1605: { $procmux$1010_CMP \wr_strb [3] \wr_en }
    New input vector for $reduce_and cell $auto$opt_dff.cc:252:make_patterns_logic$1599: { $procmux$1010_CMP \wr_strb [1] \wr_en }
    New input vector for $reduce_and cell $auto$opt_dff.cc:252:make_patterns_logic$1596: { $procmux$1010_CMP \wr_strb [0] \wr_en }
    New input vector for $reduce_and cell $auto$opt_dff.cc:252:make_patterns_logic$1602: { $procmux$1010_CMP \wr_strb [2] \wr_en }
    New input vector for $reduce_and cell $auto$opt_dff.cc:252:make_patterns_logic$1614: { $procmux$1081_CMP \wr_strb [2] \wr_en }
  Optimizing cells in module $paramod$73a3980ba8a68177b0617f0f620fd34f6ef3e417\gpio_slave.
  Optimizing cells in module $paramod\axi4_lite_addr_decoder\ADDR_WIDTH=s32'00000000000000000000000000100000.
  Optimizing cells in module \axi4_lite_top.
Performed a total of 8 changes.

9.19. Executing OPT_MERGE pass (detect identical cells).
Finding identical cells in module `$paramod$7068ac09caa024df265143630f51c7da53a5c1cd\ram_slave'.
Computing hashes of 42 cells of `$paramod$7068ac09caa024df265143630f51c7da53a5c1cd\ram_slave'.
Finding duplicate cells in `$paramod$7068ac09caa024df265143630f51c7da53a5c1cd\ram_slave'.
Finding identical cells in module `$paramod$73a3980ba8a68177b0617f0f620fd34f6ef3e417\axi4_lite_master'.
Computing hashes of 66 cells of `$paramod$73a3980ba8a68177b0617f0f620fd34f6ef3e417\axi4_lite_master'.
Finding duplicate cells in `$paramod$73a3980ba8a68177b0617f0f620fd34f6ef3e417\axi4_lite_master'.
Finding identical cells in module `$paramod$73a3980ba8a68177b0617f0f620fd34f6ef3e417\gpio_slave'.
Computing hashes of 31 cells of `$paramod$73a3980ba8a68177b0617f0f620fd34f6ef3e417\gpio_slave'.
Finding duplicate cells in `$paramod$73a3980ba8a68177b0617f0f620fd34f6ef3e417\gpio_slave'.
Finding identical cells in module `$paramod\axi4_lite_addr_decoder\ADDR_WIDTH=s32'00000000000000000000000000100000'.
Computing hashes of 9 cells of `$paramod\axi4_lite_addr_decoder\ADDR_WIDTH=s32'00000000000000000000000000100000'.
Finding duplicate cells in `$paramod\axi4_lite_addr_decoder\ADDR_WIDTH=s32'00000000000000000000000000100000'.
Finding identical cells in module `\axi4_lite_top'.
Computing hashes of 93 cells of `\axi4_lite_top'.
Finding duplicate cells in `\axi4_lite_top'.
Removed a total of 0 cells.

9.20. Executing OPT_DFF pass (perform DFF optimizations).

9.21. Executing OPT_CLEAN pass (remove unused cells and wires).
Finding unused cells or wires in module $paramod$7068ac09caa024df265143630f51c7da53a5c1cd\ram_slave..
Finding unused cells or wires in module $paramod$73a3980ba8a68177b0617f0f620fd34f6ef3e417\axi4_lite_master..
Finding unused cells or wires in module $paramod$73a3980ba8a68177b0617f0f620fd34f6ef3e417\gpio_slave..
Finding unused cells or wires in module $paramod\axi4_lite_addr_decoder\ADDR_WIDTH=s32'00000000000000000000000000100000..
Finding unused cells or wires in module \axi4_lite_top..
Removed 2 unused cells and 2 unused wires.
<suppressed ~3 debug messages>

9.22. Executing OPT_EXPR pass (perform const folding).
Optimizing module $paramod$7068ac09caa024df265143630f51c7da53a5c1cd\ram_slave.
Optimizing module $paramod$73a3980ba8a68177b0617f0f620fd34f6ef3e417\axi4_lite_master.
Optimizing module $paramod$73a3980ba8a68177b0617f0f620fd34f6ef3e417\gpio_slave.
Optimizing module $paramod\axi4_lite_addr_decoder\ADDR_WIDTH=s32'00000000000000000000000000100000.
Optimizing module axi4_lite_top.

9.23. Rerunning OPT passes. (Maybe there is more to do..)

9.24. Executing OPT_MUXTREE pass (detect dead branches in mux trees).
Running muxtree optimizer on module $paramod$7068ac09caa024df265143630f51c7da53a5c1cd\ram_slave..
  Creating internal representation of mux trees.
  Evaluating internal representation of mux trees.
  Analyzing evaluation results.
Running muxtree optimizer on module $paramod$73a3980ba8a68177b0617f0f620fd34f6ef3e417\axi4_lite_master..
  Creating internal representation of mux trees.
  Evaluating internal representation of mux trees.
  Analyzing evaluation results.
Running muxtree optimizer on module $paramod$73a3980ba8a68177b0617f0f620fd34f6ef3e417\gpio_slave..
  Creating internal representation of mux trees.
  Evaluating internal representation of mux trees.
  Analyzing evaluation results.
Running muxtree optimizer on module $paramod\axi4_lite_addr_decoder\ADDR_WIDTH=s32'00000000000000000000000000100000..
  Creating internal representation of mux trees.
  Evaluating internal representation of mux trees.
  Analyzing evaluation results.
Running muxtree optimizer on module \axi4_lite_top..
  Creating internal representation of mux trees.
  Evaluating internal representation of mux trees.
  Analyzing evaluation results.
Removed 0 multiplexer ports.
<suppressed ~146 debug messages>

9.25. Executing OPT_REDUCE pass (consolidate $*mux and $reduce_* inputs).
  Optimizing cells in module $paramod$7068ac09caa024df265143630f51c7da53a5c1cd\ram_slave.
  Optimizing cells in module $paramod$73a3980ba8a68177b0617f0f620fd34f6ef3e417\axi4_lite_master.
  Optimizing cells in module $paramod$73a3980ba8a68177b0617f0f620fd34f6ef3e417\gpio_slave.
  Optimizing cells in module $paramod\axi4_lite_addr_decoder\ADDR_WIDTH=s32'00000000000000000000000000100000.
  Optimizing cells in module \axi4_lite_top.
Performed a total of 0 changes.

9.26. Executing OPT_MERGE pass (detect identical cells).
Finding identical cells in module `$paramod$7068ac09caa024df265143630f51c7da53a5c1cd\ram_slave'.
Computing hashes of 42 cells of `$paramod$7068ac09caa024df265143630f51c7da53a5c1cd\ram_slave'.
Finding duplicate cells in `$paramod$7068ac09caa024df265143630f51c7da53a5c1cd\ram_slave'.
Finding identical cells in module `$paramod$73a3980ba8a68177b0617f0f620fd34f6ef3e417\axi4_lite_master'.
Computing hashes of 66 cells of `$paramod$73a3980ba8a68177b0617f0f620fd34f6ef3e417\axi4_lite_master'.
Finding duplicate cells in `$paramod$73a3980ba8a68177b0617f0f620fd34f6ef3e417\axi4_lite_master'.
Finding identical cells in module `$paramod$73a3980ba8a68177b0617f0f620fd34f6ef3e417\gpio_slave'.
Computing hashes of 29 cells of `$paramod$73a3980ba8a68177b0617f0f620fd34f6ef3e417\gpio_slave'.
Finding duplicate cells in `$paramod$73a3980ba8a68177b0617f0f620fd34f6ef3e417\gpio_slave'.
Finding identical cells in module `$paramod\axi4_lite_addr_decoder\ADDR_WIDTH=s32'00000000000000000000000000100000'.
Computing hashes of 9 cells of `$paramod\axi4_lite_addr_decoder\ADDR_WIDTH=s32'00000000000000000000000000100000'.
Finding duplicate cells in `$paramod\axi4_lite_addr_decoder\ADDR_WIDTH=s32'00000000000000000000000000100000'.
Finding identical cells in module `\axi4_lite_top'.
Computing hashes of 93 cells of `\axi4_lite_top'.
Finding duplicate cells in `\axi4_lite_top'.
Removed a total of 0 cells.

9.27. Executing OPT_DFF pass (perform DFF optimizations).

9.28. Executing OPT_CLEAN pass (remove unused cells and wires).
Finding unused cells or wires in module $paramod$7068ac09caa024df265143630f51c7da53a5c1cd\ram_slave..
Finding unused cells or wires in module $paramod$73a3980ba8a68177b0617f0f620fd34f6ef3e417\axi4_lite_master..
Finding unused cells or wires in module $paramod$73a3980ba8a68177b0617f0f620fd34f6ef3e417\gpio_slave..
Finding unused cells or wires in module $paramod\axi4_lite_addr_decoder\ADDR_WIDTH=s32'00000000000000000000000000100000..
Finding unused cells or wires in module \axi4_lite_top..

9.29. Executing OPT_EXPR pass (perform const folding).
Optimizing module $paramod$7068ac09caa024df265143630f51c7da53a5c1cd\ram_slave.
Optimizing module $paramod$73a3980ba8a68177b0617f0f620fd34f6ef3e417\axi4_lite_master.
Optimizing module $paramod$73a3980ba8a68177b0617f0f620fd34f6ef3e417\gpio_slave.
Optimizing module $paramod\axi4_lite_addr_decoder\ADDR_WIDTH=s32'00000000000000000000000000100000.
Optimizing module axi4_lite_top.

9.30. Finished fast OPT passes. (There is nothing left to do.)

10. Executing MEMORY pass.

10.1. Executing OPT_MEM pass (optimize memories).
Performed a total of 96 transformations.

10.2. Executing OPT_MEM_PRIORITY pass (removing unnecessary memory write priority relations).
Performed a total of 6 transformations.

10.3. Executing OPT_MEM_FEEDBACK pass (finding memory read-to-write feedback paths).
  Analyzing $paramod$7068ac09caa024df265143630f51c7da53a5c1cd\ram_slave.mem write port 0.
  Analyzing $paramod$7068ac09caa024df265143630f51c7da53a5c1cd\ram_slave.mem write port 1.
  Analyzing $paramod$7068ac09caa024df265143630f51c7da53a5c1cd\ram_slave.mem write port 2.
  Analyzing $paramod$7068ac09caa024df265143630f51c7da53a5c1cd\ram_slave.mem write port 3.

10.4. Executing MEMORY_BMUX2ROM pass (converting muxes to ROMs).

10.5. Executing MEMORY_DFF pass (merging $dff cells to $memrd).
Checking read port `\mem'[0] in module `$paramod$7068ac09caa024df265143630f51c7da53a5c1cd\ram_slave': merging output FF to cell.
    Write port 0: non-transparent.
    Write port 1: non-transparent.
    Write port 2: non-transparent.
    Write port 3: non-transparent.

10.6. Executing OPT_CLEAN pass (remove unused cells and wires).
Finding unused cells or wires in module $paramod$7068ac09caa024df265143630f51c7da53a5c1cd\ram_slave..
Finding unused cells or wires in module $paramod$73a3980ba8a68177b0617f0f620fd34f6ef3e417\axi4_lite_master..
Finding unused cells or wires in module $paramod$73a3980ba8a68177b0617f0f620fd34f6ef3e417\gpio_slave..
Finding unused cells or wires in module $paramod\axi4_lite_addr_decoder\ADDR_WIDTH=s32'00000000000000000000000000100000..
Finding unused cells or wires in module \axi4_lite_top..
Removed 1 unused cells and 33 unused wires.
<suppressed ~2 debug messages>

10.7. Executing MEMORY_SHARE pass (consolidating $memrd/$memwr cells).
Consolidating write ports of memory $paramod$7068ac09caa024df265143630f51c7da53a5c1cd\ram_slave.mem by address:
  Merging ports 0, 1 (address \wr_addr [9:2]).
  Merging ports 0, 2 (address \wr_addr [9:2]).
  Merging ports 0, 3 (address \wr_addr [9:2]).

10.8. Executing OPT_MEM_WIDEN pass (optimize memories where all ports are wide).
Performed a total of 0 transformations.

10.9. Executing OPT_CLEAN pass (remove unused cells and wires).
Finding unused cells or wires in module $paramod$7068ac09caa024df265143630f51c7da53a5c1cd\ram_slave..
Finding unused cells or wires in module $paramod$73a3980ba8a68177b0617f0f620fd34f6ef3e417\axi4_lite_master..
Finding unused cells or wires in module $paramod$73a3980ba8a68177b0617f0f620fd34f6ef3e417\gpio_slave..
Finding unused cells or wires in module $paramod\axi4_lite_addr_decoder\ADDR_WIDTH=s32'00000000000000000000000000100000..
Finding unused cells or wires in module \axi4_lite_top..
Removed 12 unused cells and 12 unused wires.
<suppressed ~13 debug messages>

10.10. Executing MEMORY_COLLECT pass (generating $mem cells).

10.11. Executing MEMORY_MAP pass (converting memories to logic and flip-flops).
Mapping memory \mem in module $paramod$7068ac09caa024df265143630f51c7da53a5c1cd\ram_slave:
  created 256 $dff cells and 0 static cells of width 32.
Extracted data FF from read port 0 of $paramod$7068ac09caa024df265143630f51c7da53a5c1cd\ram_slave.mem: $\mem$rdreg[0]
  read interface: 1 $dff and 255 $mux cells.
  write interface: 1024 write mux blocks.

11. Executing OPT pass (performing simple optimizations).

11.1. Executing OPT_EXPR pass (perform const folding).
Optimizing module $paramod$7068ac09caa024df265143630f51c7da53a5c1cd\ram_slave.
<suppressed ~17 debug messages>
Optimizing module $paramod$73a3980ba8a68177b0617f0f620fd34f6ef3e417\axi4_lite_master.
Optimizing module $paramod$73a3980ba8a68177b0617f0f620fd34f6ef3e417\gpio_slave.
Optimizing module $paramod\axi4_lite_addr_decoder\ADDR_WIDTH=s32'00000000000000000000000000100000.
Optimizing module axi4_lite_top.

11.2. Executing OPT_MERGE pass (detect identical cells).
Finding identical cells in module `$paramod$7068ac09caa024df265143630f51c7da53a5c1cd\ram_slave'.
Computing hashes of 2897 cells of `$paramod$7068ac09caa024df265143630f51c7da53a5c1cd\ram_slave'.
Finding duplicate cells in `$paramod$7068ac09caa024df265143630f51c7da53a5c1cd\ram_slave'.
Finding identical cells in module `$paramod$73a3980ba8a68177b0617f0f620fd34f6ef3e417\axi4_lite_master'.
Computing hashes of 66 cells of `$paramod$73a3980ba8a68177b0617f0f620fd34f6ef3e417\axi4_lite_master'.
Finding duplicate cells in `$paramod$73a3980ba8a68177b0617f0f620fd34f6ef3e417\axi4_lite_master'.
Finding identical cells in module `$paramod$73a3980ba8a68177b0617f0f620fd34f6ef3e417\gpio_slave'.
Computing hashes of 29 cells of `$paramod$73a3980ba8a68177b0617f0f620fd34f6ef3e417\gpio_slave'.
Finding duplicate cells in `$paramod$73a3980ba8a68177b0617f0f620fd34f6ef3e417\gpio_slave'.
Finding identical cells in module `$paramod\axi4_lite_addr_decoder\ADDR_WIDTH=s32'00000000000000000000000000100000'.
Computing hashes of 9 cells of `$paramod\axi4_lite_addr_decoder\ADDR_WIDTH=s32'00000000000000000000000000100000'.
Finding duplicate cells in `$paramod\axi4_lite_addr_decoder\ADDR_WIDTH=s32'00000000000000000000000000100000'.
Finding identical cells in module `\axi4_lite_top'.
Computing hashes of 93 cells of `\axi4_lite_top'.
Finding duplicate cells in `\axi4_lite_top'.
Removed a total of 0 cells.

11.3. Executing OPT_MUXTREE pass (detect dead branches in mux trees).
Running muxtree optimizer on module $paramod$7068ac09caa024df265143630f51c7da53a5c1cd\ram_slave..
  Creating internal representation of mux trees.
  Evaluating internal representation of mux trees.
  Analyzing evaluation results.
Running muxtree optimizer on module $paramod$73a3980ba8a68177b0617f0f620fd34f6ef3e417\axi4_lite_master..
  Creating internal representation of mux trees.
  Evaluating internal representation of mux trees.
  Analyzing evaluation results.
Running muxtree optimizer on module $paramod$73a3980ba8a68177b0617f0f620fd34f6ef3e417\gpio_slave..
  Creating internal representation of mux trees.
  Evaluating internal representation of mux trees.
  Analyzing evaluation results.
Running muxtree optimizer on module $paramod\axi4_lite_addr_decoder\ADDR_WIDTH=s32'00000000000000000000000000100000..
  Creating internal representation of mux trees.
  Evaluating internal representation of mux trees.
  Analyzing evaluation results.
Running muxtree optimizer on module \axi4_lite_top..
  Creating internal representation of mux trees.
  Evaluating internal representation of mux trees.
  Analyzing evaluation results.
Removed 0 multiplexer ports.
<suppressed ~5506 debug messages>

11.4. Executing OPT_REDUCE pass (consolidate $*mux and $reduce_* inputs).
  Optimizing cells in module $paramod$7068ac09caa024df265143630f51c7da53a5c1cd\ram_slave.
  Optimizing cells in module $paramod$73a3980ba8a68177b0617f0f620fd34f6ef3e417\axi4_lite_master.
  Optimizing cells in module $paramod$73a3980ba8a68177b0617f0f620fd34f6ef3e417\gpio_slave.
  Optimizing cells in module $paramod\axi4_lite_addr_decoder\ADDR_WIDTH=s32'00000000000000000000000000100000.
  Optimizing cells in module \axi4_lite_top.
Performed a total of 0 changes.

11.5. Executing OPT_MERGE pass (detect identical cells).
Finding identical cells in module `$paramod$7068ac09caa024df265143630f51c7da53a5c1cd\ram_slave'.
Computing hashes of 2897 cells of `$paramod$7068ac09caa024df265143630f51c7da53a5c1cd\ram_slave'.
Finding duplicate cells in `$paramod$7068ac09caa024df265143630f51c7da53a5c1cd\ram_slave'.
Finding identical cells in module `$paramod$73a3980ba8a68177b0617f0f620fd34f6ef3e417\axi4_lite_master'.
Computing hashes of 66 cells of `$paramod$73a3980ba8a68177b0617f0f620fd34f6ef3e417\axi4_lite_master'.
Finding duplicate cells in `$paramod$73a3980ba8a68177b0617f0f620fd34f6ef3e417\axi4_lite_master'.
Finding identical cells in module `$paramod$73a3980ba8a68177b0617f0f620fd34f6ef3e417\gpio_slave'.
Computing hashes of 29 cells of `$paramod$73a3980ba8a68177b0617f0f620fd34f6ef3e417\gpio_slave'.
Finding duplicate cells in `$paramod$73a3980ba8a68177b0617f0f620fd34f6ef3e417\gpio_slave'.
Finding identical cells in module `$paramod\axi4_lite_addr_decoder\ADDR_WIDTH=s32'00000000000000000000000000100000'.
Computing hashes of 9 cells of `$paramod\axi4_lite_addr_decoder\ADDR_WIDTH=s32'00000000000000000000000000100000'.
Finding duplicate cells in `$paramod\axi4_lite_addr_decoder\ADDR_WIDTH=s32'00000000000000000000000000100000'.
Finding identical cells in module `\axi4_lite_top'.
Computing hashes of 93 cells of `\axi4_lite_top'.
Finding duplicate cells in `\axi4_lite_top'.
Removed a total of 0 cells.

11.6. Executing OPT_DFF pass (perform DFF optimizations).

11.7. Executing OPT_CLEAN pass (remove unused cells and wires).
Finding unused cells or wires in module $paramod$7068ac09caa024df265143630f51c7da53a5c1cd\ram_slave..
Finding unused cells or wires in module $paramod$73a3980ba8a68177b0617f0f620fd34f6ef3e417\axi4_lite_master..
Finding unused cells or wires in module $paramod$73a3980ba8a68177b0617f0f620fd34f6ef3e417\gpio_slave..
Finding unused cells or wires in module $paramod\axi4_lite_addr_decoder\ADDR_WIDTH=s32'00000000000000000000000000100000..
Finding unused cells or wires in module \axi4_lite_top..
Removed 1 unused cells and 521 unused wires.
<suppressed ~2 debug messages>

11.8. Executing OPT_EXPR pass (perform const folding).
Optimizing module $paramod$7068ac09caa024df265143630f51c7da53a5c1cd\ram_slave.
Optimizing module $paramod$73a3980ba8a68177b0617f0f620fd34f6ef3e417\axi4_lite_master.
Optimizing module $paramod$73a3980ba8a68177b0617f0f620fd34f6ef3e417\gpio_slave.
Optimizing module $paramod\axi4_lite_addr_decoder\ADDR_WIDTH=s32'00000000000000000000000000100000.
Optimizing module axi4_lite_top.

11.9. Rerunning OPT passes. (Maybe there is more to do..)

11.10. Executing OPT_MUXTREE pass (detect dead branches in mux trees).
Running muxtree optimizer on module $paramod$7068ac09caa024df265143630f51c7da53a5c1cd\ram_slave..
  Creating internal representation of mux trees.
  Evaluating internal representation of mux trees.
  Analyzing evaluation results.
Running muxtree optimizer on module $paramod$73a3980ba8a68177b0617f0f620fd34f6ef3e417\axi4_lite_master..
  Creating internal representation of mux trees.
  Evaluating internal representation of mux trees.
  Analyzing evaluation results.
Running muxtree optimizer on module $paramod$73a3980ba8a68177b0617f0f620fd34f6ef3e417\gpio_slave..
  Creating internal representation of mux trees.
  Evaluating internal representation of mux trees.
  Analyzing evaluation results.
Running muxtree optimizer on module $paramod\axi4_lite_addr_decoder\ADDR_WIDTH=s32'00000000000000000000000000100000..
  Creating internal representation of mux trees.
  Evaluating internal representation of mux trees.
  Analyzing evaluation results.
Running muxtree optimizer on module \axi4_lite_top..
  Creating internal representation of mux trees.
  Evaluating internal representation of mux trees.
  Analyzing evaluation results.
Removed 0 multiplexer ports.
<suppressed ~5506 debug messages>

11.11. Executing OPT_REDUCE pass (consolidate $*mux and $reduce_* inputs).
  Optimizing cells in module $paramod$7068ac09caa024df265143630f51c7da53a5c1cd\ram_slave.
  Optimizing cells in module $paramod$73a3980ba8a68177b0617f0f620fd34f6ef3e417\axi4_lite_master.
  Optimizing cells in module $paramod$73a3980ba8a68177b0617f0f620fd34f6ef3e417\gpio_slave.
  Optimizing cells in module $paramod\axi4_lite_addr_decoder\ADDR_WIDTH=s32'00000000000000000000000000100000.
  Optimizing cells in module \axi4_lite_top.
Performed a total of 0 changes.

11.12. Executing OPT_MERGE pass (detect identical cells).
Finding identical cells in module `$paramod$7068ac09caa024df265143630f51c7da53a5c1cd\ram_slave'.
Computing hashes of 2896 cells of `$paramod$7068ac09caa024df265143630f51c7da53a5c1cd\ram_slave'.
Finding duplicate cells in `$paramod$7068ac09caa024df265143630f51c7da53a5c1cd\ram_slave'.
Finding identical cells in module `$paramod$73a3980ba8a68177b0617f0f620fd34f6ef3e417\axi4_lite_master'.
Computing hashes of 66 cells of `$paramod$73a3980ba8a68177b0617f0f620fd34f6ef3e417\axi4_lite_master'.
Finding duplicate cells in `$paramod$73a3980ba8a68177b0617f0f620fd34f6ef3e417\axi4_lite_master'.
Finding identical cells in module `$paramod$73a3980ba8a68177b0617f0f620fd34f6ef3e417\gpio_slave'.
Computing hashes of 29 cells of `$paramod$73a3980ba8a68177b0617f0f620fd34f6ef3e417\gpio_slave'.
Finding duplicate cells in `$paramod$73a3980ba8a68177b0617f0f620fd34f6ef3e417\gpio_slave'.
Finding identical cells in module `$paramod\axi4_lite_addr_decoder\ADDR_WIDTH=s32'00000000000000000000000000100000'.
Computing hashes of 9 cells of `$paramod\axi4_lite_addr_decoder\ADDR_WIDTH=s32'00000000000000000000000000100000'.
Finding duplicate cells in `$paramod\axi4_lite_addr_decoder\ADDR_WIDTH=s32'00000000000000000000000000100000'.
Finding identical cells in module `\axi4_lite_top'.
Computing hashes of 93 cells of `\axi4_lite_top'.
Finding duplicate cells in `\axi4_lite_top'.
Removed a total of 0 cells.

11.13. Executing OPT_DFF pass (perform DFF optimizations).
Adding EN signal on $memory\mem[9]$1671 ($dff) from module $paramod$7068ac09caa024df265143630f51c7da53a5c1cd\ram_slave (D = $0$memwr$\mem$/work/rtl/ram_slave.sv:82$225_DATA[31:0]$231 [7:0], Q = \mem[9] [7:0]).
Adding EN signal on $memory\mem[9]$1671 ($dff) from module $paramod$7068ac09caa024df265143630f51c7da53a5c1cd\ram_slave (D = $0$memwr$\mem$/work/rtl/ram_slave.sv:90$226_DATA[31:0]$234 [15:8], Q = \mem[9] [15:8]).
Adding EN signal on $memory\mem[9]$1671 ($dff) from module $paramod$7068ac09caa024df265143630f51c7da53a5c1cd\ram_slave (D = $0$memwr$\mem$/work/rtl/ram_slave.sv:98$227_DATA[31:0]$237 [23:16], Q = \mem[9] [23:16]).
Adding EN signal on $memory\mem[9]$1671 ($dff) from module $paramod$7068ac09caa024df265143630f51c7da53a5c1cd\ram_slave (D = $0$memwr$\mem$/work/rtl/ram_slave.sv:106$228_DATA[31:0]$240 [31:24], Q = \mem[9] [31:24]).
Adding EN signal on $memory\mem[99]$1851 ($dff) from module $paramod$7068ac09caa024df265143630f51c7da53a5c1cd\ram_slave (D = $0$memwr$\mem$/work/rtl/ram_slave.sv:82$225_DATA[31:0]$231 [7:0], Q = \mem[99] [7:0]).
Adding EN signal on $memory\mem[99]$1851 ($dff) from module $paramod$7068ac09caa024df265143630f51c7da53a5c1cd\ram_slave (D = $0$memwr$\mem$/work/rtl/ram_slave.sv:90$226_DATA[31:0]$234 [15:8], Q = \mem[99] [15:8]).
Adding EN signal on $memory\mem[99]$1851 ($dff) from module $paramod$7068ac09caa024df265143630f51c7da53a5c1cd\ram_slave (D = $0$memwr$\mem$/work/rtl/ram_slave.sv:98$227_DATA[31:0]$237 [23:16], Q = \mem[99] [23:16]).
Adding EN signal on $memory\mem[99]$1851 ($dff) from module $paramod$7068ac09caa024df265143630f51c7da53a5c1cd\ram_slave (D = $0$memwr$\mem$/work/rtl/ram_slave.sv:106$228_DATA[31:0]$240 [31:24], Q = \mem[99] [31:24]).
Adding EN signal on $memory\mem[98]$1849 ($dff) from module $paramod$7068ac09caa024df265143630f51c7da53a5c1cd\ram_slave (D = $0$memwr$\mem$/work/rtl/ram_slave.sv:82$225_DATA[31:0]$231 [7:0], Q = \mem[98] [7:0]).
Adding EN signal on $memory\mem[98]$1849 ($dff) from module $paramod$7068ac09caa024df265143630f51c7da53a5c1cd\ram_slave (D = $0$memwr$\mem$/work/rtl/ram_slave.sv:90$226_DATA[31:0]$234 [15:8], Q = \mem[98] [15:8]).
Adding EN signal on $memory\mem[98]$1849 ($dff) from module $paramod$7068ac09caa024df265143630f51c7da53a5c1cd\ram_slave (D = $0$memwr$\mem$/work/rtl/ram_slave.sv:98$227_DATA[31:0]$237 [23:16], Q = \mem[98] [23:16]).
Adding EN signal on $memory\mem[98]$1849 ($dff) from module $paramod$7068ac09caa024df265143630f51c7da53a5c1cd\ram_slave (D = $0$memwr$\mem$/work/rtl/ram_slave.sv:106$228_DATA[31:0]$240 [31:24], Q = \mem[98] [31:24]).
Adding EN signal on $memory\mem[97]$1847 ($dff) from module $paramod$7068ac09caa024df265143630f51c7da53a5c1cd\ram_slave (D = $0$memwr$\mem$/work/rtl/ram_slave.sv:82$225_DATA[31:0]$231 [7:0], Q = \mem[97] [7:0]).
Adding EN signal on $memory\mem[97]$1847 ($dff) from module $paramod$7068ac09caa024df265143630f51c7da53a5c1cd\ram_slave (D = $0$memwr$\mem$/work/rtl/ram_slave.sv:90$226_DATA[31:0]$234 [15:8], Q = \mem[97] [15:8]).
Adding EN signal on $memory\mem[97]$1847 ($dff) from module $paramod$7068ac09caa024df265143630f51c7da53a5c1cd\ram_slave (D = $0$memwr$\mem$/work/rtl/ram_slave.sv:98$227_DATA[31:0]$237 [23:16], Q = \mem[97] [23:16]).
Adding EN signal on $memory\mem[97]$1847 ($dff) from module $paramod$7068ac09caa024df265143630f51c7da53a5c1cd\ram_slave (D = $0$memwr$\mem$/work/rtl/ram_slave.sv:106$228_DATA[31:0]$240 [31:24], Q = \mem[97] [31:24]).
Adding EN signal on $memory\mem[96]$1845 ($dff) from module $paramod$7068ac09caa024df265143630f51c7da53a5c1cd\ram_slave (D = $0$memwr$\mem$/work/rtl/ram_slave.sv:82$225_DATA[31:0]$231 [7:0], Q = \mem[96] [7:0]).
Adding EN signal on $memory\mem[96]$1845 ($dff) from module $paramod$7068ac09caa024df265143630f51c7da53a5c1cd\ram_slave (D = $0$memwr$\mem$/work/rtl/ram_slave.sv:90$226_DATA[31:0]$234 [15:8], Q = \mem[96] [15:8]).
Adding EN signal on $memory\mem[96]$1845 ($dff) from module $paramod$7068ac09caa024df265143630f51c7da53a5c1cd\ram_slave (D = $0$memwr$\mem$/work/rtl/ram_slave.sv:98$227_DATA[31:0]$237 [23:16], Q = \mem[96] [23:16]).
Adding EN signal on $memory\mem[96]$1845 ($dff) from module $paramod$7068ac09caa024df265143630f51c7da53a5c1cd\ram_slave (D = $0$memwr$\mem$/work/rtl/ram_slave.sv:106$228_DATA[31:0]$240 [31:24], Q = \mem[96] [31:24]).
Adding EN signal on $memory\mem[95]$1843 ($dff) from module $paramod$7068ac09caa024df265143630f51c7da53a5c1cd\ram_slave (D = $0$memwr$\mem$/work/rtl/ram_slave.sv:82$225_DATA[31:0]$231 [7:0], Q = \mem[95] [7:0]).
Adding EN signal on $memory\mem[95]$1843 ($dff) from module $paramod$7068ac09caa024df265143630f51c7da53a5c1cd\ram_slave (D = $0$memwr$\mem$/work/rtl/ram_slave.sv:90$226_DATA[31:0]$234 [15:8], Q = \mem[95] [15:8]).
Adding EN signal on $memory\mem[95]$1843 ($dff) from module $paramod$7068ac09caa024df265143630f51c7da53a5c1cd\ram_slave (D = $0$memwr$\mem$/work/rtl/ram_slave.sv:98$227_DATA[31:0]$237 [23:16], Q = \mem[95] [23:16]).
Adding EN signal on $memory\mem[95]$1843 ($dff) from module $paramod$7068ac09caa024df265143630f51c7da53a5c1cd\ram_slave (D = $0$memwr$\mem$/work/rtl/ram_slave.sv:106$228_DATA[31:0]$240 [31:24], Q = \mem[95] [31:24]).
Adding EN signal on $memory\mem[94]$1841 ($dff) from module $paramod$7068ac09caa024df265143630f51c7da53a5c1cd\ram_slave (D = $0$memwr$\mem$/work/rtl/ram_slave.sv:82$225_DATA[31:0]$231 [7:0], Q = \mem[94] [7:0]).
Adding EN signal on $memory\mem[94]$1841 ($dff) from module $paramod$7068ac09caa024df265143630f51c7da53a5c1cd\ram_slave (D = $0$memwr$\mem$/work/rtl/ram_slave.sv:90$226_DATA[31:0]$234 [15:8], Q = \mem[94] [15:8]).
Adding EN signal on $memory\mem[94]$1841 ($dff) from module $paramod$7068ac09caa024df265143630f51c7da53a5c1cd\ram_slave (D = $0$memwr$\mem$/work/rtl/ram_slave.sv:98$227_DATA[31:0]$237 [23:16], Q = \mem[94] [23:16]).
Adding EN signal on $memory\mem[94]$1841 ($dff) from module $paramod$7068ac09caa024df265143630f51c7da53a5c1cd\ram_slave (D = $0$memwr$\mem$/work/rtl/ram_slave.sv:106$228_DATA[31:0]$240 [31:24], Q = \mem[94] [31:24]).
Adding EN signal on $memory\mem[93]$1839 ($dff) from module $paramod$7068ac09caa024df265143630f51c7da53a5c1cd\ram_slave (D = $0$memwr$\mem$/work/rtl/ram_slave.sv:82$225_DATA[31:0]$231 [7:0], Q = \mem[93] [7:0]).
Adding EN signal on $memory\mem[93]$1839 ($dff) from module $paramod$7068ac09caa024df265143630f51c7da53a5c1cd\ram_slave (D = $0$memwr$\mem$/work/rtl/ram_slave.sv:90$226_DATA[31:0]$234 [15:8], Q = \mem[93] [15:8]).
Adding EN signal on $memory\mem[93]$1839 ($dff) from module $paramod$7068ac09caa024df265143630f51c7da53a5c1cd\ram_slave (D = $0$memwr$\mem$/work/rtl/ram_slave.sv:98$227_DATA[31:0]$237 [23:16], Q = \mem[93] [23:16]).
Adding EN signal on $memory\mem[93]$1839 ($dff) from module $paramod$7068ac09caa024df265143630f51c7da53a5c1cd\ram_slave (D = $0$memwr$\mem$/work/rtl/ram_slave.sv:106$228_DATA[31:0]$240 [31:24], Q = \mem[93] [31:24]).
Adding EN signal on $memory\mem[92]$1837 ($dff) from module $paramod$7068ac09caa024df265143630f51c7da53a5c1cd\ram_slave (D = $0$memwr$\mem$/work/rtl/ram_slave.sv:82$225_DATA[31:0]$231 [7:0], Q = \mem[92] [7:0]).
Adding EN signal on $memory\mem[92]$1837 ($dff) from module $paramod$7068ac09caa024df265143630f51c7da53a5c1cd\ram_slave (D = $0$memwr$\mem$/work/rtl/ram_slave.sv:90$226_DATA[31:0]$234 [15:8], Q = \mem[92] [15:8]).
Adding EN signal on $memory\mem[92]$1837 ($dff) from module $paramod$7068ac09caa024df265143630f51c7da53a5c1cd\ram_slave (D = $0$memwr$\mem$/work/rtl/ram_slave.sv:98$227_DATA[31:0]$237 [23:16], Q = \mem[92] [23:16]).
Adding EN signal on $memory\mem[92]$1837 ($dff) from module $paramod$7068ac09caa024df265143630f51c7da53a5c1cd\ram_slave (D = $0$memwr$\mem$/work/rtl/ram_slave.sv:106$228_DATA[31:0]$240 [31:24], Q = \mem[92] [31:24]).
Adding EN signal on $memory\mem[91]$1835 ($dff) from module $paramod$7068ac09caa024df265143630f51c7da53a5c1cd\ram_slave (D = $0$memwr$\mem$/work/rtl/ram_slave.sv:82$225_DATA[31:0]$231 [7:0], Q = \mem[91] [7:0]).
Adding EN signal on $memory\mem[91]$1835 ($dff) from module $paramod$7068ac09caa024df265143630f51c7da53a5c1cd\ram_slave (D = $0$memwr$\mem$/work/rtl/ram_slave.sv:90$226_DATA[31:0]$234 [15:8], Q = \mem[91] [15:8]).
Adding EN signal on $memory\mem[91]$1835 ($dff) from module $paramod$7068ac09caa024df265143630f51c7da53a5c1cd\ram_slave (D = $0$memwr$\mem$/work/rtl/ram_slave.sv:98$227_DATA[31:0]$237 [23:16], Q = \mem[91] [23:16]).
Adding EN signal on $memory\mem[91]$1835 ($dff) from module $paramod$7068ac09caa024df265143630f51c7da53a5c1cd\ram_slave (D = $0$memwr$\mem$/work/rtl/ram_slave.sv:106$228_DATA[31:0]$240 [31:24], Q = \mem[91] [31:24]).
Adding EN signal on $memory\mem[90]$1833 ($dff) from module $paramod$7068ac09caa024df265143630f51c7da53a5c1cd\ram_slave (D = $0$memwr$\mem$/work/rtl/ram_slave.sv:82$225_DATA[31:0]$231 [7:0], Q = \mem[90] [7:0]).
Adding EN signal on $memory\mem[90]$1833 ($dff) from module $paramod$7068ac09caa024df265143630f51c7da53a5c1cd\ram_slave (D = $0$memwr$\mem$/work/rtl/ram_slave.sv:90$226_DATA[31:0]$234 [15:8], Q = \mem[90] [15:8]).
Adding EN signal on $memory\mem[90]$1833 ($dff) from module $paramod$7068ac09caa024df265143630f51c7da53a5c1cd\ram_slave (D = $0$memwr$\mem$/work/rtl/ram_slave.sv:98$227_DATA[31:0]$237 [23:16], Q = \mem[90] [23:16]).
Adding EN signal on $memory\mem[90]$1833 ($dff) from module $paramod$7068ac09caa024df265143630f51c7da53a5c1cd\ram_slave (D = $0$memwr$\mem$/work/rtl/ram_slave.sv:106$228_DATA[31:0]$240 [31:24], Q = \mem[90] [31:24]).
Adding EN signal on $memory\mem[8]$1669 ($dff) from module $paramod$7068ac09caa024df265143630f51c7da53a5c1cd\ram_slave (D = $0$memwr$\mem$/work/rtl/ram_slave.sv:82$225_DATA[31:0]$231 [7:0], Q = \mem[8] [7:0]).
Adding EN signal on $memory\mem[8]$1669 ($dff) from module $paramod$7068ac09caa024df265143630f51c7da53a5c1cd\ram_slave (D = $0$memwr$\mem$/work/rtl/ram_slave.sv:90$226_DATA[31:0]$234 [15:8], Q = \mem[8] [15:8]).
Adding EN signal on $memory\mem[8]$1669 ($dff) from module $paramod$7068ac09caa024df265143630f51c7da53a5c1cd\ram_slave (D = $0$memwr$\mem$/work/rtl/ram_slave.sv:98$227_DATA[31:0]$237 [23:16], Q = \mem[8] [23:16]).
Adding EN signal on $memory\mem[8]$1669 ($dff) from module $paramod$7068ac09caa024df265143630f51c7da53a5c1cd\ram_slave (D = $0$memwr$\mem$/work/rtl/ram_slave.sv:106$228_DATA[31:0]$240 [31:24], Q = \mem[8] [31:24]).
Adding EN signal on $memory\mem[89]$1831 ($dff) from module $paramod$7068ac09caa024df265143630f51c7da53a5c1cd\ram_slave (D = $0$memwr$\mem$/work/rtl/ram_slave.sv:82$225_DATA[31:0]$231 [7:0], Q = \mem[89] [7:0]).
Adding EN signal on $memory\mem[89]$1831 ($dff) from module $paramod$7068ac09caa024df265143630f51c7da53a5c1cd\ram_slave (D = $0$memwr$\mem$/work/rtl/ram_slave.sv:90$226_DATA[31:0]$234 [15:8], Q = \mem[89] [15:8]).
Adding EN signal on $memory\mem[89]$1831 ($dff) from module $paramod$7068ac09caa024df265143630f51c7da53a5c1cd\ram_slave (D = $0$memwr$\mem$/work/rtl/ram_slave.sv:98$227_DATA[31:0]$237 [23:16], Q = \mem[89] [23:16]).
Adding EN signal on $memory\mem[89]$1831 ($dff) from module $paramod$7068ac09caa024df265143630f51c7da53a5c1cd\ram_slave (D = $0$memwr$\mem$/work/rtl/ram_slave.sv:106$228_DATA[31:0]$240 [31:24], Q = \mem[89] [31:24]).
Adding EN signal on $memory\mem[88]$1829 ($dff) from module $paramod$7068ac09caa024df265143630f51c7da53a5c1cd\ram_slave (D = $0$memwr$\mem$/work/rtl/ram_slave.sv:82$225_DATA[31:0]$231 [7:0], Q = \mem[88] [7:0]).
Adding EN signal on $memory\mem[88]$1829 ($dff) from module $paramod$7068ac09caa024df265143630f51c7da53a5c1cd\ram_slave (D = $0$memwr$\mem$/work/rtl/ram_slave.sv:90$226_DATA[31:0]$234 [15:8], Q = \mem[88] [15:8]).
Adding EN signal on $memory\mem[88]$1829 ($dff) from module $paramod$7068ac09caa024df265143630f51c7da53a5c1cd\ram_slave (D = $0$memwr$\mem$/work/rtl/ram_slave.sv:98$227_DATA[31:0]$237 [23:16], Q = \mem[88] [23:16]).
Adding EN signal on $memory\mem[88]$1829 ($dff) from module $paramod$7068ac09caa024df265143630f51c7da53a5c1cd\ram_slave (D = $0$memwr$\mem$/work/rtl/ram_slave.sv:106$228_DATA[31:0]$240 [31:24], Q = \mem[88] [31:24]).
Adding EN signal on $memory\mem[87]$1827 ($dff) from module $paramod$7068ac09caa024df265143630f51c7da53a5c1cd\ram_slave (D = $0$memwr$\mem$/work/rtl/ram_slave.sv:82$225_DATA[31:0]$231 [7:0], Q = \mem[87] [7:0]).
Adding EN signal on $memory\mem[87]$1827 ($dff) from module $paramod$7068ac09caa024df265143630f51c7da53a5c1cd\ram_slave (D = $0$memwr$\mem$/work/rtl/ram_slave.sv:90$226_DATA[31:0]$234 [15:8], Q = \mem[87] [15:8]).
Adding EN signal on $memory\mem[87]$1827 ($dff) from module $paramod$7068ac09caa024df265143630f51c7da53a5c1cd\ram_slave (D = $0$memwr$\mem$/work/rtl/ram_slave.sv:98$227_DATA[31:0]$237 [23:16], Q = \mem[87] [23:16]).
Adding EN signal on $memory\mem[87]$1827 ($dff) from module $paramod$7068ac09caa024df265143630f51c7da53a5c1cd\ram_slave (D = $0$memwr$\mem$/work/rtl/ram_slave.sv:106$228_DATA[31:0]$240 [31:24], Q = \mem[87] [31:24]).
Adding EN signal on $memory\mem[86]$1825 ($dff) from module $paramod$7068ac09caa024df265143630f51c7da53a5c1cd\ram_slave (D = $0$memwr$\mem$/work/rtl/ram_slave.sv:82$225_DATA[31:0]$231 [7:0], Q = \mem[86] [7:0]).
Adding EN signal on $memory\mem[86]$1825 ($dff) from module $paramod$7068ac09caa024df265143630f51c7da53a5c1cd\ram_slave (D = $0$memwr$\mem$/work/rtl/ram_slave.sv:90$226_DATA[31:0]$234 [15:8], Q = \mem[86] [15:8]).
Adding EN signal on $memory\mem[86]$1825 ($dff) from module $paramod$7068ac09caa024df265143630f51c7da53a5c1cd\ram_slave (D = $0$memwr$\mem$/work/rtl/ram_slave.sv:98$227_DATA[31:0]$237 [23:16], Q = \mem[86] [23:16]).
Adding EN signal on $memory\mem[86]$1825 ($dff) from module $paramod$7068ac09caa024df265143630f51c7da53a5c1cd\ram_slave (D = $0$memwr$\mem$/work/rtl/ram_slave.sv:106$228_DATA[31:0]$240 [31:24], Q = \mem[86] [31:24]).
Adding EN signal on $memory\mem[85]$1823 ($dff) from module $paramod$7068ac09caa024df265143630f51c7da53a5c1cd\ram_slave (D = $0$memwr$\mem$/work/rtl/ram_slave.sv:82$225_DATA[31:0]$231 [7:0], Q = \mem[85] [7:0]).
Adding EN signal on $memory\mem[85]$1823 ($dff) from module $paramod$7068ac09caa024df265143630f51c7da53a5c1cd\ram_slave (D = $0$memwr$\mem$/work/rtl/ram_slave.sv:90$226_DATA[31:0]$234 [15:8], Q = \mem[85] [15:8]).
Adding EN signal on $memory\mem[85]$1823 ($dff) from module $paramod$7068ac09caa024df265143630f51c7da53a5c1cd\ram_slave (D = $0$memwr$\mem$/work/rtl/ram_slave.sv:98$227_DATA[31:0]$237 [23:16], Q = \mem[85] [23:16]).
Adding EN signal on $memory\mem[85]$1823 ($dff) from module $paramod$7068ac09caa024df265143630f51c7da53a5c1cd\ram_slave (D = $0$memwr$\mem$/work/rtl/ram_slave.sv:106$228_DATA[31:0]$240 [31:24], Q = \mem[85] [31:24]).
Adding EN signal on $memory\mem[84]$1821 ($dff) from module $paramod$7068ac09caa024df265143630f51c7da53a5c1cd\ram_slave (D = $0$memwr$\mem$/work/rtl/ram_slave.sv:82$225_DATA[31:0]$231 [7:0], Q = \mem[84] [7:0]).
Adding EN signal on $memory\mem[84]$1821 ($dff) from module $paramod$7068ac09caa024df265143630f51c7da53a5c1cd\ram_slave (D = $0$memwr$\mem$/work/rtl/ram_slave.sv:90$226_DATA[31:0]$234 [15:8], Q = \mem[84] [15:8]).
Adding EN signal on $memory\mem[84]$1821 ($dff) from module $paramod$7068ac09caa024df265143630f51c7da53a5c1cd\ram_slave (D = $0$memwr$\mem$/work/rtl/ram_slave.sv:98$227_DATA[31:0]$237 [23:16], Q = \mem[84] [23:16]).
Adding EN signal on $memory\mem[84]$1821 ($dff) from module $paramod$7068ac09caa024df265143630f51c7da53a5c1cd\ram_slave (D = $0$memwr$\mem$/work/rtl/ram_slave.sv:106$228_DATA[31:0]$240 [31:24], Q = \mem[84] [31:24]).
Adding EN signal on $memory\mem[83]$1819 ($dff) from module $paramod$7068ac09caa024df265143630f51c7da53a5c1cd\ram_slave (D = $0$memwr$\mem$/work/rtl/ram_slave.sv:82$225_DATA[31:0]$231 [7:0], Q = \mem[83] [7:0]).
Adding EN signal on $memory\mem[83]$1819 ($dff) from module $paramod$7068ac09caa024df265143630f51c7da53a5c1cd\ram_slave (D = $0$memwr$\mem$/work/rtl/ram_slave.sv:90$226_DATA[31:0]$234 [15:8], Q = \mem[83] [15:8]).
Adding EN signal on $memory\mem[83]$1819 ($dff) from module $paramod$7068ac09caa024df265143630f51c7da53a5c1cd\ram_slave (D = $0$memwr$\mem$/work/rtl/ram_slave.sv:98$227_DATA[31:0]$237 [23:16], Q = \mem[83] [23:16]).
Adding EN signal on $memory\mem[83]$1819 ($dff) from module $paramod$7068ac09caa024df265143630f51c7da53a5c1cd\ram_slave (D = $0$memwr$\mem$/work/rtl/ram_slave.sv:106$228_DATA[31:0]$240 [31:24], Q = \mem[83] [31:24]).
Adding EN signal on $memory\mem[82]$1817 ($dff) from module $paramod$7068ac09caa024df265143630f51c7da53a5c1cd\ram_slave (D = $0$memwr$\mem$/work/rtl/ram_slave.sv:82$225_DATA[31:0]$231 [7:0], Q = \mem[82] [7:0]).
Adding EN signal on $memory\mem[82]$1817 ($dff) from module $paramod$7068ac09caa024df265143630f51c7da53a5c1cd\ram_slave (D = $0$memwr$\mem$/work/rtl/ram_slave.sv:90$226_DATA[31:0]$234 [15:8], Q = \mem[82] [15:8]).
Adding EN signal on $memory\mem[82]$1817 ($dff) from module $paramod$7068ac09caa024df265143630f51c7da53a5c1cd\ram_slave (D = $0$memwr$\mem$/work/rtl/ram_slave.sv:98$227_DATA[31:0]$237 [23:16], Q = \mem[82] [23:16]).
Adding EN signal on $memory\mem[82]$1817 ($dff) from module $paramod$7068ac09caa024df265143630f51c7da53a5c1cd\ram_slave (D = $0$memwr$\mem$/work/rtl/ram_slave.sv:106$228_DATA[31:0]$240 [31:24], Q = \mem[82] [31:24]).
Adding EN signal on $memory\mem[81]$1815 ($dff) from module $paramod$7068ac09caa024df265143630f51c7da53a5c1cd\ram_slave (D = $0$memwr$\mem$/work/rtl/ram_slave.sv:82$225_DATA[31:0]$231 [7:0], Q = \mem[81] [7:0]).
Adding EN signal on $memory\mem[81]$1815 ($dff) from module $paramod$7068ac09caa024df265143630f51c7da53a5c1cd\ram_slave (D = $0$memwr$\mem$/work/rtl/ram_slave.sv:90$226_DATA[31:0]$234 [15:8], Q = \mem[81] [15:8]).
Adding EN signal on $memory\mem[81]$1815 ($dff) from module $paramod$7068ac09caa024df265143630f51c7da53a5c1cd\ram_slave (D = $0$memwr$\mem$/work/rtl/ram_slave.sv:98$227_DATA[31:0]$237 [23:16], Q = \mem[81] [23:16]).
Adding EN signal on $memory\mem[81]$1815 ($dff) from module $paramod$7068ac09caa024df265143630f51c7da53a5c1cd\ram_slave (D = $0$memwr$\mem$/work/rtl/ram_slave.sv:106$228_DATA[31:0]$240 [31:24], Q = \mem[81] [31:24]).
Adding EN signal on $memory\mem[80]$1813 ($dff) from module $paramod$7068ac09caa024df265143630f51c7da53a5c1cd\ram_slave (D = $0$memwr$\mem$/work/rtl/ram_slave.sv:82$225_DATA[31:0]$231 [7:0], Q = \mem[80] [7:0]).
Adding EN signal on $memory\mem[80]$1813 ($dff) from module $paramod$7068ac09caa024df265143630f51c7da53a5c1cd\ram_slave (D = $0$memwr$\mem$/work/rtl/ram_slave.sv:90$226_DATA[31:0]$234 [15:8], Q = \mem[80] [15:8]).
Adding EN signal on $memory\mem[80]$1813 ($dff) from module $paramod$7068ac09caa024df265143630f51c7da53a5c1cd\ram_slave (D = $0$memwr$\mem$/work/rtl/ram_slave.sv:98$227_DATA[31:0]$237 [23:16], Q = \mem[80] [23:16]).
Adding EN signal on $memory\mem[80]$1813 ($dff) from module $paramod$7068ac09caa024df265143630f51c7da53a5c1cd\ram_slave (D = $0$memwr$\mem$/work/rtl/ram_slave.sv:106$228_DATA[31:0]$240 [31:24], Q = \mem[80] [31:24]).
Adding EN signal on $memory\mem[7]$1667 ($dff) from module $paramod$7068ac09caa024df265143630f51c7da53a5c1cd\ram_slave (D = $0$memwr$\mem$/work/rtl/ram_slave.sv:82$225_DATA[31:0]$231 [7:0], Q = \mem[7] [7:0]).
Adding EN signal on $memory\mem[7]$1667 ($dff) from module $paramod$7068ac09caa024df265143630f51c7da53a5c1cd\ram_slave (D = $0$memwr$\mem$/work/rtl/ram_slave.sv:90$226_DATA[31:0]$234 [15:8], Q = \mem[7] [15:8]).
Adding EN signal on $memory\mem[7]$1667 ($dff) from module $paramod$7068ac09caa024df265143630f51c7da53a5c1cd\ram_slave (D = $0$memwr$\mem$/work/rtl/ram_slave.sv:98$227_DATA[31:0]$237 [23:16], Q = \mem[7] [23:16]).
Adding EN signal on $memory\mem[7]$1667 ($dff) from module $paramod$7068ac09caa024df265143630f51c7da53a5c1cd\ram_slave (D = $0$memwr$\mem$/work/rtl/ram_slave.sv:106$228_DATA[31:0]$240 [31:24], Q = \mem[7] [31:24]).
Adding EN signal on $memory\mem[79]$1811 ($dff) from module $paramod$7068ac09caa024df265143630f51c7da53a5c1cd\ram_slave (D = $0$memwr$\mem$/work/rtl/ram_slave.sv:82$225_DATA[31:0]$231 [7:0], Q = \mem[79] [7:0]).
Adding EN signal on $memory\mem[79]$1811 ($dff) from module $paramod$7068ac09caa024df265143630f51c7da53a5c1cd\ram_slave (D = $0$memwr$\mem$/work/rtl/ram_slave.sv:90$226_DATA[31:0]$234 [15:8], Q = \mem[79] [15:8]).
Adding EN signal on $memory\mem[79]$1811 ($dff) from module $paramod$7068ac09caa024df265143630f51c7da53a5c1cd\ram_slave (D = $0$memwr$\mem$/work/rtl/ram_slave.sv:98$227_DATA[31:0]$237 [23:16], Q = \mem[79] [23:16]).
Adding EN signal on $memory\mem[79]$1811 ($dff) from module $paramod$7068ac09caa024df265143630f51c7da53a5c1cd\ram_slave (D = $0$memwr$\mem$/work/rtl/ram_slave.sv:106$228_DATA[31:0]$240 [31:24], Q = \mem[79] [31:24]).
Adding EN signal on $memory\mem[78]$1809 ($dff) from module $paramod$7068ac09caa024df265143630f51c7da53a5c1cd\ram_slave (D = $0$memwr$\mem$/work/rtl/ram_slave.sv:82$225_DATA[31:0]$231 [7:0], Q = \mem[78] [7:0]).
Adding EN signal on $memory\mem[78]$1809 ($dff) from module $paramod$7068ac09caa024df265143630f51c7da53a5c1cd\ram_slave (D = $0$memwr$\mem$/work/rtl/ram_slave.sv:90$226_DATA[31:0]$234 [15:8], Q = \mem[78] [15:8]).
Adding EN signal on $memory\mem[78]$1809 ($dff) from module $paramod$7068ac09caa024df265143630f51c7da53a5c1cd\ram_slave (D = $0$memwr$\mem$/work/rtl/ram_slave.sv:98$227_DATA[31:0]$237 [23:16], Q = \mem[78] [23:16]).
Adding EN signal on $memory\mem[78]$1809 ($dff) from module $paramod$7068ac09caa024df265143630f51c7da53a5c1cd\ram_slave (D = $0$memwr$\mem$/work/rtl/ram_slave.sv:106$228_DATA[31:0]$240 [31:24], Q = \mem[78] [31:24]).
Adding EN signal on $memory\mem[77]$1807 ($dff) from module $paramod$7068ac09caa024df265143630f51c7da53a5c1cd\ram_slave (D = $0$memwr$\mem$/work/rtl/ram_slave.sv:82$225_DATA[31:0]$231 [7:0], Q = \mem[77] [7:0]).
Adding EN signal on $memory\mem[77]$1807 ($dff) from module $paramod$7068ac09caa024df265143630f51c7da53a5c1cd\ram_slave (D = $0$memwr$\mem$/work/rtl/ram_slave.sv:90$226_DATA[31:0]$234 [15:8], Q = \mem[77] [15:8]).
Adding EN signal on $memory\mem[77]$1807 ($dff) from module $paramod$7068ac09caa024df265143630f51c7da53a5c1cd\ram_slave (D = $0$memwr$\mem$/work/rtl/ram_slave.sv:98$227_DATA[31:0]$237 [23:16], Q = \mem[77] [23:16]).
Adding EN signal on $memory\mem[77]$1807 ($dff) from module $paramod$7068ac09caa024df265143630f51c7da53a5c1cd\ram_slave (D = $0$memwr$\mem$/work/rtl/ram_slave.sv:106$228_DATA[31:0]$240 [31:24], Q = \mem[77] [31:24]).
Adding EN signal on $memory\mem[76]$1805 ($dff) from module $paramod$7068ac09caa024df265143630f51c7da53a5c1cd\ram_slave (D = $0$memwr$\mem$/work/rtl/ram_slave.sv:82$225_DATA[31:0]$231 [7:0], Q = \mem[76] [7:0]).
Adding EN signal on $memory\mem[76]$1805 ($dff) from module $paramod$7068ac09caa024df265143630f51c7da53a5c1cd\ram_slave (D = $0$memwr$\mem$/work/rtl/ram_slave.sv:90$226_DATA[31:0]$234 [15:8], Q = \mem[76] [15:8]).
Adding EN signal on $memory\mem[76]$1805 ($dff) from module $paramod$7068ac09caa024df265143630f51c7da53a5c1cd\ram_slave (D = $0$memwr$\mem$/work/rtl/ram_slave.sv:98$227_DATA[31:0]$237 [23:16], Q = \mem[76] [23:16]).
Adding EN signal on $memory\mem[76]$1805 ($dff) from module $paramod$7068ac09caa024df265143630f51c7da53a5c1cd\ram_slave (D = $0$memwr$\mem$/work/rtl/ram_slave.sv:106$228_DATA[31:0]$240 [31:24], Q = \mem[76] [31:24]).
Adding EN signal on $memory\mem[75]$1803 ($dff) from module $paramod$7068ac09caa024df265143630f51c7da53a5c1cd\ram_slave (D = $0$memwr$\mem$/work/rtl/ram_slave.sv:82$225_DATA[31:0]$231 [7:0], Q = \mem[75] [7:0]).
Adding EN signal on $memory\mem[75]$1803 ($dff) from module $paramod$7068ac09caa024df265143630f51c7da53a5c1cd\ram_slave (D = $0$memwr$\mem$/work/rtl/ram_slave.sv:90$226_DATA[31:0]$234 [15:8], Q = \mem[75] [15:8]).
Adding EN signal on $memory\mem[75]$1803 ($dff) from module $paramod$7068ac09caa024df265143630f51c7da53a5c1cd\ram_slave (D = $0$memwr$\mem$/work/rtl/ram_slave.sv:98$227_DATA[31:0]$237 [23:16], Q = \mem[75] [23:16]).
Adding EN signal on $memory\mem[75]$1803 ($dff) from module $paramod$7068ac09caa024df265143630f51c7da53a5c1cd\ram_slave (D = $0$memwr$\mem$/work/rtl/ram_slave.sv:106$228_DATA[31:0]$240 [31:24], Q = \mem[75] [31:24]).
Adding EN signal on $memory\mem[74]$1801 ($dff) from module $paramod$7068ac09caa024df265143630f51c7da53a5c1cd\ram_slave (D = $0$memwr$\mem$/work/rtl/ram_slave.sv:82$225_DATA[31:0]$231 [7:0], Q = \mem[74] [7:0]).
Adding EN signal on $memory\mem[74]$1801 ($dff) from module $paramod$7068ac09caa024df265143630f51c7da53a5c1cd\ram_slave (D = $0$memwr$\mem$/work/rtl/ram_slave.sv:90$226_DATA[31:0]$234 [15:8], Q = \mem[74] [15:8]).
Adding EN signal on $memory\mem[74]$1801 ($dff) from module $paramod$7068ac09caa024df265143630f51c7da53a5c1cd\ram_slave (D = $0$memwr$\mem$/work/rtl/ram_slave.sv:98$227_DATA[31:0]$237 [23:16], Q = \mem[74] [23:16]).
Adding EN signal on $memory\mem[74]$1801 ($dff) from module $paramod$7068ac09caa024df265143630f51c7da53a5c1cd\ram_slave (D = $0$memwr$\mem$/work/rtl/ram_slave.sv:106$228_DATA[31:0]$240 [31:24], Q = \mem[74] [31:24]).
Adding EN signal on $memory\mem[73]$1799 ($dff) from module $paramod$7068ac09caa024df265143630f51c7da53a5c1cd\ram_slave (D = $0$memwr$\mem$/work/rtl/ram_slave.sv:82$225_DATA[31:0]$231 [7:0], Q = \mem[73] [7:0]).
Adding EN signal on $memory\mem[73]$1799 ($dff) from module $paramod$7068ac09caa024df265143630f51c7da53a5c1cd\ram_slave (D = $0$memwr$\mem$/work/rtl/ram_slave.sv:90$226_DATA[31:0]$234 [15:8], Q = \mem[73] [15:8]).
Adding EN signal on $memory\mem[73]$1799 ($dff) from module $paramod$7068ac09caa024df265143630f51c7da53a5c1cd\ram_slave (D = $0$memwr$\mem$/work/rtl/ram_slave.sv:98$227_DATA[31:0]$237 [23:16], Q = \mem[73] [23:16]).
Adding EN signal on $memory\mem[73]$1799 ($dff) from module $paramod$7068ac09caa024df265143630f51c7da53a5c1cd\ram_slave (D = $0$memwr$\mem$/work/rtl/ram_slave.sv:106$228_DATA[31:0]$240 [31:24], Q = \mem[73] [31:24]).
Adding EN signal on $memory\mem[72]$1797 ($dff) from module $paramod$7068ac09caa024df265143630f51c7da53a5c1cd\ram_slave (D = $0$memwr$\mem$/work/rtl/ram_slave.sv:82$225_DATA[31:0]$231 [7:0], Q = \mem[72] [7:0]).
Adding EN signal on $memory\mem[72]$1797 ($dff) from module $paramod$7068ac09caa024df265143630f51c7da53a5c1cd\ram_slave (D = $0$memwr$\mem$/work/rtl/ram_slave.sv:90$226_DATA[31:0]$234 [15:8], Q = \mem[72] [15:8]).
Adding EN signal on $memory\mem[72]$1797 ($dff) from module $paramod$7068ac09caa024df265143630f51c7da53a5c1cd\ram_slave (D = $0$memwr$\mem$/work/rtl/ram_slave.sv:98$227_DATA[31:0]$237 [23:16], Q = \mem[72] [23:16]).
Adding EN signal on $memory\mem[72]$1797 ($dff) from module $paramod$7068ac09caa024df265143630f51c7da53a5c1cd\ram_slave (D = $0$memwr$\mem$/work/rtl/ram_slave.sv:106$228_DATA[31:0]$240 [31:24], Q = \mem[72] [31:24]).
Adding EN signal on $memory\mem[71]$1795 ($dff) from module $paramod$7068ac09caa024df265143630f51c7da53a5c1cd\ram_slave (D = $0$memwr$\mem$/work/rtl/ram_slave.sv:82$225_DATA[31:0]$231 [7:0], Q = \mem[71] [7:0]).
Adding EN signal on $memory\mem[71]$1795 ($dff) from module $paramod$7068ac09caa024df265143630f51c7da53a5c1cd\ram_slave (D = $0$memwr$\mem$/work/rtl/ram_slave.sv:90$226_DATA[31:0]$234 [15:8], Q = \mem[71] [15:8]).
Adding EN signal on $memory\mem[71]$1795 ($dff) from module $paramod$7068ac09caa024df265143630f51c7da53a5c1cd\ram_slave (D = $0$memwr$\mem$/work/rtl/ram_slave.sv:98$227_DATA[31:0]$237 [23:16], Q = \mem[71] [23:16]).
Adding EN signal on $memory\mem[71]$1795 ($dff) from module $paramod$7068ac09caa024df265143630f51c7da53a5c1cd\ram_slave (D = $0$memwr$\mem$/work/rtl/ram_slave.sv:106$228_DATA[31:0]$240 [31:24], Q = \mem[71] [31:24]).
Adding EN signal on $memory\mem[70]$1793 ($dff) from module $paramod$7068ac09caa024df265143630f51c7da53a5c1cd\ram_slave (D = $0$memwr$\mem$/work/rtl/ram_slave.sv:82$225_DATA[31:0]$231 [7:0], Q = \mem[70] [7:0]).
Adding EN signal on $memory\mem[70]$1793 ($dff) from module $paramod$7068ac09caa024df265143630f51c7da53a5c1cd\ram_slave (D = $0$memwr$\mem$/work/rtl/ram_slave.sv:90$226_DATA[31:0]$234 [15:8], Q = \mem[70] [15:8]).
Adding EN signal on $memory\mem[70]$1793 ($dff) from module $paramod$7068ac09caa024df265143630f51c7da53a5c1cd\ram_slave (D = $0$memwr$\mem$/work/rtl/ram_slave.sv:98$227_DATA[31:0]$237 [23:16], Q = \mem[70] [23:16]).
Adding EN signal on $memory\mem[70]$1793 ($dff) from module $paramod$7068ac09caa024df265143630f51c7da53a5c1cd\ram_slave (D = $0$memwr$\mem$/work/rtl/ram_slave.sv:106$228_DATA[31:0]$240 [31:24], Q = \mem[70] [31:24]).
Adding EN signal on $memory\mem[6]$1665 ($dff) from module $paramod$7068ac09caa024df265143630f51c7da53a5c1cd\ram_slave (D = $0$memwr$\mem$/work/rtl/ram_slave.sv:82$225_DATA[31:0]$231 [7:0], Q = \mem[6] [7:0]).
Adding EN signal on $memory\mem[6]$1665 ($dff) from module $paramod$7068ac09caa024df265143630f51c7da53a5c1cd\ram_slave (D = $0$memwr$\mem$/work/rtl/ram_slave.sv:90$226_DATA[31:0]$234 [15:8], Q = \mem[6] [15:8]).
Adding EN signal on $memory\mem[6]$1665 ($dff) from module $paramod$7068ac09caa024df265143630f51c7da53a5c1cd\ram_slave (D = $0$memwr$\mem$/work/rtl/ram_slave.sv:98$227_DATA[31:0]$237 [23:16], Q = \mem[6] [23:16]).
Adding EN signal on $memory\mem[6]$1665 ($dff) from module $paramod$7068ac09caa024df265143630f51c7da53a5c1cd\ram_slave (D = $0$memwr$\mem$/work/rtl/ram_slave.sv:106$228_DATA[31:0]$240 [31:24], Q = \mem[6] [31:24]).
Adding EN signal on $memory\mem[69]$1791 ($dff) from module $paramod$7068ac09caa024df265143630f51c7da53a5c1cd\ram_slave (D = $0$memwr$\mem$/work/rtl/ram_slave.sv:82$225_DATA[31:0]$231 [7:0], Q = \mem[69] [7:0]).
Adding EN signal on $memory\mem[69]$1791 ($dff) from module $paramod$7068ac09caa024df265143630f51c7da53a5c1cd\ram_slave (D = $0$memwr$\mem$/work/rtl/ram_slave.sv:90$226_DATA[31:0]$234 [15:8], Q = \mem[69] [15:8]).
Adding EN signal on $memory\mem[69]$1791 ($dff) from module $paramod$7068ac09caa024df265143630f51c7da53a5c1cd\ram_slave (D = $0$memwr$\mem$/work/rtl/ram_slave.sv:98$227_DATA[31:0]$237 [23:16], Q = \mem[69] [23:16]).
Adding EN signal on $memory\mem[69]$1791 ($dff) from module $paramod$7068ac09caa024df265143630f51c7da53a5c1cd\ram_slave (D = $0$memwr$\mem$/work/rtl/ram_slave.sv:106$228_DATA[31:0]$240 [31:24], Q = \mem[69] [31:24]).
Adding EN signal on $memory\mem[68]$1789 ($dff) from module $paramod$7068ac09caa024df265143630f51c7da53a5c1cd\ram_slave (D = $0$memwr$\mem$/work/rtl/ram_slave.sv:82$225_DATA[31:0]$231 [7:0], Q = \mem[68] [7:0]).
Adding EN signal on $memory\mem[68]$1789 ($dff) from module $paramod$7068ac09caa024df265143630f51c7da53a5c1cd\ram_slave (D = $0$memwr$\mem$/work/rtl/ram_slave.sv:90$226_DATA[31:0]$234 [15:8], Q = \mem[68] [15:8]).
Adding EN signal on $memory\mem[68]$1789 ($dff) from module $paramod$7068ac09caa024df265143630f51c7da53a5c1cd\ram_slave (D = $0$memwr$\mem$/work/rtl/ram_slave.sv:98$227_DATA[31:0]$237 [23:16], Q = \mem[68] [23:16]).
Adding EN signal on $memory\mem[68]$1789 ($dff) from module $paramod$7068ac09caa024df265143630f51c7da53a5c1cd\ram_slave (D = $0$memwr$\mem$/work/rtl/ram_slave.sv:106$228_DATA[31:0]$240 [31:24], Q = \mem[68] [31:24]).
Adding EN signal on $memory\mem[67]$1787 ($dff) from module $paramod$7068ac09caa024df265143630f51c7da53a5c1cd\ram_slave (D = $0$memwr$\mem$/work/rtl/ram_slave.sv:82$225_DATA[31:0]$231 [7:0], Q = \mem[67] [7:0]).
Adding EN signal on $memory\mem[67]$1787 ($dff) from module $paramod$7068ac09caa024df265143630f51c7da53a5c1cd\ram_slave (D = $0$memwr$\mem$/work/rtl/ram_slave.sv:90$226_DATA[31:0]$234 [15:8], Q = \mem[67] [15:8]).
Adding EN signal on $memory\mem[67]$1787 ($dff) from module $paramod$7068ac09caa024df265143630f51c7da53a5c1cd\ram_slave (D = $0$memwr$\mem$/work/rtl/ram_slave.sv:98$227_DATA[31:0]$237 [23:16], Q = \mem[67] [23:16]).
Adding EN signal on $memory\mem[67]$1787 ($dff) from module $paramod$7068ac09caa024df265143630f51c7da53a5c1cd\ram_slave (D = $0$memwr$\mem$/work/rtl/ram_slave.sv:106$228_DATA[31:0]$240 [31:24], Q = \mem[67] [31:24]).
Adding EN signal on $memory\mem[66]$1785 ($dff) from module $paramod$7068ac09caa024df265143630f51c7da53a5c1cd\ram_slave (D = $0$memwr$\mem$/work/rtl/ram_slave.sv:82$225_DATA[31:0]$231 [7:0], Q = \mem[66] [7:0]).
Adding EN signal on $memory\mem[66]$1785 ($dff) from module $paramod$7068ac09caa024df265143630f51c7da53a5c1cd\ram_slave (D = $0$memwr$\mem$/work/rtl/ram_slave.sv:90$226_DATA[31:0]$234 [15:8], Q = \mem[66] [15:8]).
Adding EN signal on $memory\mem[66]$1785 ($dff) from module $paramod$7068ac09caa024df265143630f51c7da53a5c1cd\ram_slave (D = $0$memwr$\mem$/work/rtl/ram_slave.sv:98$227_DATA[31:0]$237 [23:16], Q = \mem[66] [23:16]).
Adding EN signal on $memory\mem[66]$1785 ($dff) from module $paramod$7068ac09caa024df265143630f51c7da53a5c1cd\ram_slave (D = $0$memwr$\mem$/work/rtl/ram_slave.sv:106$228_DATA[31:0]$240 [31:24], Q = \mem[66] [31:24]).
Adding EN signal on $memory\mem[65]$1783 ($dff) from module $paramod$7068ac09caa024df265143630f51c7da53a5c1cd\ram_slave (D = $0$memwr$\mem$/work/rtl/ram_slave.sv:82$225_DATA[31:0]$231 [7:0], Q = \mem[65] [7:0]).
Adding EN signal on $memory\mem[65]$1783 ($dff) from module $paramod$7068ac09caa024df265143630f51c7da53a5c1cd\ram_slave (D = $0$memwr$\mem$/work/rtl/ram_slave.sv:90$226_DATA[31:0]$234 [15:8], Q = \mem[65] [15:8]).
Adding EN signal on $memory\mem[65]$1783 ($dff) from module $paramod$7068ac09caa024df265143630f51c7da53a5c1cd\ram_slave (D = $0$memwr$\mem$/work/rtl/ram_slave.sv:98$227_DATA[31:0]$237 [23:16], Q = \mem[65] [23:16]).
Adding EN signal on $memory\mem[65]$1783 ($dff) from module $paramod$7068ac09caa024df265143630f51c7da53a5c1cd\ram_slave (D = $0$memwr$\mem$/work/rtl/ram_slave.sv:106$228_DATA[31:0]$240 [31:24], Q = \mem[65] [31:24]).
Adding EN signal on $memory\mem[64]$1781 ($dff) from module $paramod$7068ac09caa024df265143630f51c7da53a5c1cd\ram_slave (D = $0$memwr$\mem$/work/rtl/ram_slave.sv:82$225_DATA[31:0]$231 [7:0], Q = \mem[64] [7:0]).
Adding EN signal on $memory\mem[64]$1781 ($dff) from module $paramod$7068ac09caa024df265143630f51c7da53a5c1cd\ram_slave (D = $0$memwr$\mem$/work/rtl/ram_slave.sv:90$226_DATA[31:0]$234 [15:8], Q = \mem[64] [15:8]).
Adding EN signal on $memory\mem[64]$1781 ($dff) from module $paramod$7068ac09caa024df265143630f51c7da53a5c1cd\ram_slave (D = $0$memwr$\mem$/work/rtl/ram_slave.sv:98$227_DATA[31:0]$237 [23:16], Q = \mem[64] [23:16]).
Adding EN signal on $memory\mem[64]$1781 ($dff) from module $paramod$7068ac09caa024df265143630f51c7da53a5c1cd\ram_slave (D = $0$memwr$\mem$/work/rtl/ram_slave.sv:106$228_DATA[31:0]$240 [31:24], Q = \mem[64] [31:24]).
Adding EN signal on $memory\mem[63]$1779 ($dff) from module $paramod$7068ac09caa024df265143630f51c7da53a5c1cd\ram_slave (D = $0$memwr$\mem$/work/rtl/ram_slave.sv:82$225_DATA[31:0]$231 [7:0], Q = \mem[63] [7:0]).
Adding EN signal on $memory\mem[63]$1779 ($dff) from module $paramod$7068ac09caa024df265143630f51c7da53a5c1cd\ram_slave (D = $0$memwr$\mem$/work/rtl/ram_slave.sv:90$226_DATA[31:0]$234 [15:8], Q = \mem[63] [15:8]).
Adding EN signal on $memory\mem[63]$1779 ($dff) from module $paramod$7068ac09caa024df265143630f51c7da53a5c1cd\ram_slave (D = $0$memwr$\mem$/work/rtl/ram_slave.sv:98$227_DATA[31:0]$237 [23:16], Q = \mem[63] [23:16]).
Adding EN signal on $memory\mem[63]$1779 ($dff) from module $paramod$7068ac09caa024df265143630f51c7da53a5c1cd\ram_slave (D = $0$memwr$\mem$/work/rtl/ram_slave.sv:106$228_DATA[31:0]$240 [31:24], Q = \mem[63] [31:24]).
Adding EN signal on $memory\mem[62]$1777 ($dff) from module $paramod$7068ac09caa024df265143630f51c7da53a5c1cd\ram_slave (D = $0$memwr$\mem$/work/rtl/ram_slave.sv:82$225_DATA[31:0]$231 [7:0], Q = \mem[62] [7:0]).
Adding EN signal on $memory\mem[62]$1777 ($dff) from module $paramod$7068ac09caa024df265143630f51c7da53a5c1cd\ram_slave (D = $0$memwr$\mem$/work/rtl/ram_slave.sv:90$226_DATA[31:0]$234 [15:8], Q = \mem[62] [15:8]).
Adding EN signal on $memory\mem[62]$1777 ($dff) from module $paramod$7068ac09caa024df265143630f51c7da53a5c1cd\ram_slave (D = $0$memwr$\mem$/work/rtl/ram_slave.sv:98$227_DATA[31:0]$237 [23:16], Q = \mem[62] [23:16]).
Adding EN signal on $memory\mem[62]$1777 ($dff) from module $paramod$7068ac09caa024df265143630f51c7da53a5c1cd\ram_slave (D = $0$memwr$\mem$/work/rtl/ram_slave.sv:106$228_DATA[31:0]$240 [31:24], Q = \mem[62] [31:24]).
Adding EN signal on $memory\mem[61]$1775 ($dff) from module $paramod$7068ac09caa024df265143630f51c7da53a5c1cd\ram_slave (D = $0$memwr$\mem$/work/rtl/ram_slave.sv:82$225_DATA[31:0]$231 [7:0], Q = \mem[61] [7:0]).
Adding EN signal on $memory\mem[61]$1775 ($dff) from module $paramod$7068ac09caa024df265143630f51c7da53a5c1cd\ram_slave (D = $0$memwr$\mem$/work/rtl/ram_slave.sv:90$226_DATA[31:0]$234 [15:8], Q = \mem[61] [15:8]).
Adding EN signal on $memory\mem[61]$1775 ($dff) from module $paramod$7068ac09caa024df265143630f51c7da53a5c1cd\ram_slave (D = $0$memwr$\mem$/work/rtl/ram_slave.sv:98$227_DATA[31:0]$237 [23:16], Q = \mem[61] [23:16]).
Adding EN signal on $memory\mem[61]$1775 ($dff) from module $paramod$7068ac09caa024df265143630f51c7da53a5c1cd\ram_slave (D = $0$memwr$\mem$/work/rtl/ram_slave.sv:106$228_DATA[31:0]$240 [31:24], Q = \mem[61] [31:24]).
Adding EN signal on $memory\mem[60]$1773 ($dff) from module $paramod$7068ac09caa024df265143630f51c7da53a5c1cd\ram_slave (D = $0$memwr$\mem$/work/rtl/ram_slave.sv:82$225_DATA[31:0]$231 [7:0], Q = \mem[60] [7:0]).
Adding EN signal on $memory\mem[60]$1773 ($dff) from module $paramod$7068ac09caa024df265143630f51c7da53a5c1cd\ram_slave (D = $0$memwr$\mem$/work/rtl/ram_slave.sv:90$226_DATA[31:0]$234 [15:8], Q = \mem[60] [15:8]).
Adding EN signal on $memory\mem[60]$1773 ($dff) from module $paramod$7068ac09caa024df265143630f51c7da53a5c1cd\ram_slave (D = $0$memwr$\mem$/work/rtl/ram_slave.sv:98$227_DATA[31:0]$237 [23:16], Q = \mem[60] [23:16]).
Adding EN signal on $memory\mem[60]$1773 ($dff) from module $paramod$7068ac09caa024df265143630f51c7da53a5c1cd\ram_slave (D = $0$memwr$\mem$/work/rtl/ram_slave.sv:106$228_DATA[31:0]$240 [31:24], Q = \mem[60] [31:24]).
Adding EN signal on $memory\mem[5]$1663 ($dff) from module $paramod$7068ac09caa024df265143630f51c7da53a5c1cd\ram_slave (D = $0$memwr$\mem$/work/rtl/ram_slave.sv:82$225_DATA[31:0]$231 [7:0], Q = \mem[5] [7:0]).
Adding EN signal on $memory\mem[5]$1663 ($dff) from module $paramod$7068ac09caa024df265143630f51c7da53a5c1cd\ram_slave (D = $0$memwr$\mem$/work/rtl/ram_slave.sv:90$226_DATA[31:0]$234 [15:8], Q = \mem[5] [15:8]).
Adding EN signal on $memory\mem[5]$1663 ($dff) from module $paramod$7068ac09caa024df265143630f51c7da53a5c1cd\ram_slave (D = $0$memwr$\mem$/work/rtl/ram_slave.sv:98$227_DATA[31:0]$237 [23:16], Q = \mem[5] [23:16]).
Adding EN signal on $memory\mem[5]$1663 ($dff) from module $paramod$7068ac09caa024df265143630f51c7da53a5c1cd\ram_slave (D = $0$memwr$\mem$/work/rtl/ram_slave.sv:106$228_DATA[31:0]$240 [31:24], Q = \mem[5] [31:24]).
Adding EN signal on $memory\mem[59]$1771 ($dff) from module $paramod$7068ac09caa024df265143630f51c7da53a5c1cd\ram_slave (D = $0$memwr$\mem$/work/rtl/ram_slave.sv:82$225_DATA[31:0]$231 [7:0], Q = \mem[59] [7:0]).
Adding EN signal on $memory\mem[59]$1771 ($dff) from module $paramod$7068ac09caa024df265143630f51c7da53a5c1cd\ram_slave (D = $0$memwr$\mem$/work/rtl/ram_slave.sv:90$226_DATA[31:0]$234 [15:8], Q = \mem[59] [15:8]).
Adding EN signal on $memory\mem[59]$1771 ($dff) from module $paramod$7068ac09caa024df265143630f51c7da53a5c1cd\ram_slave (D = $0$memwr$\mem$/work/rtl/ram_slave.sv:98$227_DATA[31:0]$237 [23:16], Q = \mem[59] [23:16]).
Adding EN signal on $memory\mem[59]$1771 ($dff) from module $paramod$7068ac09caa024df265143630f51c7da53a5c1cd\ram_slave (D = $0$memwr$\mem$/work/rtl/ram_slave.sv:106$228_DATA[31:0]$240 [31:24], Q = \mem[59] [31:24]).
Adding EN signal on $memory\mem[58]$1769 ($dff) from module $paramod$7068ac09caa024df265143630f51c7da53a5c1cd\ram_slave (D = $0$memwr$\mem$/work/rtl/ram_slave.sv:82$225_DATA[31:0]$231 [7:0], Q = \mem[58] [7:0]).
Adding EN signal on $memory\mem[58]$1769 ($dff) from module $paramod$7068ac09caa024df265143630f51c7da53a5c1cd\ram_slave (D = $0$memwr$\mem$/work/rtl/ram_slave.sv:90$226_DATA[31:0]$234 [15:8], Q = \mem[58] [15:8]).
Adding EN signal on $memory\mem[58]$1769 ($dff) from module $paramod$7068ac09caa024df265143630f51c7da53a5c1cd\ram_slave (D = $0$memwr$\mem$/work/rtl/ram_slave.sv:98$227_DATA[31:0]$237 [23:16], Q = \mem[58] [23:16]).
Adding EN signal on $memory\mem[58]$1769 ($dff) from module $paramod$7068ac09caa024df265143630f51c7da53a5c1cd\ram_slave (D = $0$memwr$\mem$/work/rtl/ram_slave.sv:106$228_DATA[31:0]$240 [31:24], Q = \mem[58] [31:24]).
Adding EN signal on $memory\mem[57]$1767 ($dff) from module $paramod$7068ac09caa024df265143630f51c7da53a5c1cd\ram_slave (D = $0$memwr$\mem$/work/rtl/ram_slave.sv:82$225_DATA[31:0]$231 [7:0], Q = \mem[57] [7:0]).
Adding EN signal on $memory\mem[57]$1767 ($dff) from module $paramod$7068ac09caa024df265143630f51c7da53a5c1cd\ram_slave (D = $0$memwr$\mem$/work/rtl/ram_slave.sv:90$226_DATA[31:0]$234 [15:8], Q = \mem[57] [15:8]).
Adding EN signal on $memory\mem[57]$1767 ($dff) from module $paramod$7068ac09caa024df265143630f51c7da53a5c1cd\ram_slave (D = $0$memwr$\mem$/work/rtl/ram_slave.sv:98$227_DATA[31:0]$237 [23:16], Q = \mem[57] [23:16]).
Adding EN signal on $memory\mem[57]$1767 ($dff) from module $paramod$7068ac09caa024df265143630f51c7da53a5c1cd\ram_slave (D = $0$memwr$\mem$/work/rtl/ram_slave.sv:106$228_DATA[31:0]$240 [31:24], Q = \mem[57] [31:24]).
Adding EN signal on $memory\mem[56]$1765 ($dff) from module $paramod$7068ac09caa024df265143630f51c7da53a5c1cd\ram_slave (D = $0$memwr$\mem$/work/rtl/ram_slave.sv:82$225_DATA[31:0]$231 [7:0], Q = \mem[56] [7:0]).
Adding EN signal on $memory\mem[56]$1765 ($dff) from module $paramod$7068ac09caa024df265143630f51c7da53a5c1cd\ram_slave (D = $0$memwr$\mem$/work/rtl/ram_slave.sv:90$226_DATA[31:0]$234 [15:8], Q = \mem[56] [15:8]).
Adding EN signal on $memory\mem[56]$1765 ($dff) from module $paramod$7068ac09caa024df265143630f51c7da53a5c1cd\ram_slave (D = $0$memwr$\mem$/work/rtl/ram_slave.sv:98$227_DATA[31:0]$237 [23:16], Q = \mem[56] [23:16]).
Adding EN signal on $memory\mem[56]$1765 ($dff) from module $paramod$7068ac09caa024df265143630f51c7da53a5c1cd\ram_slave (D = $0$memwr$\mem$/work/rtl/ram_slave.sv:106$228_DATA[31:0]$240 [31:24], Q = \mem[56] [31:24]).
Adding EN signal on $memory\mem[55]$1763 ($dff) from module $paramod$7068ac09caa024df265143630f51c7da53a5c1cd\ram_slave (D = $0$memwr$\mem$/work/rtl/ram_slave.sv:82$225_DATA[31:0]$231 [7:0], Q = \mem[55] [7:0]).
Adding EN signal on $memory\mem[55]$1763 ($dff) from module $paramod$7068ac09caa024df265143630f51c7da53a5c1cd\ram_slave (D = $0$memwr$\mem$/work/rtl/ram_slave.sv:90$226_DATA[31:0]$234 [15:8], Q = \mem[55] [15:8]).
Adding EN signal on $memory\mem[55]$1763 ($dff) from module $paramod$7068ac09caa024df265143630f51c7da53a5c1cd\ram_slave (D = $0$memwr$\mem$/work/rtl/ram_slave.sv:98$227_DATA[31:0]$237 [23:16], Q = \mem[55] [23:16]).
Adding EN signal on $memory\mem[55]$1763 ($dff) from module $paramod$7068ac09caa024df265143630f51c7da53a5c1cd\ram_slave (D = $0$memwr$\mem$/work/rtl/ram_slave.sv:106$228_DATA[31:0]$240 [31:24], Q = \mem[55] [31:24]).
Adding EN signal on $memory\mem[54]$1761 ($dff) from module $paramod$7068ac09caa024df265143630f51c7da53a5c1cd\ram_slave (D = $0$memwr$\mem$/work/rtl/ram_slave.sv:82$225_DATA[31:0]$231 [7:0], Q = \mem[54] [7:0]).
Adding EN signal on $memory\mem[54]$1761 ($dff) from module $paramod$7068ac09caa024df265143630f51c7da53a5c1cd\ram_slave (D = $0$memwr$\mem$/work/rtl/ram_slave.sv:90$226_DATA[31:0]$234 [15:8], Q = \mem[54] [15:8]).
Adding EN signal on $memory\mem[54]$1761 ($dff) from module $paramod$7068ac09caa024df265143630f51c7da53a5c1cd\ram_slave (D = $0$memwr$\mem$/work/rtl/ram_slave.sv:98$227_DATA[31:0]$237 [23:16], Q = \mem[54] [23:16]).
Adding EN signal on $memory\mem[54]$1761 ($dff) from module $paramod$7068ac09caa024df265143630f51c7da53a5c1cd\ram_slave (D = $0$memwr$\mem$/work/rtl/ram_slave.sv:106$228_DATA[31:0]$240 [31:24], Q = \mem[54] [31:24]).
Adding EN signal on $memory\mem[53]$1759 ($dff) from module $paramod$7068ac09caa024df265143630f51c7da53a5c1cd\ram_slave (D = $0$memwr$\mem$/work/rtl/ram_slave.sv:82$225_DATA[31:0]$231 [7:0], Q = \mem[53] [7:0]).
Adding EN signal on $memory\mem[53]$1759 ($dff) from module $paramod$7068ac09caa024df265143630f51c7da53a5c1cd\ram_slave (D = $0$memwr$\mem$/work/rtl/ram_slave.sv:90$226_DATA[31:0]$234 [15:8], Q = \mem[53] [15:8]).
Adding EN signal on $memory\mem[53]$1759 ($dff) from module $paramod$7068ac09caa024df265143630f51c7da53a5c1cd\ram_slave (D = $0$memwr$\mem$/work/rtl/ram_slave.sv:98$227_DATA[31:0]$237 [23:16], Q = \mem[53] [23:16]).
Adding EN signal on $memory\mem[53]$1759 ($dff) from module $paramod$7068ac09caa024df265143630f51c7da53a5c1cd\ram_slave (D = $0$memwr$\mem$/work/rtl/ram_slave.sv:106$228_DATA[31:0]$240 [31:24], Q = \mem[53] [31:24]).
Adding EN signal on $memory\mem[52]$1757 ($dff) from module $paramod$7068ac09caa024df265143630f51c7da53a5c1cd\ram_slave (D = $0$memwr$\mem$/work/rtl/ram_slave.sv:82$225_DATA[31:0]$231 [7:0], Q = \mem[52] [7:0]).
Adding EN signal on $memory\mem[52]$1757 ($dff) from module $paramod$7068ac09caa024df265143630f51c7da53a5c1cd\ram_slave (D = $0$memwr$\mem$/work/rtl/ram_slave.sv:90$226_DATA[31:0]$234 [15:8], Q = \mem[52] [15:8]).
Adding EN signal on $memory\mem[52]$1757 ($dff) from module $paramod$7068ac09caa024df265143630f51c7da53a5c1cd\ram_slave (D = $0$memwr$\mem$/work/rtl/ram_slave.sv:98$227_DATA[31:0]$237 [23:16], Q = \mem[52] [23:16]).
Adding EN signal on $memory\mem[52]$1757 ($dff) from module $paramod$7068ac09caa024df265143630f51c7da53a5c1cd\ram_slave (D = $0$memwr$\mem$/work/rtl/ram_slave.sv:106$228_DATA[31:0]$240 [31:24], Q = \mem[52] [31:24]).
Adding EN signal on $memory\mem[51]$1755 ($dff) from module $paramod$7068ac09caa024df265143630f51c7da53a5c1cd\ram_slave (D = $0$memwr$\mem$/work/rtl/ram_slave.sv:82$225_DATA[31:0]$231 [7:0], Q = \mem[51] [7:0]).
Adding EN signal on $memory\mem[51]$1755 ($dff) from module $paramod$7068ac09caa024df265143630f51c7da53a5c1cd\ram_slave (D = $0$memwr$\mem$/work/rtl/ram_slave.sv:90$226_DATA[31:0]$234 [15:8], Q = \mem[51] [15:8]).
Adding EN signal on $memory\mem[51]$1755 ($dff) from module $paramod$7068ac09caa024df265143630f51c7da53a5c1cd\ram_slave (D = $0$memwr$\mem$/work/rtl/ram_slave.sv:98$227_DATA[31:0]$237 [23:16], Q = \mem[51] [23:16]).
Adding EN signal on $memory\mem[51]$1755 ($dff) from module $paramod$7068ac09caa024df265143630f51c7da53a5c1cd\ram_slave (D = $0$memwr$\mem$/work/rtl/ram_slave.sv:106$228_DATA[31:0]$240 [31:24], Q = \mem[51] [31:24]).
Adding EN signal on $memory\mem[50]$1753 ($dff) from module $paramod$7068ac09caa024df265143630f51c7da53a5c1cd\ram_slave (D = $0$memwr$\mem$/work/rtl/ram_slave.sv:82$225_DATA[31:0]$231 [7:0], Q = \mem[50] [7:0]).
Adding EN signal on $memory\mem[50]$1753 ($dff) from module $paramod$7068ac09caa024df265143630f51c7da53a5c1cd\ram_slave (D = $0$memwr$\mem$/work/rtl/ram_slave.sv:90$226_DATA[31:0]$234 [15:8], Q = \mem[50] [15:8]).
Adding EN signal on $memory\mem[50]$1753 ($dff) from module $paramod$7068ac09caa024df265143630f51c7da53a5c1cd\ram_slave (D = $0$memwr$\mem$/work/rtl/ram_slave.sv:98$227_DATA[31:0]$237 [23:16], Q = \mem[50] [23:16]).
Adding EN signal on $memory\mem[50]$1753 ($dff) from module $paramod$7068ac09caa024df265143630f51c7da53a5c1cd\ram_slave (D = $0$memwr$\mem$/work/rtl/ram_slave.sv:106$228_DATA[31:0]$240 [31:24], Q = \mem[50] [31:24]).
Adding EN signal on $memory\mem[4]$1661 ($dff) from module $paramod$7068ac09caa024df265143630f51c7da53a5c1cd\ram_slave (D = $0$memwr$\mem$/work/rtl/ram_slave.sv:82$225_DATA[31:0]$231 [7:0], Q = \mem[4] [7:0]).
Adding EN signal on $memory\mem[4]$1661 ($dff) from module $paramod$7068ac09caa024df265143630f51c7da53a5c1cd\ram_slave (D = $0$memwr$\mem$/work/rtl/ram_slave.sv:90$226_DATA[31:0]$234 [15:8], Q = \mem[4] [15:8]).
Adding EN signal on $memory\mem[4]$1661 ($dff) from module $paramod$7068ac09caa024df265143630f51c7da53a5c1cd\ram_slave (D = $0$memwr$\mem$/work/rtl/ram_slave.sv:98$227_DATA[31:0]$237 [23:16], Q = \mem[4] [23:16]).
Adding EN signal on $memory\mem[4]$1661 ($dff) from module $paramod$7068ac09caa024df265143630f51c7da53a5c1cd\ram_slave (D = $0$memwr$\mem$/work/rtl/ram_slave.sv:106$228_DATA[31:0]$240 [31:24], Q = \mem[4] [31:24]).
Adding EN signal on $memory\mem[49]$1751 ($dff) from module $paramod$7068ac09caa024df265143630f51c7da53a5c1cd\ram_slave (D = $0$memwr$\mem$/work/rtl/ram_slave.sv:82$225_DATA[31:0]$231 [7:0], Q = \mem[49] [7:0]).
Adding EN signal on $memory\mem[49]$1751 ($dff) from module $paramod$7068ac09caa024df265143630f51c7da53a5c1cd\ram_slave (D = $0$memwr$\mem$/work/rtl/ram_slave.sv:90$226_DATA[31:0]$234 [15:8], Q = \mem[49] [15:8]).
Adding EN signal on $memory\mem[49]$1751 ($dff) from module $paramod$7068ac09caa024df265143630f51c7da53a5c1cd\ram_slave (D = $0$memwr$\mem$/work/rtl/ram_slave.sv:98$227_DATA[31:0]$237 [23:16], Q = \mem[49] [23:16]).
Adding EN signal on $memory\mem[49]$1751 ($dff) from module $paramod$7068ac09caa024df265143630f51c7da53a5c1cd\ram_slave (D = $0$memwr$\mem$/work/rtl/ram_slave.sv:106$228_DATA[31:0]$240 [31:24], Q = \mem[49] [31:24]).
Adding EN signal on $memory\mem[48]$1749 ($dff) from module $paramod$7068ac09caa024df265143630f51c7da53a5c1cd\ram_slave (D = $0$memwr$\mem$/work/rtl/ram_slave.sv:82$225_DATA[31:0]$231 [7:0], Q = \mem[48] [7:0]).
Adding EN signal on $memory\mem[48]$1749 ($dff) from module $paramod$7068ac09caa024df265143630f51c7da53a5c1cd\ram_slave (D = $0$memwr$\mem$/work/rtl/ram_slave.sv:90$226_DATA[31:0]$234 [15:8], Q = \mem[48] [15:8]).
Adding EN signal on $memory\mem[48]$1749 ($dff) from module $paramod$7068ac09caa024df265143630f51c7da53a5c1cd\ram_slave (D = $0$memwr$\mem$/work/rtl/ram_slave.sv:98$227_DATA[31:0]$237 [23:16], Q = \mem[48] [23:16]).
Adding EN signal on $memory\mem[48]$1749 ($dff) from module $paramod$7068ac09caa024df265143630f51c7da53a5c1cd\ram_slave (D = $0$memwr$\mem$/work/rtl/ram_slave.sv:106$228_DATA[31:0]$240 [31:24], Q = \mem[48] [31:24]).
Adding EN signal on $memory\mem[47]$1747 ($dff) from module $paramod$7068ac09caa024df265143630f51c7da53a5c1cd\ram_slave (D = $0$memwr$\mem$/work/rtl/ram_slave.sv:82$225_DATA[31:0]$231 [7:0], Q = \mem[47] [7:0]).
Adding EN signal on $memory\mem[47]$1747 ($dff) from module $paramod$7068ac09caa024df265143630f51c7da53a5c1cd\ram_slave (D = $0$memwr$\mem$/work/rtl/ram_slave.sv:90$226_DATA[31:0]$234 [15:8], Q = \mem[47] [15:8]).
Adding EN signal on $memory\mem[47]$1747 ($dff) from module $paramod$7068ac09caa024df265143630f51c7da53a5c1cd\ram_slave (D = $0$memwr$\mem$/work/rtl/ram_slave.sv:98$227_DATA[31:0]$237 [23:16], Q = \mem[47] [23:16]).
Adding EN signal on $memory\mem[47]$1747 ($dff) from module $paramod$7068ac09caa024df265143630f51c7da53a5c1cd\ram_slave (D = $0$memwr$\mem$/work/rtl/ram_slave.sv:106$228_DATA[31:0]$240 [31:24], Q = \mem[47] [31:24]).
Adding EN signal on $memory\mem[46]$1745 ($dff) from module $paramod$7068ac09caa024df265143630f51c7da53a5c1cd\ram_slave (D = $0$memwr$\mem$/work/rtl/ram_slave.sv:82$225_DATA[31:0]$231 [7:0], Q = \mem[46] [7:0]).
Adding EN signal on $memory\mem[46]$1745 ($dff) from module $paramod$7068ac09caa024df265143630f51c7da53a5c1cd\ram_slave (D = $0$memwr$\mem$/work/rtl/ram_slave.sv:90$226_DATA[31:0]$234 [15:8], Q = \mem[46] [15:8]).
Adding EN signal on $memory\mem[46]$1745 ($dff) from module $paramod$7068ac09caa024df265143630f51c7da53a5c1cd\ram_slave (D = $0$memwr$\mem$/work/rtl/ram_slave.sv:98$227_DATA[31:0]$237 [23:16], Q = \mem[46] [23:16]).
Adding EN signal on $memory\mem[46]$1745 ($dff) from module $paramod$7068ac09caa024df265143630f51c7da53a5c1cd\ram_slave (D = $0$memwr$\mem$/work/rtl/ram_slave.sv:106$228_DATA[31:0]$240 [31:24], Q = \mem[46] [31:24]).
Adding EN signal on $memory\mem[45]$1743 ($dff) from module $paramod$7068ac09caa024df265143630f51c7da53a5c1cd\ram_slave (D = $0$memwr$\mem$/work/rtl/ram_slave.sv:82$225_DATA[31:0]$231 [7:0], Q = \mem[45] [7:0]).
Adding EN signal on $memory\mem[45]$1743 ($dff) from module $paramod$7068ac09caa024df265143630f51c7da53a5c1cd\ram_slave (D = $0$memwr$\mem$/work/rtl/ram_slave.sv:90$226_DATA[31:0]$234 [15:8], Q = \mem[45] [15:8]).
Adding EN signal on $memory\mem[45]$1743 ($dff) from module $paramod$7068ac09caa024df265143630f51c7da53a5c1cd\ram_slave (D = $0$memwr$\mem$/work/rtl/ram_slave.sv:98$227_DATA[31:0]$237 [23:16], Q = \mem[45] [23:16]).
Adding EN signal on $memory\mem[45]$1743 ($dff) from module $paramod$7068ac09caa024df265143630f51c7da53a5c1cd\ram_slave (D = $0$memwr$\mem$/work/rtl/ram_slave.sv:106$228_DATA[31:0]$240 [31:24], Q = \mem[45] [31:24]).
Adding EN signal on $memory\mem[44]$1741 ($dff) from module $paramod$7068ac09caa024df265143630f51c7da53a5c1cd\ram_slave (D = $0$memwr$\mem$/work/rtl/ram_slave.sv:82$225_DATA[31:0]$231 [7:0], Q = \mem[44] [7:0]).
Adding EN signal on $memory\mem[44]$1741 ($dff) from module $paramod$7068ac09caa024df265143630f51c7da53a5c1cd\ram_slave (D = $0$memwr$\mem$/work/rtl/ram_slave.sv:90$226_DATA[31:0]$234 [15:8], Q = \mem[44] [15:8]).
Adding EN signal on $memory\mem[44]$1741 ($dff) from module $paramod$7068ac09caa024df265143630f51c7da53a5c1cd\ram_slave (D = $0$memwr$\mem$/work/rtl/ram_slave.sv:98$227_DATA[31:0]$237 [23:16], Q = \mem[44] [23:16]).
Adding EN signal on $memory\mem[44]$1741 ($dff) from module $paramod$7068ac09caa024df265143630f51c7da53a5c1cd\ram_slave (D = $0$memwr$\mem$/work/rtl/ram_slave.sv:106$228_DATA[31:0]$240 [31:24], Q = \mem[44] [31:24]).
Adding EN signal on $memory\mem[43]$1739 ($dff) from module $paramod$7068ac09caa024df265143630f51c7da53a5c1cd\ram_slave (D = $0$memwr$\mem$/work/rtl/ram_slave.sv:82$225_DATA[31:0]$231 [7:0], Q = \mem[43] [7:0]).
Adding EN signal on $memory\mem[43]$1739 ($dff) from module $paramod$7068ac09caa024df265143630f51c7da53a5c1cd\ram_slave (D = $0$memwr$\mem$/work/rtl/ram_slave.sv:90$226_DATA[31:0]$234 [15:8], Q = \mem[43] [15:8]).
Adding EN signal on $memory\mem[43]$1739 ($dff) from module $paramod$7068ac09caa024df265143630f51c7da53a5c1cd\ram_slave (D = $0$memwr$\mem$/work/rtl/ram_slave.sv:98$227_DATA[31:0]$237 [23:16], Q = \mem[43] [23:16]).
Adding EN signal on $memory\mem[43]$1739 ($dff) from module $paramod$7068ac09caa024df265143630f51c7da53a5c1cd\ram_slave (D = $0$memwr$\mem$/work/rtl/ram_slave.sv:106$228_DATA[31:0]$240 [31:24], Q = \mem[43] [31:24]).
Adding EN signal on $memory\mem[42]$1737 ($dff) from module $paramod$7068ac09caa024df265143630f51c7da53a5c1cd\ram_slave (D = $0$memwr$\mem$/work/rtl/ram_slave.sv:82$225_DATA[31:0]$231 [7:0], Q = \mem[42] [7:0]).
Adding EN signal on $memory\mem[42]$1737 ($dff) from module $paramod$7068ac09caa024df265143630f51c7da53a5c1cd\ram_slave (D = $0$memwr$\mem$/work/rtl/ram_slave.sv:90$226_DATA[31:0]$234 [15:8], Q = \mem[42] [15:8]).
Adding EN signal on $memory\mem[42]$1737 ($dff) from module $paramod$7068ac09caa024df265143630f51c7da53a5c1cd\ram_slave (D = $0$memwr$\mem$/work/rtl/ram_slave.sv:98$227_DATA[31:0]$237 [23:16], Q = \mem[42] [23:16]).
Adding EN signal on $memory\mem[42]$1737 ($dff) from module $paramod$7068ac09caa024df265143630f51c7da53a5c1cd\ram_slave (D = $0$memwr$\mem$/work/rtl/ram_slave.sv:106$228_DATA[31:0]$240 [31:24], Q = \mem[42] [31:24]).
Adding EN signal on $memory\mem[41]$1735 ($dff) from module $paramod$7068ac09caa024df265143630f51c7da53a5c1cd\ram_slave (D = $0$memwr$\mem$/work/rtl/ram_slave.sv:82$225_DATA[31:0]$231 [7:0], Q = \mem[41] [7:0]).
Adding EN signal on $memory\mem[41]$1735 ($dff) from module $paramod$7068ac09caa024df265143630f51c7da53a5c1cd\ram_slave (D = $0$memwr$\mem$/work/rtl/ram_slave.sv:90$226_DATA[31:0]$234 [15:8], Q = \mem[41] [15:8]).
Adding EN signal on $memory\mem[41]$1735 ($dff) from module $paramod$7068ac09caa024df265143630f51c7da53a5c1cd\ram_slave (D = $0$memwr$\mem$/work/rtl/ram_slave.sv:98$227_DATA[31:0]$237 [23:16], Q = \mem[41] [23:16]).
Adding EN signal on $memory\mem[41]$1735 ($dff) from module $paramod$7068ac09caa024df265143630f51c7da53a5c1cd\ram_slave (D = $0$memwr$\mem$/work/rtl/ram_slave.sv:106$228_DATA[31:0]$240 [31:24], Q = \mem[41] [31:24]).
Adding EN signal on $memory\mem[40]$1733 ($dff) from module $paramod$7068ac09caa024df265143630f51c7da53a5c1cd\ram_slave (D = $0$memwr$\mem$/work/rtl/ram_slave.sv:82$225_DATA[31:0]$231 [7:0], Q = \mem[40] [7:0]).
Adding EN signal on $memory\mem[40]$1733 ($dff) from module $paramod$7068ac09caa024df265143630f51c7da53a5c1cd\ram_slave (D = $0$memwr$\mem$/work/rtl/ram_slave.sv:90$226_DATA[31:0]$234 [15:8], Q = \mem[40] [15:8]).
Adding EN signal on $memory\mem[40]$1733 ($dff) from module $paramod$7068ac09caa024df265143630f51c7da53a5c1cd\ram_slave (D = $0$memwr$\mem$/work/rtl/ram_slave.sv:98$227_DATA[31:0]$237 [23:16], Q = \mem[40] [23:16]).
Adding EN signal on $memory\mem[40]$1733 ($dff) from module $paramod$7068ac09caa024df265143630f51c7da53a5c1cd\ram_slave (D = $0$memwr$\mem$/work/rtl/ram_slave.sv:106$228_DATA[31:0]$240 [31:24], Q = \mem[40] [31:24]).
Adding EN signal on $memory\mem[3]$1659 ($dff) from module $paramod$7068ac09caa024df265143630f51c7da53a5c1cd\ram_slave (D = $0$memwr$\mem$/work/rtl/ram_slave.sv:82$225_DATA[31:0]$231 [7:0], Q = \mem[3] [7:0]).
Adding EN signal on $memory\mem[3]$1659 ($dff) from module $paramod$7068ac09caa024df265143630f51c7da53a5c1cd\ram_slave (D = $0$memwr$\mem$/work/rtl/ram_slave.sv:90$226_DATA[31:0]$234 [15:8], Q = \mem[3] [15:8]).
Adding EN signal on $memory\mem[3]$1659 ($dff) from module $paramod$7068ac09caa024df265143630f51c7da53a5c1cd\ram_slave (D = $0$memwr$\mem$/work/rtl/ram_slave.sv:98$227_DATA[31:0]$237 [23:16], Q = \mem[3] [23:16]).
Adding EN signal on $memory\mem[3]$1659 ($dff) from module $paramod$7068ac09caa024df265143630f51c7da53a5c1cd\ram_slave (D = $0$memwr$\mem$/work/rtl/ram_slave.sv:106$228_DATA[31:0]$240 [31:24], Q = \mem[3] [31:24]).
Adding EN signal on $memory\mem[39]$1731 ($dff) from module $paramod$7068ac09caa024df265143630f51c7da53a5c1cd\ram_slave (D = $0$memwr$\mem$/work/rtl/ram_slave.sv:82$225_DATA[31:0]$231 [7:0], Q = \mem[39] [7:0]).
Adding EN signal on $memory\mem[39]$1731 ($dff) from module $paramod$7068ac09caa024df265143630f51c7da53a5c1cd\ram_slave (D = $0$memwr$\mem$/work/rtl/ram_slave.sv:90$226_DATA[31:0]$234 [15:8], Q = \mem[39] [15:8]).
Adding EN signal on $memory\mem[39]$1731 ($dff) from module $paramod$7068ac09caa024df265143630f51c7da53a5c1cd\ram_slave (D = $0$memwr$\mem$/work/rtl/ram_slave.sv:98$227_DATA[31:0]$237 [23:16], Q = \mem[39] [23:16]).
Adding EN signal on $memory\mem[39]$1731 ($dff) from module $paramod$7068ac09caa024df265143630f51c7da53a5c1cd\ram_slave (D = $0$memwr$\mem$/work/rtl/ram_slave.sv:106$228_DATA[31:0]$240 [31:24], Q = \mem[39] [31:24]).
Adding EN signal on $memory\mem[38]$1729 ($dff) from module $paramod$7068ac09caa024df265143630f51c7da53a5c1cd\ram_slave (D = $0$memwr$\mem$/work/rtl/ram_slave.sv:82$225_DATA[31:0]$231 [7:0], Q = \mem[38] [7:0]).
Adding EN signal on $memory\mem[38]$1729 ($dff) from module $paramod$7068ac09caa024df265143630f51c7da53a5c1cd\ram_slave (D = $0$memwr$\mem$/work/rtl/ram_slave.sv:90$226_DATA[31:0]$234 [15:8], Q = \mem[38] [15:8]).
Adding EN signal on $memory\mem[38]$1729 ($dff) from module $paramod$7068ac09caa024df265143630f51c7da53a5c1cd\ram_slave (D = $0$memwr$\mem$/work/rtl/ram_slave.sv:98$227_DATA[31:0]$237 [23:16], Q = \mem[38] [23:16]).
Adding EN signal on $memory\mem[38]$1729 ($dff) from module $paramod$7068ac09caa024df265143630f51c7da53a5c1cd\ram_slave (D = $0$memwr$\mem$/work/rtl/ram_slave.sv:106$228_DATA[31:0]$240 [31:24], Q = \mem[38] [31:24]).
Adding EN signal on $memory\mem[37]$1727 ($dff) from module $paramod$7068ac09caa024df265143630f51c7da53a5c1cd\ram_slave (D = $0$memwr$\mem$/work/rtl/ram_slave.sv:82$225_DATA[31:0]$231 [7:0], Q = \mem[37] [7:0]).
Adding EN signal on $memory\mem[37]$1727 ($dff) from module $paramod$7068ac09caa024df265143630f51c7da53a5c1cd\ram_slave (D = $0$memwr$\mem$/work/rtl/ram_slave.sv:90$226_DATA[31:0]$234 [15:8], Q = \mem[37] [15:8]).
Adding EN signal on $memory\mem[37]$1727 ($dff) from module $paramod$7068ac09caa024df265143630f51c7da53a5c1cd\ram_slave (D = $0$memwr$\mem$/work/rtl/ram_slave.sv:98$227_DATA[31:0]$237 [23:16], Q = \mem[37] [23:16]).
Adding EN signal on $memory\mem[37]$1727 ($dff) from module $paramod$7068ac09caa024df265143630f51c7da53a5c1cd\ram_slave (D = $0$memwr$\mem$/work/rtl/ram_slave.sv:106$228_DATA[31:0]$240 [31:24], Q = \mem[37] [31:24]).
Adding EN signal on $memory\mem[36]$1725 ($dff) from module $paramod$7068ac09caa024df265143630f51c7da53a5c1cd\ram_slave (D = $0$memwr$\mem$/work/rtl/ram_slave.sv:82$225_DATA[31:0]$231 [7:0], Q = \mem[36] [7:0]).
Adding EN signal on $memory\mem[36]$1725 ($dff) from module $paramod$7068ac09caa024df265143630f51c7da53a5c1cd\ram_slave (D = $0$memwr$\mem$/work/rtl/ram_slave.sv:90$226_DATA[31:0]$234 [15:8], Q = \mem[36] [15:8]).
Adding EN signal on $memory\mem[36]$1725 ($dff) from module $paramod$7068ac09caa024df265143630f51c7da53a5c1cd\ram_slave (D = $0$memwr$\mem$/work/rtl/ram_slave.sv:98$227_DATA[31:0]$237 [23:16], Q = \mem[36] [23:16]).
Adding EN signal on $memory\mem[36]$1725 ($dff) from module $paramod$7068ac09caa024df265143630f51c7da53a5c1cd\ram_slave (D = $0$memwr$\mem$/work/rtl/ram_slave.sv:106$228_DATA[31:0]$240 [31:24], Q = \mem[36] [31:24]).
Adding EN signal on $memory\mem[35]$1723 ($dff) from module $paramod$7068ac09caa024df265143630f51c7da53a5c1cd\ram_slave (D = $0$memwr$\mem$/work/rtl/ram_slave.sv:82$225_DATA[31:0]$231 [7:0], Q = \mem[35] [7:0]).
Adding EN signal on $memory\mem[35]$1723 ($dff) from module $paramod$7068ac09caa024df265143630f51c7da53a5c1cd\ram_slave (D = $0$memwr$\mem$/work/rtl/ram_slave.sv:90$226_DATA[31:0]$234 [15:8], Q = \mem[35] [15:8]).
Adding EN signal on $memory\mem[35]$1723 ($dff) from module $paramod$7068ac09caa024df265143630f51c7da53a5c1cd\ram_slave (D = $0$memwr$\mem$/work/rtl/ram_slave.sv:98$227_DATA[31:0]$237 [23:16], Q = \mem[35] [23:16]).
Adding EN signal on $memory\mem[35]$1723 ($dff) from module $paramod$7068ac09caa024df265143630f51c7da53a5c1cd\ram_slave (D = $0$memwr$\mem$/work/rtl/ram_slave.sv:106$228_DATA[31:0]$240 [31:24], Q = \mem[35] [31:24]).
Adding EN signal on $memory\mem[34]$1721 ($dff) from module $paramod$7068ac09caa024df265143630f51c7da53a5c1cd\ram_slave (D = $0$memwr$\mem$/work/rtl/ram_slave.sv:82$225_DATA[31:0]$231 [7:0], Q = \mem[34] [7:0]).
Adding EN signal on $memory\mem[34]$1721 ($dff) from module $paramod$7068ac09caa024df265143630f51c7da53a5c1cd\ram_slave (D = $0$memwr$\mem$/work/rtl/ram_slave.sv:90$226_DATA[31:0]$234 [15:8], Q = \mem[34] [15:8]).
Adding EN signal on $memory\mem[34]$1721 ($dff) from module $paramod$7068ac09caa024df265143630f51c7da53a5c1cd\ram_slave (D = $0$memwr$\mem$/work/rtl/ram_slave.sv:98$227_DATA[31:0]$237 [23:16], Q = \mem[34] [23:16]).
Adding EN signal on $memory\mem[34]$1721 ($dff) from module $paramod$7068ac09caa024df265143630f51c7da53a5c1cd\ram_slave (D = $0$memwr$\mem$/work/rtl/ram_slave.sv:106$228_DATA[31:0]$240 [31:24], Q = \mem[34] [31:24]).
Adding EN signal on $memory\mem[33]$1719 ($dff) from module $paramod$7068ac09caa024df265143630f51c7da53a5c1cd\ram_slave (D = $0$memwr$\mem$/work/rtl/ram_slave.sv:82$225_DATA[31:0]$231 [7:0], Q = \mem[33] [7:0]).
Adding EN signal on $memory\mem[33]$1719 ($dff) from module $paramod$7068ac09caa024df265143630f51c7da53a5c1cd\ram_slave (D = $0$memwr$\mem$/work/rtl/ram_slave.sv:90$226_DATA[31:0]$234 [15:8], Q = \mem[33] [15:8]).
Adding EN signal on $memory\mem[33]$1719 ($dff) from module $paramod$7068ac09caa024df265143630f51c7da53a5c1cd\ram_slave (D = $0$memwr$\mem$/work/rtl/ram_slave.sv:98$227_DATA[31:0]$237 [23:16], Q = \mem[33] [23:16]).
Adding EN signal on $memory\mem[33]$1719 ($dff) from module $paramod$7068ac09caa024df265143630f51c7da53a5c1cd\ram_slave (D = $0$memwr$\mem$/work/rtl/ram_slave.sv:106$228_DATA[31:0]$240 [31:24], Q = \mem[33] [31:24]).
Adding EN signal on $memory\mem[32]$1717 ($dff) from module $paramod$7068ac09caa024df265143630f51c7da53a5c1cd\ram_slave (D = $0$memwr$\mem$/work/rtl/ram_slave.sv:82$225_DATA[31:0]$231 [7:0], Q = \mem[32] [7:0]).
Adding EN signal on $memory\mem[32]$1717 ($dff) from module $paramod$7068ac09caa024df265143630f51c7da53a5c1cd\ram_slave (D = $0$memwr$\mem$/work/rtl/ram_slave.sv:90$226_DATA[31:0]$234 [15:8], Q = \mem[32] [15:8]).
Adding EN signal on $memory\mem[32]$1717 ($dff) from module $paramod$7068ac09caa024df265143630f51c7da53a5c1cd\ram_slave (D = $0$memwr$\mem$/work/rtl/ram_slave.sv:98$227_DATA[31:0]$237 [23:16], Q = \mem[32] [23:16]).
Adding EN signal on $memory\mem[32]$1717 ($dff) from module $paramod$7068ac09caa024df265143630f51c7da53a5c1cd\ram_slave (D = $0$memwr$\mem$/work/rtl/ram_slave.sv:106$228_DATA[31:0]$240 [31:24], Q = \mem[32] [31:24]).
Adding EN signal on $memory\mem[31]$1715 ($dff) from module $paramod$7068ac09caa024df265143630f51c7da53a5c1cd\ram_slave (D = $0$memwr$\mem$/work/rtl/ram_slave.sv:82$225_DATA[31:0]$231 [7:0], Q = \mem[31] [7:0]).
Adding EN signal on $memory\mem[31]$1715 ($dff) from module $paramod$7068ac09caa024df265143630f51c7da53a5c1cd\ram_slave (D = $0$memwr$\mem$/work/rtl/ram_slave.sv:90$226_DATA[31:0]$234 [15:8], Q = \mem[31] [15:8]).
Adding EN signal on $memory\mem[31]$1715 ($dff) from module $paramod$7068ac09caa024df265143630f51c7da53a5c1cd\ram_slave (D = $0$memwr$\mem$/work/rtl/ram_slave.sv:98$227_DATA[31:0]$237 [23:16], Q = \mem[31] [23:16]).
Adding EN signal on $memory\mem[31]$1715 ($dff) from module $paramod$7068ac09caa024df265143630f51c7da53a5c1cd\ram_slave (D = $0$memwr$\mem$/work/rtl/ram_slave.sv:106$228_DATA[31:0]$240 [31:24], Q = \mem[31] [31:24]).
Adding EN signal on $memory\mem[30]$1713 ($dff) from module $paramod$7068ac09caa024df265143630f51c7da53a5c1cd\ram_slave (D = $0$memwr$\mem$/work/rtl/ram_slave.sv:82$225_DATA[31:0]$231 [7:0], Q = \mem[30] [7:0]).
Adding EN signal on $memory\mem[30]$1713 ($dff) from module $paramod$7068ac09caa024df265143630f51c7da53a5c1cd\ram_slave (D = $0$memwr$\mem$/work/rtl/ram_slave.sv:90$226_DATA[31:0]$234 [15:8], Q = \mem[30] [15:8]).
Adding EN signal on $memory\mem[30]$1713 ($dff) from module $paramod$7068ac09caa024df265143630f51c7da53a5c1cd\ram_slave (D = $0$memwr$\mem$/work/rtl/ram_slave.sv:98$227_DATA[31:0]$237 [23:16], Q = \mem[30] [23:16]).
Adding EN signal on $memory\mem[30]$1713 ($dff) from module $paramod$7068ac09caa024df265143630f51c7da53a5c1cd\ram_slave (D = $0$memwr$\mem$/work/rtl/ram_slave.sv:106$228_DATA[31:0]$240 [31:24], Q = \mem[30] [31:24]).
Adding EN signal on $memory\mem[2]$1657 ($dff) from module $paramod$7068ac09caa024df265143630f51c7da53a5c1cd\ram_slave (D = $0$memwr$\mem$/work/rtl/ram_slave.sv:82$225_DATA[31:0]$231 [7:0], Q = \mem[2] [7:0]).
Adding EN signal on $memory\mem[2]$1657 ($dff) from module $paramod$7068ac09caa024df265143630f51c7da53a5c1cd\ram_slave (D = $0$memwr$\mem$/work/rtl/ram_slave.sv:90$226_DATA[31:0]$234 [15:8], Q = \mem[2] [15:8]).
Adding EN signal on $memory\mem[2]$1657 ($dff) from module $paramod$7068ac09caa024df265143630f51c7da53a5c1cd\ram_slave (D = $0$memwr$\mem$/work/rtl/ram_slave.sv:98$227_DATA[31:0]$237 [23:16], Q = \mem[2] [23:16]).
Adding EN signal on $memory\mem[2]$1657 ($dff) from module $paramod$7068ac09caa024df265143630f51c7da53a5c1cd\ram_slave (D = $0$memwr$\mem$/work/rtl/ram_slave.sv:106$228_DATA[31:0]$240 [31:24], Q = \mem[2] [31:24]).
Adding EN signal on $memory\mem[29]$1711 ($dff) from module $paramod$7068ac09caa024df265143630f51c7da53a5c1cd\ram_slave (D = $0$memwr$\mem$/work/rtl/ram_slave.sv:82$225_DATA[31:0]$231 [7:0], Q = \mem[29] [7:0]).
Adding EN signal on $memory\mem[29]$1711 ($dff) from module $paramod$7068ac09caa024df265143630f51c7da53a5c1cd\ram_slave (D = $0$memwr$\mem$/work/rtl/ram_slave.sv:90$226_DATA[31:0]$234 [15:8], Q = \mem[29] [15:8]).
Adding EN signal on $memory\mem[29]$1711 ($dff) from module $paramod$7068ac09caa024df265143630f51c7da53a5c1cd\ram_slave (D = $0$memwr$\mem$/work/rtl/ram_slave.sv:98$227_DATA[31:0]$237 [23:16], Q = \mem[29] [23:16]).
Adding EN signal on $memory\mem[29]$1711 ($dff) from module $paramod$7068ac09caa024df265143630f51c7da53a5c1cd\ram_slave (D = $0$memwr$\mem$/work/rtl/ram_slave.sv:106$228_DATA[31:0]$240 [31:24], Q = \mem[29] [31:24]).
Adding EN signal on $memory\mem[28]$1709 ($dff) from module $paramod$7068ac09caa024df265143630f51c7da53a5c1cd\ram_slave (D = $0$memwr$\mem$/work/rtl/ram_slave.sv:82$225_DATA[31:0]$231 [7:0], Q = \mem[28] [7:0]).
Adding EN signal on $memory\mem[28]$1709 ($dff) from module $paramod$7068ac09caa024df265143630f51c7da53a5c1cd\ram_slave (D = $0$memwr$\mem$/work/rtl/ram_slave.sv:90$226_DATA[31:0]$234 [15:8], Q = \mem[28] [15:8]).
Adding EN signal on $memory\mem[28]$1709 ($dff) from module $paramod$7068ac09caa024df265143630f51c7da53a5c1cd\ram_slave (D = $0$memwr$\mem$/work/rtl/ram_slave.sv:98$227_DATA[31:0]$237 [23:16], Q = \mem[28] [23:16]).
Adding EN signal on $memory\mem[28]$1709 ($dff) from module $paramod$7068ac09caa024df265143630f51c7da53a5c1cd\ram_slave (D = $0$memwr$\mem$/work/rtl/ram_slave.sv:106$228_DATA[31:0]$240 [31:24], Q = \mem[28] [31:24]).
Adding EN signal on $memory\mem[27]$1707 ($dff) from module $paramod$7068ac09caa024df265143630f51c7da53a5c1cd\ram_slave (D = $0$memwr$\mem$/work/rtl/ram_slave.sv:82$225_DATA[31:0]$231 [7:0], Q = \mem[27] [7:0]).
Adding EN signal on $memory\mem[27]$1707 ($dff) from module $paramod$7068ac09caa024df265143630f51c7da53a5c1cd\ram_slave (D = $0$memwr$\mem$/work/rtl/ram_slave.sv:90$226_DATA[31:0]$234 [15:8], Q = \mem[27] [15:8]).
Adding EN signal on $memory\mem[27]$1707 ($dff) from module $paramod$7068ac09caa024df265143630f51c7da53a5c1cd\ram_slave (D = $0$memwr$\mem$/work/rtl/ram_slave.sv:98$227_DATA[31:0]$237 [23:16], Q = \mem[27] [23:16]).
Adding EN signal on $memory\mem[27]$1707 ($dff) from module $paramod$7068ac09caa024df265143630f51c7da53a5c1cd\ram_slave (D = $0$memwr$\mem$/work/rtl/ram_slave.sv:106$228_DATA[31:0]$240 [31:24], Q = \mem[27] [31:24]).
Adding EN signal on $memory\mem[26]$1705 ($dff) from module $paramod$7068ac09caa024df265143630f51c7da53a5c1cd\ram_slave (D = $0$memwr$\mem$/work/rtl/ram_slave.sv:82$225_DATA[31:0]$231 [7:0], Q = \mem[26] [7:0]).
Adding EN signal on $memory\mem[26]$1705 ($dff) from module $paramod$7068ac09caa024df265143630f51c7da53a5c1cd\ram_slave (D = $0$memwr$\mem$/work/rtl/ram_slave.sv:90$226_DATA[31:0]$234 [15:8], Q = \mem[26] [15:8]).
Adding EN signal on $memory\mem[26]$1705 ($dff) from module $paramod$7068ac09caa024df265143630f51c7da53a5c1cd\ram_slave (D = $0$memwr$\mem$/work/rtl/ram_slave.sv:98$227_DATA[31:0]$237 [23:16], Q = \mem[26] [23:16]).
Adding EN signal on $memory\mem[26]$1705 ($dff) from module $paramod$7068ac09caa024df265143630f51c7da53a5c1cd\ram_slave (D = $0$memwr$\mem$/work/rtl/ram_slave.sv:106$228_DATA[31:0]$240 [31:24], Q = \mem[26] [31:24]).
Adding EN signal on $memory\mem[25]$1703 ($dff) from module $paramod$7068ac09caa024df265143630f51c7da53a5c1cd\ram_slave (D = $0$memwr$\mem$/work/rtl/ram_slave.sv:82$225_DATA[31:0]$231 [7:0], Q = \mem[25] [7:0]).
Adding EN signal on $memory\mem[25]$1703 ($dff) from module $paramod$7068ac09caa024df265143630f51c7da53a5c1cd\ram_slave (D = $0$memwr$\mem$/work/rtl/ram_slave.sv:90$226_DATA[31:0]$234 [15:8], Q = \mem[25] [15:8]).
Adding EN signal on $memory\mem[25]$1703 ($dff) from module $paramod$7068ac09caa024df265143630f51c7da53a5c1cd\ram_slave (D = $0$memwr$\mem$/work/rtl/ram_slave.sv:98$227_DATA[31:0]$237 [23:16], Q = \mem[25] [23:16]).
Adding EN signal on $memory\mem[25]$1703 ($dff) from module $paramod$7068ac09caa024df265143630f51c7da53a5c1cd\ram_slave (D = $0$memwr$\mem$/work/rtl/ram_slave.sv:106$228_DATA[31:0]$240 [31:24], Q = \mem[25] [31:24]).
Adding EN signal on $memory\mem[255]$2163 ($dff) from module $paramod$7068ac09caa024df265143630f51c7da53a5c1cd\ram_slave (D = $0$memwr$\mem$/work/rtl/ram_slave.sv:82$225_DATA[31:0]$231 [7:0], Q = \mem[255] [7:0]).
Adding EN signal on $memory\mem[255]$2163 ($dff) from module $paramod$7068ac09caa024df265143630f51c7da53a5c1cd\ram_slave (D = $0$memwr$\mem$/work/rtl/ram_slave.sv:90$226_DATA[31:0]$234 [15:8], Q = \mem[255] [15:8]).
Adding EN signal on $memory\mem[255]$2163 ($dff) from module $paramod$7068ac09caa024df265143630f51c7da53a5c1cd\ram_slave (D = $0$memwr$\mem$/work/rtl/ram_slave.sv:98$227_DATA[31:0]$237 [23:16], Q = \mem[255] [23:16]).
Adding EN signal on $memory\mem[255]$2163 ($dff) from module $paramod$7068ac09caa024df265143630f51c7da53a5c1cd\ram_slave (D = $0$memwr$\mem$/work/rtl/ram_slave.sv:106$228_DATA[31:0]$240 [31:24], Q = \mem[255] [31:24]).
Adding EN signal on $memory\mem[254]$2161 ($dff) from module $paramod$7068ac09caa024df265143630f51c7da53a5c1cd\ram_slave (D = $0$memwr$\mem$/work/rtl/ram_slave.sv:82$225_DATA[31:0]$231 [7:0], Q = \mem[254] [7:0]).
Adding EN signal on $memory\mem[254]$2161 ($dff) from module $paramod$7068ac09caa024df265143630f51c7da53a5c1cd\ram_slave (D = $0$memwr$\mem$/work/rtl/ram_slave.sv:90$226_DATA[31:0]$234 [15:8], Q = \mem[254] [15:8]).
Adding EN signal on $memory\mem[254]$2161 ($dff) from module $paramod$7068ac09caa024df265143630f51c7da53a5c1cd\ram_slave (D = $0$memwr$\mem$/work/rtl/ram_slave.sv:98$227_DATA[31:0]$237 [23:16], Q = \mem[254] [23:16]).
Adding EN signal on $memory\mem[254]$2161 ($dff) from module $paramod$7068ac09caa024df265143630f51c7da53a5c1cd\ram_slave (D = $0$memwr$\mem$/work/rtl/ram_slave.sv:106$228_DATA[31:0]$240 [31:24], Q = \mem[254] [31:24]).
Adding EN signal on $memory\mem[253]$2159 ($dff) from module $paramod$7068ac09caa024df265143630f51c7da53a5c1cd\ram_slave (D = $0$memwr$\mem$/work/rtl/ram_slave.sv:82$225_DATA[31:0]$231 [7:0], Q = \mem[253] [7:0]).
Adding EN signal on $memory\mem[253]$2159 ($dff) from module $paramod$7068ac09caa024df265143630f51c7da53a5c1cd\ram_slave (D = $0$memwr$\mem$/work/rtl/ram_slave.sv:90$226_DATA[31:0]$234 [15:8], Q = \mem[253] [15:8]).
Adding EN signal on $memory\mem[253]$2159 ($dff) from module $paramod$7068ac09caa024df265143630f51c7da53a5c1cd\ram_slave (D = $0$memwr$\mem$/work/rtl/ram_slave.sv:98$227_DATA[31:0]$237 [23:16], Q = \mem[253] [23:16]).
Adding EN signal on $memory\mem[253]$2159 ($dff) from module $paramod$7068ac09caa024df265143630f51c7da53a5c1cd\ram_slave (D = $0$memwr$\mem$/work/rtl/ram_slave.sv:106$228_DATA[31:0]$240 [31:24], Q = \mem[253] [31:24]).
Adding EN signal on $memory\mem[252]$2157 ($dff) from module $paramod$7068ac09caa024df265143630f51c7da53a5c1cd\ram_slave (D = $0$memwr$\mem$/work/rtl/ram_slave.sv:82$225_DATA[31:0]$231 [7:0], Q = \mem[252] [7:0]).
Adding EN signal on $memory\mem[252]$2157 ($dff) from module $paramod$7068ac09caa024df265143630f51c7da53a5c1cd\ram_slave (D = $0$memwr$\mem$/work/rtl/ram_slave.sv:90$226_DATA[31:0]$234 [15:8], Q = \mem[252] [15:8]).
Adding EN signal on $memory\mem[252]$2157 ($dff) from module $paramod$7068ac09caa024df265143630f51c7da53a5c1cd\ram_slave (D = $0$memwr$\mem$/work/rtl/ram_slave.sv:98$227_DATA[31:0]$237 [23:16], Q = \mem[252] [23:16]).
Adding EN signal on $memory\mem[252]$2157 ($dff) from module $paramod$7068ac09caa024df265143630f51c7da53a5c1cd\ram_slave (D = $0$memwr$\mem$/work/rtl/ram_slave.sv:106$228_DATA[31:0]$240 [31:24], Q = \mem[252] [31:24]).
Adding EN signal on $memory\mem[251]$2155 ($dff) from module $paramod$7068ac09caa024df265143630f51c7da53a5c1cd\ram_slave (D = $0$memwr$\mem$/work/rtl/ram_slave.sv:82$225_DATA[31:0]$231 [7:0], Q = \mem[251] [7:0]).
Adding EN signal on $memory\mem[251]$2155 ($dff) from module $paramod$7068ac09caa024df265143630f51c7da53a5c1cd\ram_slave (D = $0$memwr$\mem$/work/rtl/ram_slave.sv:90$226_DATA[31:0]$234 [15:8], Q = \mem[251] [15:8]).
Adding EN signal on $memory\mem[251]$2155 ($dff) from module $paramod$7068ac09caa024df265143630f51c7da53a5c1cd\ram_slave (D = $0$memwr$\mem$/work/rtl/ram_slave.sv:98$227_DATA[31:0]$237 [23:16], Q = \mem[251] [23:16]).
Adding EN signal on $memory\mem[251]$2155 ($dff) from module $paramod$7068ac09caa024df265143630f51c7da53a5c1cd\ram_slave (D = $0$memwr$\mem$/work/rtl/ram_slave.sv:106$228_DATA[31:0]$240 [31:24], Q = \mem[251] [31:24]).
Adding EN signal on $memory\mem[250]$2153 ($dff) from module $paramod$7068ac09caa024df265143630f51c7da53a5c1cd\ram_slave (D = $0$memwr$\mem$/work/rtl/ram_slave.sv:82$225_DATA[31:0]$231 [7:0], Q = \mem[250] [7:0]).
Adding EN signal on $memory\mem[250]$2153 ($dff) from module $paramod$7068ac09caa024df265143630f51c7da53a5c1cd\ram_slave (D = $0$memwr$\mem$/work/rtl/ram_slave.sv:90$226_DATA[31:0]$234 [15:8], Q = \mem[250] [15:8]).
Adding EN signal on $memory\mem[250]$2153 ($dff) from module $paramod$7068ac09caa024df265143630f51c7da53a5c1cd\ram_slave (D = $0$memwr$\mem$/work/rtl/ram_slave.sv:98$227_DATA[31:0]$237 [23:16], Q = \mem[250] [23:16]).
Adding EN signal on $memory\mem[250]$2153 ($dff) from module $paramod$7068ac09caa024df265143630f51c7da53a5c1cd\ram_slave (D = $0$memwr$\mem$/work/rtl/ram_slave.sv:106$228_DATA[31:0]$240 [31:24], Q = \mem[250] [31:24]).
Adding EN signal on $memory\mem[24]$1701 ($dff) from module $paramod$7068ac09caa024df265143630f51c7da53a5c1cd\ram_slave (D = $0$memwr$\mem$/work/rtl/ram_slave.sv:82$225_DATA[31:0]$231 [7:0], Q = \mem[24] [7:0]).
Adding EN signal on $memory\mem[24]$1701 ($dff) from module $paramod$7068ac09caa024df265143630f51c7da53a5c1cd\ram_slave (D = $0$memwr$\mem$/work/rtl/ram_slave.sv:90$226_DATA[31:0]$234 [15:8], Q = \mem[24] [15:8]).
Adding EN signal on $memory\mem[24]$1701 ($dff) from module $paramod$7068ac09caa024df265143630f51c7da53a5c1cd\ram_slave (D = $0$memwr$\mem$/work/rtl/ram_slave.sv:98$227_DATA[31:0]$237 [23:16], Q = \mem[24] [23:16]).
Adding EN signal on $memory\mem[24]$1701 ($dff) from module $paramod$7068ac09caa024df265143630f51c7da53a5c1cd\ram_slave (D = $0$memwr$\mem$/work/rtl/ram_slave.sv:106$228_DATA[31:0]$240 [31:24], Q = \mem[24] [31:24]).
Adding EN signal on $memory\mem[249]$2151 ($dff) from module $paramod$7068ac09caa024df265143630f51c7da53a5c1cd\ram_slave (D = $0$memwr$\mem$/work/rtl/ram_slave.sv:82$225_DATA[31:0]$231 [7:0], Q = \mem[249] [7:0]).
Adding EN signal on $memory\mem[249]$2151 ($dff) from module $paramod$7068ac09caa024df265143630f51c7da53a5c1cd\ram_slave (D = $0$memwr$\mem$/work/rtl/ram_slave.sv:90$226_DATA[31:0]$234 [15:8], Q = \mem[249] [15:8]).
Adding EN signal on $memory\mem[249]$2151 ($dff) from module $paramod$7068ac09caa024df265143630f51c7da53a5c1cd\ram_slave (D = $0$memwr$\mem$/work/rtl/ram_slave.sv:98$227_DATA[31:0]$237 [23:16], Q = \mem[249] [23:16]).
Adding EN signal on $memory\mem[249]$2151 ($dff) from module $paramod$7068ac09caa024df265143630f51c7da53a5c1cd\ram_slave (D = $0$memwr$\mem$/work/rtl/ram_slave.sv:106$228_DATA[31:0]$240 [31:24], Q = \mem[249] [31:24]).
Adding EN signal on $memory\mem[248]$2149 ($dff) from module $paramod$7068ac09caa024df265143630f51c7da53a5c1cd\ram_slave (D = $0$memwr$\mem$/work/rtl/ram_slave.sv:82$225_DATA[31:0]$231 [7:0], Q = \mem[248] [7:0]).
Adding EN signal on $memory\mem[248]$2149 ($dff) from module $paramod$7068ac09caa024df265143630f51c7da53a5c1cd\ram_slave (D = $0$memwr$\mem$/work/rtl/ram_slave.sv:90$226_DATA[31:0]$234 [15:8], Q = \mem[248] [15:8]).
Adding EN signal on $memory\mem[248]$2149 ($dff) from module $paramod$7068ac09caa024df265143630f51c7da53a5c1cd\ram_slave (D = $0$memwr$\mem$/work/rtl/ram_slave.sv:98$227_DATA[31:0]$237 [23:16], Q = \mem[248] [23:16]).
Adding EN signal on $memory\mem[248]$2149 ($dff) from module $paramod$7068ac09caa024df265143630f51c7da53a5c1cd\ram_slave (D = $0$memwr$\mem$/work/rtl/ram_slave.sv:106$228_DATA[31:0]$240 [31:24], Q = \mem[248] [31:24]).
Adding EN signal on $memory\mem[247]$2147 ($dff) from module $paramod$7068ac09caa024df265143630f51c7da53a5c1cd\ram_slave (D = $0$memwr$\mem$/work/rtl/ram_slave.sv:82$225_DATA[31:0]$231 [7:0], Q = \mem[247] [7:0]).
Adding EN signal on $memory\mem[247]$2147 ($dff) from module $paramod$7068ac09caa024df265143630f51c7da53a5c1cd\ram_slave (D = $0$memwr$\mem$/work/rtl/ram_slave.sv:90$226_DATA[31:0]$234 [15:8], Q = \mem[247] [15:8]).
Adding EN signal on $memory\mem[247]$2147 ($dff) from module $paramod$7068ac09caa024df265143630f51c7da53a5c1cd\ram_slave (D = $0$memwr$\mem$/work/rtl/ram_slave.sv:98$227_DATA[31:0]$237 [23:16], Q = \mem[247] [23:16]).
Adding EN signal on $memory\mem[247]$2147 ($dff) from module $paramod$7068ac09caa024df265143630f51c7da53a5c1cd\ram_slave (D = $0$memwr$\mem$/work/rtl/ram_slave.sv:106$228_DATA[31:0]$240 [31:24], Q = \mem[247] [31:24]).
Adding EN signal on $memory\mem[246]$2145 ($dff) from module $paramod$7068ac09caa024df265143630f51c7da53a5c1cd\ram_slave (D = $0$memwr$\mem$/work/rtl/ram_slave.sv:82$225_DATA[31:0]$231 [7:0], Q = \mem[246] [7:0]).
Adding EN signal on $memory\mem[246]$2145 ($dff) from module $paramod$7068ac09caa024df265143630f51c7da53a5c1cd\ram_slave (D = $0$memwr$\mem$/work/rtl/ram_slave.sv:90$226_DATA[31:0]$234 [15:8], Q = \mem[246] [15:8]).
Adding EN signal on $memory\mem[246]$2145 ($dff) from module $paramod$7068ac09caa024df265143630f51c7da53a5c1cd\ram_slave (D = $0$memwr$\mem$/work/rtl/ram_slave.sv:98$227_DATA[31:0]$237 [23:16], Q = \mem[246] [23:16]).
Adding EN signal on $memory\mem[246]$2145 ($dff) from module $paramod$7068ac09caa024df265143630f51c7da53a5c1cd\ram_slave (D = $0$memwr$\mem$/work/rtl/ram_slave.sv:106$228_DATA[31:0]$240 [31:24], Q = \mem[246] [31:24]).
Adding EN signal on $memory\mem[245]$2143 ($dff) from module $paramod$7068ac09caa024df265143630f51c7da53a5c1cd\ram_slave (D = $0$memwr$\mem$/work/rtl/ram_slave.sv:82$225_DATA[31:0]$231 [7:0], Q = \mem[245] [7:0]).
Adding EN signal on $memory\mem[245]$2143 ($dff) from module $paramod$7068ac09caa024df265143630f51c7da53a5c1cd\ram_slave (D = $0$memwr$\mem$/work/rtl/ram_slave.sv:90$226_DATA[31:0]$234 [15:8], Q = \mem[245] [15:8]).
Adding EN signal on $memory\mem[245]$2143 ($dff) from module $paramod$7068ac09caa024df265143630f51c7da53a5c1cd\ram_slave (D = $0$memwr$\mem$/work/rtl/ram_slave.sv:98$227_DATA[31:0]$237 [23:16], Q = \mem[245] [23:16]).
Adding EN signal on $memory\mem[245]$2143 ($dff) from module $paramod$7068ac09caa024df265143630f51c7da53a5c1cd\ram_slave (D = $0$memwr$\mem$/work/rtl/ram_slave.sv:106$228_DATA[31:0]$240 [31:24], Q = \mem[245] [31:24]).
Adding EN signal on $memory\mem[244]$2141 ($dff) from module $paramod$7068ac09caa024df265143630f51c7da53a5c1cd\ram_slave (D = $0$memwr$\mem$/work/rtl/ram_slave.sv:82$225_DATA[31:0]$231 [7:0], Q = \mem[244] [7:0]).
Adding EN signal on $memory\mem[244]$2141 ($dff) from module $paramod$7068ac09caa024df265143630f51c7da53a5c1cd\ram_slave (D = $0$memwr$\mem$/work/rtl/ram_slave.sv:90$226_DATA[31:0]$234 [15:8], Q = \mem[244] [15:8]).
Adding EN signal on $memory\mem[244]$2141 ($dff) from module $paramod$7068ac09caa024df265143630f51c7da53a5c1cd\ram_slave (D = $0$memwr$\mem$/work/rtl/ram_slave.sv:98$227_DATA[31:0]$237 [23:16], Q = \mem[244] [23:16]).
Adding EN signal on $memory\mem[244]$2141 ($dff) from module $paramod$7068ac09caa024df265143630f51c7da53a5c1cd\ram_slave (D = $0$memwr$\mem$/work/rtl/ram_slave.sv:106$228_DATA[31:0]$240 [31:24], Q = \mem[244] [31:24]).
Adding EN signal on $memory\mem[243]$2139 ($dff) from module $paramod$7068ac09caa024df265143630f51c7da53a5c1cd\ram_slave (D = $0$memwr$\mem$/work/rtl/ram_slave.sv:82$225_DATA[31:0]$231 [7:0], Q = \mem[243] [7:0]).
Adding EN signal on $memory\mem[243]$2139 ($dff) from module $paramod$7068ac09caa024df265143630f51c7da53a5c1cd\ram_slave (D = $0$memwr$\mem$/work/rtl/ram_slave.sv:90$226_DATA[31:0]$234 [15:8], Q = \mem[243] [15:8]).
Adding EN signal on $memory\mem[243]$2139 ($dff) from module $paramod$7068ac09caa024df265143630f51c7da53a5c1cd\ram_slave (D = $0$memwr$\mem$/work/rtl/ram_slave.sv:98$227_DATA[31:0]$237 [23:16], Q = \mem[243] [23:16]).
Adding EN signal on $memory\mem[243]$2139 ($dff) from module $paramod$7068ac09caa024df265143630f51c7da53a5c1cd\ram_slave (D = $0$memwr$\mem$/work/rtl/ram_slave.sv:106$228_DATA[31:0]$240 [31:24], Q = \mem[243] [31:24]).
Adding EN signal on $memory\mem[242]$2137 ($dff) from module $paramod$7068ac09caa024df265143630f51c7da53a5c1cd\ram_slave (D = $0$memwr$\mem$/work/rtl/ram_slave.sv:82$225_DATA[31:0]$231 [7:0], Q = \mem[242] [7:0]).
Adding EN signal on $memory\mem[242]$2137 ($dff) from module $paramod$7068ac09caa024df265143630f51c7da53a5c1cd\ram_slave (D = $0$memwr$\mem$/work/rtl/ram_slave.sv:90$226_DATA[31:0]$234 [15:8], Q = \mem[242] [15:8]).
Adding EN signal on $memory\mem[242]$2137 ($dff) from module $paramod$7068ac09caa024df265143630f51c7da53a5c1cd\ram_slave (D = $0$memwr$\mem$/work/rtl/ram_slave.sv:98$227_DATA[31:0]$237 [23:16], Q = \mem[242] [23:16]).
Adding EN signal on $memory\mem[242]$2137 ($dff) from module $paramod$7068ac09caa024df265143630f51c7da53a5c1cd\ram_slave (D = $0$memwr$\mem$/work/rtl/ram_slave.sv:106$228_DATA[31:0]$240 [31:24], Q = \mem[242] [31:24]).
Adding EN signal on $memory\mem[241]$2135 ($dff) from module $paramod$7068ac09caa024df265143630f51c7da53a5c1cd\ram_slave (D = $0$memwr$\mem$/work/rtl/ram_slave.sv:82$225_DATA[31:0]$231 [7:0], Q = \mem[241] [7:0]).
Adding EN signal on $memory\mem[241]$2135 ($dff) from module $paramod$7068ac09caa024df265143630f51c7da53a5c1cd\ram_slave (D = $0$memwr$\mem$/work/rtl/ram_slave.sv:90$226_DATA[31:0]$234 [15:8], Q = \mem[241] [15:8]).
Adding EN signal on $memory\mem[241]$2135 ($dff) from module $paramod$7068ac09caa024df265143630f51c7da53a5c1cd\ram_slave (D = $0$memwr$\mem$/work/rtl/ram_slave.sv:98$227_DATA[31:0]$237 [23:16], Q = \mem[241] [23:16]).
Adding EN signal on $memory\mem[241]$2135 ($dff) from module $paramod$7068ac09caa024df265143630f51c7da53a5c1cd\ram_slave (D = $0$memwr$\mem$/work/rtl/ram_slave.sv:106$228_DATA[31:0]$240 [31:24], Q = \mem[241] [31:24]).
Adding EN signal on $memory\mem[240]$2133 ($dff) from module $paramod$7068ac09caa024df265143630f51c7da53a5c1cd\ram_slave (D = $0$memwr$\mem$/work/rtl/ram_slave.sv:82$225_DATA[31:0]$231 [7:0], Q = \mem[240] [7:0]).
Adding EN signal on $memory\mem[240]$2133 ($dff) from module $paramod$7068ac09caa024df265143630f51c7da53a5c1cd\ram_slave (D = $0$memwr$\mem$/work/rtl/ram_slave.sv:90$226_DATA[31:0]$234 [15:8], Q = \mem[240] [15:8]).
Adding EN signal on $memory\mem[240]$2133 ($dff) from module $paramod$7068ac09caa024df265143630f51c7da53a5c1cd\ram_slave (D = $0$memwr$\mem$/work/rtl/ram_slave.sv:98$227_DATA[31:0]$237 [23:16], Q = \mem[240] [23:16]).
Adding EN signal on $memory\mem[240]$2133 ($dff) from module $paramod$7068ac09caa024df265143630f51c7da53a5c1cd\ram_slave (D = $0$memwr$\mem$/work/rtl/ram_slave.sv:106$228_DATA[31:0]$240 [31:24], Q = \mem[240] [31:24]).
Adding EN signal on $memory\mem[23]$1699 ($dff) from module $paramod$7068ac09caa024df265143630f51c7da53a5c1cd\ram_slave (D = $0$memwr$\mem$/work/rtl/ram_slave.sv:82$225_DATA[31:0]$231 [7:0], Q = \mem[23] [7:0]).
Adding EN signal on $memory\mem[23]$1699 ($dff) from module $paramod$7068ac09caa024df265143630f51c7da53a5c1cd\ram_slave (D = $0$memwr$\mem$/work/rtl/ram_slave.sv:90$226_DATA[31:0]$234 [15:8], Q = \mem[23] [15:8]).
Adding EN signal on $memory\mem[23]$1699 ($dff) from module $paramod$7068ac09caa024df265143630f51c7da53a5c1cd\ram_slave (D = $0$memwr$\mem$/work/rtl/ram_slave.sv:98$227_DATA[31:0]$237 [23:16], Q = \mem[23] [23:16]).
Adding EN signal on $memory\mem[23]$1699 ($dff) from module $paramod$7068ac09caa024df265143630f51c7da53a5c1cd\ram_slave (D = $0$memwr$\mem$/work/rtl/ram_slave.sv:106$228_DATA[31:0]$240 [31:24], Q = \mem[23] [31:24]).
Adding EN signal on $memory\mem[239]$2131 ($dff) from module $paramod$7068ac09caa024df265143630f51c7da53a5c1cd\ram_slave (D = $0$memwr$\mem$/work/rtl/ram_slave.sv:82$225_DATA[31:0]$231 [7:0], Q = \mem[239] [7:0]).
Adding EN signal on $memory\mem[239]$2131 ($dff) from module $paramod$7068ac09caa024df265143630f51c7da53a5c1cd\ram_slave (D = $0$memwr$\mem$/work/rtl/ram_slave.sv:90$226_DATA[31:0]$234 [15:8], Q = \mem[239] [15:8]).
Adding EN signal on $memory\mem[239]$2131 ($dff) from module $paramod$7068ac09caa024df265143630f51c7da53a5c1cd\ram_slave (D = $0$memwr$\mem$/work/rtl/ram_slave.sv:98$227_DATA[31:0]$237 [23:16], Q = \mem[239] [23:16]).
Adding EN signal on $memory\mem[239]$2131 ($dff) from module $paramod$7068ac09caa024df265143630f51c7da53a5c1cd\ram_slave (D = $0$memwr$\mem$/work/rtl/ram_slave.sv:106$228_DATA[31:0]$240 [31:24], Q = \mem[239] [31:24]).
Adding EN signal on $memory\mem[238]$2129 ($dff) from module $paramod$7068ac09caa024df265143630f51c7da53a5c1cd\ram_slave (D = $0$memwr$\mem$/work/rtl/ram_slave.sv:82$225_DATA[31:0]$231 [7:0], Q = \mem[238] [7:0]).
Adding EN signal on $memory\mem[238]$2129 ($dff) from module $paramod$7068ac09caa024df265143630f51c7da53a5c1cd\ram_slave (D = $0$memwr$\mem$/work/rtl/ram_slave.sv:90$226_DATA[31:0]$234 [15:8], Q = \mem[238] [15:8]).
Adding EN signal on $memory\mem[238]$2129 ($dff) from module $paramod$7068ac09caa024df265143630f51c7da53a5c1cd\ram_slave (D = $0$memwr$\mem$/work/rtl/ram_slave.sv:98$227_DATA[31:0]$237 [23:16], Q = \mem[238] [23:16]).
Adding EN signal on $memory\mem[238]$2129 ($dff) from module $paramod$7068ac09caa024df265143630f51c7da53a5c1cd\ram_slave (D = $0$memwr$\mem$/work/rtl/ram_slave.sv:106$228_DATA[31:0]$240 [31:24], Q = \mem[238] [31:24]).
Adding EN signal on $memory\mem[237]$2127 ($dff) from module $paramod$7068ac09caa024df265143630f51c7da53a5c1cd\ram_slave (D = $0$memwr$\mem$/work/rtl/ram_slave.sv:82$225_DATA[31:0]$231 [7:0], Q = \mem[237] [7:0]).
Adding EN signal on $memory\mem[237]$2127 ($dff) from module $paramod$7068ac09caa024df265143630f51c7da53a5c1cd\ram_slave (D = $0$memwr$\mem$/work/rtl/ram_slave.sv:90$226_DATA[31:0]$234 [15:8], Q = \mem[237] [15:8]).
Adding EN signal on $memory\mem[237]$2127 ($dff) from module $paramod$7068ac09caa024df265143630f51c7da53a5c1cd\ram_slave (D = $0$memwr$\mem$/work/rtl/ram_slave.sv:98$227_DATA[31:0]$237 [23:16], Q = \mem[237] [23:16]).
Adding EN signal on $memory\mem[237]$2127 ($dff) from module $paramod$7068ac09caa024df265143630f51c7da53a5c1cd\ram_slave (D = $0$memwr$\mem$/work/rtl/ram_slave.sv:106$228_DATA[31:0]$240 [31:24], Q = \mem[237] [31:24]).
Adding EN signal on $memory\mem[236]$2125 ($dff) from module $paramod$7068ac09caa024df265143630f51c7da53a5c1cd\ram_slave (D = $0$memwr$\mem$/work/rtl/ram_slave.sv:82$225_DATA[31:0]$231 [7:0], Q = \mem[236] [7:0]).
Adding EN signal on $memory\mem[236]$2125 ($dff) from module $paramod$7068ac09caa024df265143630f51c7da53a5c1cd\ram_slave (D = $0$memwr$\mem$/work/rtl/ram_slave.sv:90$226_DATA[31:0]$234 [15:8], Q = \mem[236] [15:8]).
Adding EN signal on $memory\mem[236]$2125 ($dff) from module $paramod$7068ac09caa024df265143630f51c7da53a5c1cd\ram_slave (D = $0$memwr$\mem$/work/rtl/ram_slave.sv:98$227_DATA[31:0]$237 [23:16], Q = \mem[236] [23:16]).
Adding EN signal on $memory\mem[236]$2125 ($dff) from module $paramod$7068ac09caa024df265143630f51c7da53a5c1cd\ram_slave (D = $0$memwr$\mem$/work/rtl/ram_slave.sv:106$228_DATA[31:0]$240 [31:24], Q = \mem[236] [31:24]).
Adding EN signal on $memory\mem[235]$2123 ($dff) from module $paramod$7068ac09caa024df265143630f51c7da53a5c1cd\ram_slave (D = $0$memwr$\mem$/work/rtl/ram_slave.sv:82$225_DATA[31:0]$231 [7:0], Q = \mem[235] [7:0]).
Adding EN signal on $memory\mem[235]$2123 ($dff) from module $paramod$7068ac09caa024df265143630f51c7da53a5c1cd\ram_slave (D = $0$memwr$\mem$/work/rtl/ram_slave.sv:90$226_DATA[31:0]$234 [15:8], Q = \mem[235] [15:8]).
Adding EN signal on $memory\mem[235]$2123 ($dff) from module $paramod$7068ac09caa024df265143630f51c7da53a5c1cd\ram_slave (D = $0$memwr$\mem$/work/rtl/ram_slave.sv:98$227_DATA[31:0]$237 [23:16], Q = \mem[235] [23:16]).
Adding EN signal on $memory\mem[235]$2123 ($dff) from module $paramod$7068ac09caa024df265143630f51c7da53a5c1cd\ram_slave (D = $0$memwr$\mem$/work/rtl/ram_slave.sv:106$228_DATA[31:0]$240 [31:24], Q = \mem[235] [31:24]).
Adding EN signal on $memory\mem[234]$2121 ($dff) from module $paramod$7068ac09caa024df265143630f51c7da53a5c1cd\ram_slave (D = $0$memwr$\mem$/work/rtl/ram_slave.sv:82$225_DATA[31:0]$231 [7:0], Q = \mem[234] [7:0]).
Adding EN signal on $memory\mem[234]$2121 ($dff) from module $paramod$7068ac09caa024df265143630f51c7da53a5c1cd\ram_slave (D = $0$memwr$\mem$/work/rtl/ram_slave.sv:90$226_DATA[31:0]$234 [15:8], Q = \mem[234] [15:8]).
Adding EN signal on $memory\mem[234]$2121 ($dff) from module $paramod$7068ac09caa024df265143630f51c7da53a5c1cd\ram_slave (D = $0$memwr$\mem$/work/rtl/ram_slave.sv:98$227_DATA[31:0]$237 [23:16], Q = \mem[234] [23:16]).
Adding EN signal on $memory\mem[234]$2121 ($dff) from module $paramod$7068ac09caa024df265143630f51c7da53a5c1cd\ram_slave (D = $0$memwr$\mem$/work/rtl/ram_slave.sv:106$228_DATA[31:0]$240 [31:24], Q = \mem[234] [31:24]).
Adding EN signal on $memory\mem[233]$2119 ($dff) from module $paramod$7068ac09caa024df265143630f51c7da53a5c1cd\ram_slave (D = $0$memwr$\mem$/work/rtl/ram_slave.sv:82$225_DATA[31:0]$231 [7:0], Q = \mem[233] [7:0]).
Adding EN signal on $memory\mem[233]$2119 ($dff) from module $paramod$7068ac09caa024df265143630f51c7da53a5c1cd\ram_slave (D = $0$memwr$\mem$/work/rtl/ram_slave.sv:90$226_DATA[31:0]$234 [15:8], Q = \mem[233] [15:8]).
Adding EN signal on $memory\mem[233]$2119 ($dff) from module $paramod$7068ac09caa024df265143630f51c7da53a5c1cd\ram_slave (D = $0$memwr$\mem$/work/rtl/ram_slave.sv:98$227_DATA[31:0]$237 [23:16], Q = \mem[233] [23:16]).
Adding EN signal on $memory\mem[233]$2119 ($dff) from module $paramod$7068ac09caa024df265143630f51c7da53a5c1cd\ram_slave (D = $0$memwr$\mem$/work/rtl/ram_slave.sv:106$228_DATA[31:0]$240 [31:24], Q = \mem[233] [31:24]).
Adding EN signal on $memory\mem[232]$2117 ($dff) from module $paramod$7068ac09caa024df265143630f51c7da53a5c1cd\ram_slave (D = $0$memwr$\mem$/work/rtl/ram_slave.sv:82$225_DATA[31:0]$231 [7:0], Q = \mem[232] [7:0]).
Adding EN signal on $memory\mem[232]$2117 ($dff) from module $paramod$7068ac09caa024df265143630f51c7da53a5c1cd\ram_slave (D = $0$memwr$\mem$/work/rtl/ram_slave.sv:90$226_DATA[31:0]$234 [15:8], Q = \mem[232] [15:8]).
Adding EN signal on $memory\mem[232]$2117 ($dff) from module $paramod$7068ac09caa024df265143630f51c7da53a5c1cd\ram_slave (D = $0$memwr$\mem$/work/rtl/ram_slave.sv:98$227_DATA[31:0]$237 [23:16], Q = \mem[232] [23:16]).
Adding EN signal on $memory\mem[232]$2117 ($dff) from module $paramod$7068ac09caa024df265143630f51c7da53a5c1cd\ram_slave (D = $0$memwr$\mem$/work/rtl/ram_slave.sv:106$228_DATA[31:0]$240 [31:24], Q = \mem[232] [31:24]).
Adding EN signal on $memory\mem[231]$2115 ($dff) from module $paramod$7068ac09caa024df265143630f51c7da53a5c1cd\ram_slave (D = $0$memwr$\mem$/work/rtl/ram_slave.sv:82$225_DATA[31:0]$231 [7:0], Q = \mem[231] [7:0]).
Adding EN signal on $memory\mem[231]$2115 ($dff) from module $paramod$7068ac09caa024df265143630f51c7da53a5c1cd\ram_slave (D = $0$memwr$\mem$/work/rtl/ram_slave.sv:90$226_DATA[31:0]$234 [15:8], Q = \mem[231] [15:8]).
Adding EN signal on $memory\mem[231]$2115 ($dff) from module $paramod$7068ac09caa024df265143630f51c7da53a5c1cd\ram_slave (D = $0$memwr$\mem$/work/rtl/ram_slave.sv:98$227_DATA[31:0]$237 [23:16], Q = \mem[231] [23:16]).
Adding EN signal on $memory\mem[231]$2115 ($dff) from module $paramod$7068ac09caa024df265143630f51c7da53a5c1cd\ram_slave (D = $0$memwr$\mem$/work/rtl/ram_slave.sv:106$228_DATA[31:0]$240 [31:24], Q = \mem[231] [31:24]).
Adding EN signal on $memory\mem[230]$2113 ($dff) from module $paramod$7068ac09caa024df265143630f51c7da53a5c1cd\ram_slave (D = $0$memwr$\mem$/work/rtl/ram_slave.sv:82$225_DATA[31:0]$231 [7:0], Q = \mem[230] [7:0]).
Adding EN signal on $memory\mem[230]$2113 ($dff) from module $paramod$7068ac09caa024df265143630f51c7da53a5c1cd\ram_slave (D = $0$memwr$\mem$/work/rtl/ram_slave.sv:90$226_DATA[31:0]$234 [15:8], Q = \mem[230] [15:8]).
Adding EN signal on $memory\mem[230]$2113 ($dff) from module $paramod$7068ac09caa024df265143630f51c7da53a5c1cd\ram_slave (D = $0$memwr$\mem$/work/rtl/ram_slave.sv:98$227_DATA[31:0]$237 [23:16], Q = \mem[230] [23:16]).
Adding EN signal on $memory\mem[230]$2113 ($dff) from module $paramod$7068ac09caa024df265143630f51c7da53a5c1cd\ram_slave (D = $0$memwr$\mem$/work/rtl/ram_slave.sv:106$228_DATA[31:0]$240 [31:24], Q = \mem[230] [31:24]).
Adding EN signal on $memory\mem[22]$1697 ($dff) from module $paramod$7068ac09caa024df265143630f51c7da53a5c1cd\ram_slave (D = $0$memwr$\mem$/work/rtl/ram_slave.sv:82$225_DATA[31:0]$231 [7:0], Q = \mem[22] [7:0]).
Adding EN signal on $memory\mem[22]$1697 ($dff) from module $paramod$7068ac09caa024df265143630f51c7da53a5c1cd\ram_slave (D = $0$memwr$\mem$/work/rtl/ram_slave.sv:90$226_DATA[31:0]$234 [15:8], Q = \mem[22] [15:8]).
Adding EN signal on $memory\mem[22]$1697 ($dff) from module $paramod$7068ac09caa024df265143630f51c7da53a5c1cd\ram_slave (D = $0$memwr$\mem$/work/rtl/ram_slave.sv:98$227_DATA[31:0]$237 [23:16], Q = \mem[22] [23:16]).
Adding EN signal on $memory\mem[22]$1697 ($dff) from module $paramod$7068ac09caa024df265143630f51c7da53a5c1cd\ram_slave (D = $0$memwr$\mem$/work/rtl/ram_slave.sv:106$228_DATA[31:0]$240 [31:24], Q = \mem[22] [31:24]).
Adding EN signal on $memory\mem[229]$2111 ($dff) from module $paramod$7068ac09caa024df265143630f51c7da53a5c1cd\ram_slave (D = $0$memwr$\mem$/work/rtl/ram_slave.sv:82$225_DATA[31:0]$231 [7:0], Q = \mem[229] [7:0]).
Adding EN signal on $memory\mem[229]$2111 ($dff) from module $paramod$7068ac09caa024df265143630f51c7da53a5c1cd\ram_slave (D = $0$memwr$\mem$/work/rtl/ram_slave.sv:90$226_DATA[31:0]$234 [15:8], Q = \mem[229] [15:8]).
Adding EN signal on $memory\mem[229]$2111 ($dff) from module $paramod$7068ac09caa024df265143630f51c7da53a5c1cd\ram_slave (D = $0$memwr$\mem$/work/rtl/ram_slave.sv:98$227_DATA[31:0]$237 [23:16], Q = \mem[229] [23:16]).
Adding EN signal on $memory\mem[229]$2111 ($dff) from module $paramod$7068ac09caa024df265143630f51c7da53a5c1cd\ram_slave (D = $0$memwr$\mem$/work/rtl/ram_slave.sv:106$228_DATA[31:0]$240 [31:24], Q = \mem[229] [31:24]).
Adding EN signal on $memory\mem[228]$2109 ($dff) from module $paramod$7068ac09caa024df265143630f51c7da53a5c1cd\ram_slave (D = $0$memwr$\mem$/work/rtl/ram_slave.sv:82$225_DATA[31:0]$231 [7:0], Q = \mem[228] [7:0]).
Adding EN signal on $memory\mem[228]$2109 ($dff) from module $paramod$7068ac09caa024df265143630f51c7da53a5c1cd\ram_slave (D = $0$memwr$\mem$/work/rtl/ram_slave.sv:90$226_DATA[31:0]$234 [15:8], Q = \mem[228] [15:8]).
Adding EN signal on $memory\mem[228]$2109 ($dff) from module $paramod$7068ac09caa024df265143630f51c7da53a5c1cd\ram_slave (D = $0$memwr$\mem$/work/rtl/ram_slave.sv:98$227_DATA[31:0]$237 [23:16], Q = \mem[228] [23:16]).
Adding EN signal on $memory\mem[228]$2109 ($dff) from module $paramod$7068ac09caa024df265143630f51c7da53a5c1cd\ram_slave (D = $0$memwr$\mem$/work/rtl/ram_slave.sv:106$228_DATA[31:0]$240 [31:24], Q = \mem[228] [31:24]).
Adding EN signal on $memory\mem[227]$2107 ($dff) from module $paramod$7068ac09caa024df265143630f51c7da53a5c1cd\ram_slave (D = $0$memwr$\mem$/work/rtl/ram_slave.sv:82$225_DATA[31:0]$231 [7:0], Q = \mem[227] [7:0]).
Adding EN signal on $memory\mem[227]$2107 ($dff) from module $paramod$7068ac09caa024df265143630f51c7da53a5c1cd\ram_slave (D = $0$memwr$\mem$/work/rtl/ram_slave.sv:90$226_DATA[31:0]$234 [15:8], Q = \mem[227] [15:8]).
Adding EN signal on $memory\mem[227]$2107 ($dff) from module $paramod$7068ac09caa024df265143630f51c7da53a5c1cd\ram_slave (D = $0$memwr$\mem$/work/rtl/ram_slave.sv:98$227_DATA[31:0]$237 [23:16], Q = \mem[227] [23:16]).
Adding EN signal on $memory\mem[227]$2107 ($dff) from module $paramod$7068ac09caa024df265143630f51c7da53a5c1cd\ram_slave (D = $0$memwr$\mem$/work/rtl/ram_slave.sv:106$228_DATA[31:0]$240 [31:24], Q = \mem[227] [31:24]).
Adding EN signal on $memory\mem[226]$2105 ($dff) from module $paramod$7068ac09caa024df265143630f51c7da53a5c1cd\ram_slave (D = $0$memwr$\mem$/work/rtl/ram_slave.sv:82$225_DATA[31:0]$231 [7:0], Q = \mem[226] [7:0]).
Adding EN signal on $memory\mem[226]$2105 ($dff) from module $paramod$7068ac09caa024df265143630f51c7da53a5c1cd\ram_slave (D = $0$memwr$\mem$/work/rtl/ram_slave.sv:90$226_DATA[31:0]$234 [15:8], Q = \mem[226] [15:8]).
Adding EN signal on $memory\mem[226]$2105 ($dff) from module $paramod$7068ac09caa024df265143630f51c7da53a5c1cd\ram_slave (D = $0$memwr$\mem$/work/rtl/ram_slave.sv:98$227_DATA[31:0]$237 [23:16], Q = \mem[226] [23:16]).
Adding EN signal on $memory\mem[226]$2105 ($dff) from module $paramod$7068ac09caa024df265143630f51c7da53a5c1cd\ram_slave (D = $0$memwr$\mem$/work/rtl/ram_slave.sv:106$228_DATA[31:0]$240 [31:24], Q = \mem[226] [31:24]).
Adding EN signal on $memory\mem[225]$2103 ($dff) from module $paramod$7068ac09caa024df265143630f51c7da53a5c1cd\ram_slave (D = $0$memwr$\mem$/work/rtl/ram_slave.sv:82$225_DATA[31:0]$231 [7:0], Q = \mem[225] [7:0]).
Adding EN signal on $memory\mem[225]$2103 ($dff) from module $paramod$7068ac09caa024df265143630f51c7da53a5c1cd\ram_slave (D = $0$memwr$\mem$/work/rtl/ram_slave.sv:90$226_DATA[31:0]$234 [15:8], Q = \mem[225] [15:8]).
Adding EN signal on $memory\mem[225]$2103 ($dff) from module $paramod$7068ac09caa024df265143630f51c7da53a5c1cd\ram_slave (D = $0$memwr$\mem$/work/rtl/ram_slave.sv:98$227_DATA[31:0]$237 [23:16], Q = \mem[225] [23:16]).
Adding EN signal on $memory\mem[225]$2103 ($dff) from module $paramod$7068ac09caa024df265143630f51c7da53a5c1cd\ram_slave (D = $0$memwr$\mem$/work/rtl/ram_slave.sv:106$228_DATA[31:0]$240 [31:24], Q = \mem[225] [31:24]).
Adding EN signal on $memory\mem[224]$2101 ($dff) from module $paramod$7068ac09caa024df265143630f51c7da53a5c1cd\ram_slave (D = $0$memwr$\mem$/work/rtl/ram_slave.sv:82$225_DATA[31:0]$231 [7:0], Q = \mem[224] [7:0]).
Adding EN signal on $memory\mem[224]$2101 ($dff) from module $paramod$7068ac09caa024df265143630f51c7da53a5c1cd\ram_slave (D = $0$memwr$\mem$/work/rtl/ram_slave.sv:90$226_DATA[31:0]$234 [15:8], Q = \mem[224] [15:8]).
Adding EN signal on $memory\mem[224]$2101 ($dff) from module $paramod$7068ac09caa024df265143630f51c7da53a5c1cd\ram_slave (D = $0$memwr$\mem$/work/rtl/ram_slave.sv:98$227_DATA[31:0]$237 [23:16], Q = \mem[224] [23:16]).
Adding EN signal on $memory\mem[224]$2101 ($dff) from module $paramod$7068ac09caa024df265143630f51c7da53a5c1cd\ram_slave (D = $0$memwr$\mem$/work/rtl/ram_slave.sv:106$228_DATA[31:0]$240 [31:24], Q = \mem[224] [31:24]).
Adding EN signal on $memory\mem[223]$2099 ($dff) from module $paramod$7068ac09caa024df265143630f51c7da53a5c1cd\ram_slave (D = $0$memwr$\mem$/work/rtl/ram_slave.sv:82$225_DATA[31:0]$231 [7:0], Q = \mem[223] [7:0]).
Adding EN signal on $memory\mem[223]$2099 ($dff) from module $paramod$7068ac09caa024df265143630f51c7da53a5c1cd\ram_slave (D = $0$memwr$\mem$/work/rtl/ram_slave.sv:90$226_DATA[31:0]$234 [15:8], Q = \mem[223] [15:8]).
Adding EN signal on $memory\mem[223]$2099 ($dff) from module $paramod$7068ac09caa024df265143630f51c7da53a5c1cd\ram_slave (D = $0$memwr$\mem$/work/rtl/ram_slave.sv:98$227_DATA[31:0]$237 [23:16], Q = \mem[223] [23:16]).
Adding EN signal on $memory\mem[223]$2099 ($dff) from module $paramod$7068ac09caa024df265143630f51c7da53a5c1cd\ram_slave (D = $0$memwr$\mem$/work/rtl/ram_slave.sv:106$228_DATA[31:0]$240 [31:24], Q = \mem[223] [31:24]).
Adding EN signal on $memory\mem[222]$2097 ($dff) from module $paramod$7068ac09caa024df265143630f51c7da53a5c1cd\ram_slave (D = $0$memwr$\mem$/work/rtl/ram_slave.sv:82$225_DATA[31:0]$231 [7:0], Q = \mem[222] [7:0]).
Adding EN signal on $memory\mem[222]$2097 ($dff) from module $paramod$7068ac09caa024df265143630f51c7da53a5c1cd\ram_slave (D = $0$memwr$\mem$/work/rtl/ram_slave.sv:90$226_DATA[31:0]$234 [15:8], Q = \mem[222] [15:8]).
Adding EN signal on $memory\mem[222]$2097 ($dff) from module $paramod$7068ac09caa024df265143630f51c7da53a5c1cd\ram_slave (D = $0$memwr$\mem$/work/rtl/ram_slave.sv:98$227_DATA[31:0]$237 [23:16], Q = \mem[222] [23:16]).
Adding EN signal on $memory\mem[222]$2097 ($dff) from module $paramod$7068ac09caa024df265143630f51c7da53a5c1cd\ram_slave (D = $0$memwr$\mem$/work/rtl/ram_slave.sv:106$228_DATA[31:0]$240 [31:24], Q = \mem[222] [31:24]).
Adding EN signal on $memory\mem[221]$2095 ($dff) from module $paramod$7068ac09caa024df265143630f51c7da53a5c1cd\ram_slave (D = $0$memwr$\mem$/work/rtl/ram_slave.sv:82$225_DATA[31:0]$231 [7:0], Q = \mem[221] [7:0]).
Adding EN signal on $memory\mem[221]$2095 ($dff) from module $paramod$7068ac09caa024df265143630f51c7da53a5c1cd\ram_slave (D = $0$memwr$\mem$/work/rtl/ram_slave.sv:90$226_DATA[31:0]$234 [15:8], Q = \mem[221] [15:8]).
Adding EN signal on $memory\mem[221]$2095 ($dff) from module $paramod$7068ac09caa024df265143630f51c7da53a5c1cd\ram_slave (D = $0$memwr$\mem$/work/rtl/ram_slave.sv:98$227_DATA[31:0]$237 [23:16], Q = \mem[221] [23:16]).
Adding EN signal on $memory\mem[221]$2095 ($dff) from module $paramod$7068ac09caa024df265143630f51c7da53a5c1cd\ram_slave (D = $0$memwr$\mem$/work/rtl/ram_slave.sv:106$228_DATA[31:0]$240 [31:24], Q = \mem[221] [31:24]).
Adding EN signal on $memory\mem[220]$2093 ($dff) from module $paramod$7068ac09caa024df265143630f51c7da53a5c1cd\ram_slave (D = $0$memwr$\mem$/work/rtl/ram_slave.sv:82$225_DATA[31:0]$231 [7:0], Q = \mem[220] [7:0]).
Adding EN signal on $memory\mem[220]$2093 ($dff) from module $paramod$7068ac09caa024df265143630f51c7da53a5c1cd\ram_slave (D = $0$memwr$\mem$/work/rtl/ram_slave.sv:90$226_DATA[31:0]$234 [15:8], Q = \mem[220] [15:8]).
Adding EN signal on $memory\mem[220]$2093 ($dff) from module $paramod$7068ac09caa024df265143630f51c7da53a5c1cd\ram_slave (D = $0$memwr$\mem$/work/rtl/ram_slave.sv:98$227_DATA[31:0]$237 [23:16], Q = \mem[220] [23:16]).
Adding EN signal on $memory\mem[220]$2093 ($dff) from module $paramod$7068ac09caa024df265143630f51c7da53a5c1cd\ram_slave (D = $0$memwr$\mem$/work/rtl/ram_slave.sv:106$228_DATA[31:0]$240 [31:24], Q = \mem[220] [31:24]).
Adding EN signal on $memory\mem[21]$1695 ($dff) from module $paramod$7068ac09caa024df265143630f51c7da53a5c1cd\ram_slave (D = $0$memwr$\mem$/work/rtl/ram_slave.sv:82$225_DATA[31:0]$231 [7:0], Q = \mem[21] [7:0]).
Adding EN signal on $memory\mem[21]$1695 ($dff) from module $paramod$7068ac09caa024df265143630f51c7da53a5c1cd\ram_slave (D = $0$memwr$\mem$/work/rtl/ram_slave.sv:90$226_DATA[31:0]$234 [15:8], Q = \mem[21] [15:8]).
Adding EN signal on $memory\mem[21]$1695 ($dff) from module $paramod$7068ac09caa024df265143630f51c7da53a5c1cd\ram_slave (D = $0$memwr$\mem$/work/rtl/ram_slave.sv:98$227_DATA[31:0]$237 [23:16], Q = \mem[21] [23:16]).
Adding EN signal on $memory\mem[21]$1695 ($dff) from module $paramod$7068ac09caa024df265143630f51c7da53a5c1cd\ram_slave (D = $0$memwr$\mem$/work/rtl/ram_slave.sv:106$228_DATA[31:0]$240 [31:24], Q = \mem[21] [31:24]).
Adding EN signal on $memory\mem[219]$2091 ($dff) from module $paramod$7068ac09caa024df265143630f51c7da53a5c1cd\ram_slave (D = $0$memwr$\mem$/work/rtl/ram_slave.sv:82$225_DATA[31:0]$231 [7:0], Q = \mem[219] [7:0]).
Adding EN signal on $memory\mem[219]$2091 ($dff) from module $paramod$7068ac09caa024df265143630f51c7da53a5c1cd\ram_slave (D = $0$memwr$\mem$/work/rtl/ram_slave.sv:90$226_DATA[31:0]$234 [15:8], Q = \mem[219] [15:8]).
Adding EN signal on $memory\mem[219]$2091 ($dff) from module $paramod$7068ac09caa024df265143630f51c7da53a5c1cd\ram_slave (D = $0$memwr$\mem$/work/rtl/ram_slave.sv:98$227_DATA[31:0]$237 [23:16], Q = \mem[219] [23:16]).
Adding EN signal on $memory\mem[219]$2091 ($dff) from module $paramod$7068ac09caa024df265143630f51c7da53a5c1cd\ram_slave (D = $0$memwr$\mem$/work/rtl/ram_slave.sv:106$228_DATA[31:0]$240 [31:24], Q = \mem[219] [31:24]).
Adding EN signal on $memory\mem[218]$2089 ($dff) from module $paramod$7068ac09caa024df265143630f51c7da53a5c1cd\ram_slave (D = $0$memwr$\mem$/work/rtl/ram_slave.sv:82$225_DATA[31:0]$231 [7:0], Q = \mem[218] [7:0]).
Adding EN signal on $memory\mem[218]$2089 ($dff) from module $paramod$7068ac09caa024df265143630f51c7da53a5c1cd\ram_slave (D = $0$memwr$\mem$/work/rtl/ram_slave.sv:90$226_DATA[31:0]$234 [15:8], Q = \mem[218] [15:8]).
Adding EN signal on $memory\mem[218]$2089 ($dff) from module $paramod$7068ac09caa024df265143630f51c7da53a5c1cd\ram_slave (D = $0$memwr$\mem$/work/rtl/ram_slave.sv:98$227_DATA[31:0]$237 [23:16], Q = \mem[218] [23:16]).
Adding EN signal on $memory\mem[218]$2089 ($dff) from module $paramod$7068ac09caa024df265143630f51c7da53a5c1cd\ram_slave (D = $0$memwr$\mem$/work/rtl/ram_slave.sv:106$228_DATA[31:0]$240 [31:24], Q = \mem[218] [31:24]).
Adding EN signal on $memory\mem[217]$2087 ($dff) from module $paramod$7068ac09caa024df265143630f51c7da53a5c1cd\ram_slave (D = $0$memwr$\mem$/work/rtl/ram_slave.sv:82$225_DATA[31:0]$231 [7:0], Q = \mem[217] [7:0]).
Adding EN signal on $memory\mem[217]$2087 ($dff) from module $paramod$7068ac09caa024df265143630f51c7da53a5c1cd\ram_slave (D = $0$memwr$\mem$/work/rtl/ram_slave.sv:90$226_DATA[31:0]$234 [15:8], Q = \mem[217] [15:8]).
Adding EN signal on $memory\mem[217]$2087 ($dff) from module $paramod$7068ac09caa024df265143630f51c7da53a5c1cd\ram_slave (D = $0$memwr$\mem$/work/rtl/ram_slave.sv:98$227_DATA[31:0]$237 [23:16], Q = \mem[217] [23:16]).
Adding EN signal on $memory\mem[217]$2087 ($dff) from module $paramod$7068ac09caa024df265143630f51c7da53a5c1cd\ram_slave (D = $0$memwr$\mem$/work/rtl/ram_slave.sv:106$228_DATA[31:0]$240 [31:24], Q = \mem[217] [31:24]).
Adding EN signal on $memory\mem[216]$2085 ($dff) from module $paramod$7068ac09caa024df265143630f51c7da53a5c1cd\ram_slave (D = $0$memwr$\mem$/work/rtl/ram_slave.sv:82$225_DATA[31:0]$231 [7:0], Q = \mem[216] [7:0]).
Adding EN signal on $memory\mem[216]$2085 ($dff) from module $paramod$7068ac09caa024df265143630f51c7da53a5c1cd\ram_slave (D = $0$memwr$\mem$/work/rtl/ram_slave.sv:90$226_DATA[31:0]$234 [15:8], Q = \mem[216] [15:8]).
Adding EN signal on $memory\mem[216]$2085 ($dff) from module $paramod$7068ac09caa024df265143630f51c7da53a5c1cd\ram_slave (D = $0$memwr$\mem$/work/rtl/ram_slave.sv:98$227_DATA[31:0]$237 [23:16], Q = \mem[216] [23:16]).
Adding EN signal on $memory\mem[216]$2085 ($dff) from module $paramod$7068ac09caa024df265143630f51c7da53a5c1cd\ram_slave (D = $0$memwr$\mem$/work/rtl/ram_slave.sv:106$228_DATA[31:0]$240 [31:24], Q = \mem[216] [31:24]).
Adding EN signal on $memory\mem[215]$2083 ($dff) from module $paramod$7068ac09caa024df265143630f51c7da53a5c1cd\ram_slave (D = $0$memwr$\mem$/work/rtl/ram_slave.sv:82$225_DATA[31:0]$231 [7:0], Q = \mem[215] [7:0]).
Adding EN signal on $memory\mem[215]$2083 ($dff) from module $paramod$7068ac09caa024df265143630f51c7da53a5c1cd\ram_slave (D = $0$memwr$\mem$/work/rtl/ram_slave.sv:90$226_DATA[31:0]$234 [15:8], Q = \mem[215] [15:8]).
Adding EN signal on $memory\mem[215]$2083 ($dff) from module $paramod$7068ac09caa024df265143630f51c7da53a5c1cd\ram_slave (D = $0$memwr$\mem$/work/rtl/ram_slave.sv:98$227_DATA[31:0]$237 [23:16], Q = \mem[215] [23:16]).
Adding EN signal on $memory\mem[215]$2083 ($dff) from module $paramod$7068ac09caa024df265143630f51c7da53a5c1cd\ram_slave (D = $0$memwr$\mem$/work/rtl/ram_slave.sv:106$228_DATA[31:0]$240 [31:24], Q = \mem[215] [31:24]).
Adding EN signal on $memory\mem[214]$2081 ($dff) from module $paramod$7068ac09caa024df265143630f51c7da53a5c1cd\ram_slave (D = $0$memwr$\mem$/work/rtl/ram_slave.sv:82$225_DATA[31:0]$231 [7:0], Q = \mem[214] [7:0]).
Adding EN signal on $memory\mem[214]$2081 ($dff) from module $paramod$7068ac09caa024df265143630f51c7da53a5c1cd\ram_slave (D = $0$memwr$\mem$/work/rtl/ram_slave.sv:90$226_DATA[31:0]$234 [15:8], Q = \mem[214] [15:8]).
Adding EN signal on $memory\mem[214]$2081 ($dff) from module $paramod$7068ac09caa024df265143630f51c7da53a5c1cd\ram_slave (D = $0$memwr$\mem$/work/rtl/ram_slave.sv:98$227_DATA[31:0]$237 [23:16], Q = \mem[214] [23:16]).
Adding EN signal on $memory\mem[214]$2081 ($dff) from module $paramod$7068ac09caa024df265143630f51c7da53a5c1cd\ram_slave (D = $0$memwr$\mem$/work/rtl/ram_slave.sv:106$228_DATA[31:0]$240 [31:24], Q = \mem[214] [31:24]).
Adding EN signal on $memory\mem[213]$2079 ($dff) from module $paramod$7068ac09caa024df265143630f51c7da53a5c1cd\ram_slave (D = $0$memwr$\mem$/work/rtl/ram_slave.sv:82$225_DATA[31:0]$231 [7:0], Q = \mem[213] [7:0]).
Adding EN signal on $memory\mem[213]$2079 ($dff) from module $paramod$7068ac09caa024df265143630f51c7da53a5c1cd\ram_slave (D = $0$memwr$\mem$/work/rtl/ram_slave.sv:90$226_DATA[31:0]$234 [15:8], Q = \mem[213] [15:8]).
Adding EN signal on $memory\mem[213]$2079 ($dff) from module $paramod$7068ac09caa024df265143630f51c7da53a5c1cd\ram_slave (D = $0$memwr$\mem$/work/rtl/ram_slave.sv:98$227_DATA[31:0]$237 [23:16], Q = \mem[213] [23:16]).
Adding EN signal on $memory\mem[213]$2079 ($dff) from module $paramod$7068ac09caa024df265143630f51c7da53a5c1cd\ram_slave (D = $0$memwr$\mem$/work/rtl/ram_slave.sv:106$228_DATA[31:0]$240 [31:24], Q = \mem[213] [31:24]).
Adding EN signal on $memory\mem[212]$2077 ($dff) from module $paramod$7068ac09caa024df265143630f51c7da53a5c1cd\ram_slave (D = $0$memwr$\mem$/work/rtl/ram_slave.sv:82$225_DATA[31:0]$231 [7:0], Q = \mem[212] [7:0]).
Adding EN signal on $memory\mem[212]$2077 ($dff) from module $paramod$7068ac09caa024df265143630f51c7da53a5c1cd\ram_slave (D = $0$memwr$\mem$/work/rtl/ram_slave.sv:90$226_DATA[31:0]$234 [15:8], Q = \mem[212] [15:8]).
Adding EN signal on $memory\mem[212]$2077 ($dff) from module $paramod$7068ac09caa024df265143630f51c7da53a5c1cd\ram_slave (D = $0$memwr$\mem$/work/rtl/ram_slave.sv:98$227_DATA[31:0]$237 [23:16], Q = \mem[212] [23:16]).
Adding EN signal on $memory\mem[212]$2077 ($dff) from module $paramod$7068ac09caa024df265143630f51c7da53a5c1cd\ram_slave (D = $0$memwr$\mem$/work/rtl/ram_slave.sv:106$228_DATA[31:0]$240 [31:24], Q = \mem[212] [31:24]).
Adding EN signal on $memory\mem[211]$2075 ($dff) from module $paramod$7068ac09caa024df265143630f51c7da53a5c1cd\ram_slave (D = $0$memwr$\mem$/work/rtl/ram_slave.sv:82$225_DATA[31:0]$231 [7:0], Q = \mem[211] [7:0]).
Adding EN signal on $memory\mem[211]$2075 ($dff) from module $paramod$7068ac09caa024df265143630f51c7da53a5c1cd\ram_slave (D = $0$memwr$\mem$/work/rtl/ram_slave.sv:90$226_DATA[31:0]$234 [15:8], Q = \mem[211] [15:8]).
Adding EN signal on $memory\mem[211]$2075 ($dff) from module $paramod$7068ac09caa024df265143630f51c7da53a5c1cd\ram_slave (D = $0$memwr$\mem$/work/rtl/ram_slave.sv:98$227_DATA[31:0]$237 [23:16], Q = \mem[211] [23:16]).
Adding EN signal on $memory\mem[211]$2075 ($dff) from module $paramod$7068ac09caa024df265143630f51c7da53a5c1cd\ram_slave (D = $0$memwr$\mem$/work/rtl/ram_slave.sv:106$228_DATA[31:0]$240 [31:24], Q = \mem[211] [31:24]).
Adding EN signal on $memory\mem[210]$2073 ($dff) from module $paramod$7068ac09caa024df265143630f51c7da53a5c1cd\ram_slave (D = $0$memwr$\mem$/work/rtl/ram_slave.sv:82$225_DATA[31:0]$231 [7:0], Q = \mem[210] [7:0]).
Adding EN signal on $memory\mem[210]$2073 ($dff) from module $paramod$7068ac09caa024df265143630f51c7da53a5c1cd\ram_slave (D = $0$memwr$\mem$/work/rtl/ram_slave.sv:90$226_DATA[31:0]$234 [15:8], Q = \mem[210] [15:8]).
Adding EN signal on $memory\mem[210]$2073 ($dff) from module $paramod$7068ac09caa024df265143630f51c7da53a5c1cd\ram_slave (D = $0$memwr$\mem$/work/rtl/ram_slave.sv:98$227_DATA[31:0]$237 [23:16], Q = \mem[210] [23:16]).
Adding EN signal on $memory\mem[210]$2073 ($dff) from module $paramod$7068ac09caa024df265143630f51c7da53a5c1cd\ram_slave (D = $0$memwr$\mem$/work/rtl/ram_slave.sv:106$228_DATA[31:0]$240 [31:24], Q = \mem[210] [31:24]).
Adding EN signal on $memory\mem[20]$1693 ($dff) from module $paramod$7068ac09caa024df265143630f51c7da53a5c1cd\ram_slave (D = $0$memwr$\mem$/work/rtl/ram_slave.sv:82$225_DATA[31:0]$231 [7:0], Q = \mem[20] [7:0]).
Adding EN signal on $memory\mem[20]$1693 ($dff) from module $paramod$7068ac09caa024df265143630f51c7da53a5c1cd\ram_slave (D = $0$memwr$\mem$/work/rtl/ram_slave.sv:90$226_DATA[31:0]$234 [15:8], Q = \mem[20] [15:8]).
Adding EN signal on $memory\mem[20]$1693 ($dff) from module $paramod$7068ac09caa024df265143630f51c7da53a5c1cd\ram_slave (D = $0$memwr$\mem$/work/rtl/ram_slave.sv:98$227_DATA[31:0]$237 [23:16], Q = \mem[20] [23:16]).
Adding EN signal on $memory\mem[20]$1693 ($dff) from module $paramod$7068ac09caa024df265143630f51c7da53a5c1cd\ram_slave (D = $0$memwr$\mem$/work/rtl/ram_slave.sv:106$228_DATA[31:0]$240 [31:24], Q = \mem[20] [31:24]).
Adding EN signal on $memory\mem[209]$2071 ($dff) from module $paramod$7068ac09caa024df265143630f51c7da53a5c1cd\ram_slave (D = $0$memwr$\mem$/work/rtl/ram_slave.sv:82$225_DATA[31:0]$231 [7:0], Q = \mem[209] [7:0]).
Adding EN signal on $memory\mem[209]$2071 ($dff) from module $paramod$7068ac09caa024df265143630f51c7da53a5c1cd\ram_slave (D = $0$memwr$\mem$/work/rtl/ram_slave.sv:90$226_DATA[31:0]$234 [15:8], Q = \mem[209] [15:8]).
Adding EN signal on $memory\mem[209]$2071 ($dff) from module $paramod$7068ac09caa024df265143630f51c7da53a5c1cd\ram_slave (D = $0$memwr$\mem$/work/rtl/ram_slave.sv:98$227_DATA[31:0]$237 [23:16], Q = \mem[209] [23:16]).
Adding EN signal on $memory\mem[209]$2071 ($dff) from module $paramod$7068ac09caa024df265143630f51c7da53a5c1cd\ram_slave (D = $0$memwr$\mem$/work/rtl/ram_slave.sv:106$228_DATA[31:0]$240 [31:24], Q = \mem[209] [31:24]).
Adding EN signal on $memory\mem[208]$2069 ($dff) from module $paramod$7068ac09caa024df265143630f51c7da53a5c1cd\ram_slave (D = $0$memwr$\mem$/work/rtl/ram_slave.sv:82$225_DATA[31:0]$231 [7:0], Q = \mem[208] [7:0]).
Adding EN signal on $memory\mem[208]$2069 ($dff) from module $paramod$7068ac09caa024df265143630f51c7da53a5c1cd\ram_slave (D = $0$memwr$\mem$/work/rtl/ram_slave.sv:90$226_DATA[31:0]$234 [15:8], Q = \mem[208] [15:8]).
Adding EN signal on $memory\mem[208]$2069 ($dff) from module $paramod$7068ac09caa024df265143630f51c7da53a5c1cd\ram_slave (D = $0$memwr$\mem$/work/rtl/ram_slave.sv:98$227_DATA[31:0]$237 [23:16], Q = \mem[208] [23:16]).
Adding EN signal on $memory\mem[208]$2069 ($dff) from module $paramod$7068ac09caa024df265143630f51c7da53a5c1cd\ram_slave (D = $0$memwr$\mem$/work/rtl/ram_slave.sv:106$228_DATA[31:0]$240 [31:24], Q = \mem[208] [31:24]).
Adding EN signal on $memory\mem[207]$2067 ($dff) from module $paramod$7068ac09caa024df265143630f51c7da53a5c1cd\ram_slave (D = $0$memwr$\mem$/work/rtl/ram_slave.sv:82$225_DATA[31:0]$231 [7:0], Q = \mem[207] [7:0]).
Adding EN signal on $memory\mem[207]$2067 ($dff) from module $paramod$7068ac09caa024df265143630f51c7da53a5c1cd\ram_slave (D = $0$memwr$\mem$/work/rtl/ram_slave.sv:90$226_DATA[31:0]$234 [15:8], Q = \mem[207] [15:8]).
Adding EN signal on $memory\mem[207]$2067 ($dff) from module $paramod$7068ac09caa024df265143630f51c7da53a5c1cd\ram_slave (D = $0$memwr$\mem$/work/rtl/ram_slave.sv:98$227_DATA[31:0]$237 [23:16], Q = \mem[207] [23:16]).
Adding EN signal on $memory\mem[207]$2067 ($dff) from module $paramod$7068ac09caa024df265143630f51c7da53a5c1cd\ram_slave (D = $0$memwr$\mem$/work/rtl/ram_slave.sv:106$228_DATA[31:0]$240 [31:24], Q = \mem[207] [31:24]).
Adding EN signal on $memory\mem[206]$2065 ($dff) from module $paramod$7068ac09caa024df265143630f51c7da53a5c1cd\ram_slave (D = $0$memwr$\mem$/work/rtl/ram_slave.sv:82$225_DATA[31:0]$231 [7:0], Q = \mem[206] [7:0]).
Adding EN signal on $memory\mem[206]$2065 ($dff) from module $paramod$7068ac09caa024df265143630f51c7da53a5c1cd\ram_slave (D = $0$memwr$\mem$/work/rtl/ram_slave.sv:90$226_DATA[31:0]$234 [15:8], Q = \mem[206] [15:8]).
Adding EN signal on $memory\mem[206]$2065 ($dff) from module $paramod$7068ac09caa024df265143630f51c7da53a5c1cd\ram_slave (D = $0$memwr$\mem$/work/rtl/ram_slave.sv:98$227_DATA[31:0]$237 [23:16], Q = \mem[206] [23:16]).
Adding EN signal on $memory\mem[206]$2065 ($dff) from module $paramod$7068ac09caa024df265143630f51c7da53a5c1cd\ram_slave (D = $0$memwr$\mem$/work/rtl/ram_slave.sv:106$228_DATA[31:0]$240 [31:24], Q = \mem[206] [31:24]).
Adding EN signal on $memory\mem[205]$2063 ($dff) from module $paramod$7068ac09caa024df265143630f51c7da53a5c1cd\ram_slave (D = $0$memwr$\mem$/work/rtl/ram_slave.sv:82$225_DATA[31:0]$231 [7:0], Q = \mem[205] [7:0]).
Adding EN signal on $memory\mem[205]$2063 ($dff) from module $paramod$7068ac09caa024df265143630f51c7da53a5c1cd\ram_slave (D = $0$memwr$\mem$/work/rtl/ram_slave.sv:90$226_DATA[31:0]$234 [15:8], Q = \mem[205] [15:8]).
Adding EN signal on $memory\mem[205]$2063 ($dff) from module $paramod$7068ac09caa024df265143630f51c7da53a5c1cd\ram_slave (D = $0$memwr$\mem$/work/rtl/ram_slave.sv:98$227_DATA[31:0]$237 [23:16], Q = \mem[205] [23:16]).
Adding EN signal on $memory\mem[205]$2063 ($dff) from module $paramod$7068ac09caa024df265143630f51c7da53a5c1cd\ram_slave (D = $0$memwr$\mem$/work/rtl/ram_slave.sv:106$228_DATA[31:0]$240 [31:24], Q = \mem[205] [31:24]).
Adding EN signal on $memory\mem[204]$2061 ($dff) from module $paramod$7068ac09caa024df265143630f51c7da53a5c1cd\ram_slave (D = $0$memwr$\mem$/work/rtl/ram_slave.sv:82$225_DATA[31:0]$231 [7:0], Q = \mem[204] [7:0]).
Adding EN signal on $memory\mem[204]$2061 ($dff) from module $paramod$7068ac09caa024df265143630f51c7da53a5c1cd\ram_slave (D = $0$memwr$\mem$/work/rtl/ram_slave.sv:90$226_DATA[31:0]$234 [15:8], Q = \mem[204] [15:8]).
Adding EN signal on $memory\mem[204]$2061 ($dff) from module $paramod$7068ac09caa024df265143630f51c7da53a5c1cd\ram_slave (D = $0$memwr$\mem$/work/rtl/ram_slave.sv:98$227_DATA[31:0]$237 [23:16], Q = \mem[204] [23:16]).
Adding EN signal on $memory\mem[204]$2061 ($dff) from module $paramod$7068ac09caa024df265143630f51c7da53a5c1cd\ram_slave (D = $0$memwr$\mem$/work/rtl/ram_slave.sv:106$228_DATA[31:0]$240 [31:24], Q = \mem[204] [31:24]).
Adding EN signal on $memory\mem[203]$2059 ($dff) from module $paramod$7068ac09caa024df265143630f51c7da53a5c1cd\ram_slave (D = $0$memwr$\mem$/work/rtl/ram_slave.sv:82$225_DATA[31:0]$231 [7:0], Q = \mem[203] [7:0]).
Adding EN signal on $memory\mem[203]$2059 ($dff) from module $paramod$7068ac09caa024df265143630f51c7da53a5c1cd\ram_slave (D = $0$memwr$\mem$/work/rtl/ram_slave.sv:90$226_DATA[31:0]$234 [15:8], Q = \mem[203] [15:8]).
Adding EN signal on $memory\mem[203]$2059 ($dff) from module $paramod$7068ac09caa024df265143630f51c7da53a5c1cd\ram_slave (D = $0$memwr$\mem$/work/rtl/ram_slave.sv:98$227_DATA[31:0]$237 [23:16], Q = \mem[203] [23:16]).
Adding EN signal on $memory\mem[203]$2059 ($dff) from module $paramod$7068ac09caa024df265143630f51c7da53a5c1cd\ram_slave (D = $0$memwr$\mem$/work/rtl/ram_slave.sv:106$228_DATA[31:0]$240 [31:24], Q = \mem[203] [31:24]).
Adding EN signal on $memory\mem[202]$2057 ($dff) from module $paramod$7068ac09caa024df265143630f51c7da53a5c1cd\ram_slave (D = $0$memwr$\mem$/work/rtl/ram_slave.sv:82$225_DATA[31:0]$231 [7:0], Q = \mem[202] [7:0]).
Adding EN signal on $memory\mem[202]$2057 ($dff) from module $paramod$7068ac09caa024df265143630f51c7da53a5c1cd\ram_slave (D = $0$memwr$\mem$/work/rtl/ram_slave.sv:90$226_DATA[31:0]$234 [15:8], Q = \mem[202] [15:8]).
Adding EN signal on $memory\mem[202]$2057 ($dff) from module $paramod$7068ac09caa024df265143630f51c7da53a5c1cd\ram_slave (D = $0$memwr$\mem$/work/rtl/ram_slave.sv:98$227_DATA[31:0]$237 [23:16], Q = \mem[202] [23:16]).
Adding EN signal on $memory\mem[202]$2057 ($dff) from module $paramod$7068ac09caa024df265143630f51c7da53a5c1cd\ram_slave (D = $0$memwr$\mem$/work/rtl/ram_slave.sv:106$228_DATA[31:0]$240 [31:24], Q = \mem[202] [31:24]).
Adding EN signal on $memory\mem[201]$2055 ($dff) from module $paramod$7068ac09caa024df265143630f51c7da53a5c1cd\ram_slave (D = $0$memwr$\mem$/work/rtl/ram_slave.sv:82$225_DATA[31:0]$231 [7:0], Q = \mem[201] [7:0]).
Adding EN signal on $memory\mem[201]$2055 ($dff) from module $paramod$7068ac09caa024df265143630f51c7da53a5c1cd\ram_slave (D = $0$memwr$\mem$/work/rtl/ram_slave.sv:90$226_DATA[31:0]$234 [15:8], Q = \mem[201] [15:8]).
Adding EN signal on $memory\mem[201]$2055 ($dff) from module $paramod$7068ac09caa024df265143630f51c7da53a5c1cd\ram_slave (D = $0$memwr$\mem$/work/rtl/ram_slave.sv:98$227_DATA[31:0]$237 [23:16], Q = \mem[201] [23:16]).
Adding EN signal on $memory\mem[201]$2055 ($dff) from module $paramod$7068ac09caa024df265143630f51c7da53a5c1cd\ram_slave (D = $0$memwr$\mem$/work/rtl/ram_slave.sv:106$228_DATA[31:0]$240 [31:24], Q = \mem[201] [31:24]).
Adding EN signal on $memory\mem[200]$2053 ($dff) from module $paramod$7068ac09caa024df265143630f51c7da53a5c1cd\ram_slave (D = $0$memwr$\mem$/work/rtl/ram_slave.sv:82$225_DATA[31:0]$231 [7:0], Q = \mem[200] [7:0]).
Adding EN signal on $memory\mem[200]$2053 ($dff) from module $paramod$7068ac09caa024df265143630f51c7da53a5c1cd\ram_slave (D = $0$memwr$\mem$/work/rtl/ram_slave.sv:90$226_DATA[31:0]$234 [15:8], Q = \mem[200] [15:8]).
Adding EN signal on $memory\mem[200]$2053 ($dff) from module $paramod$7068ac09caa024df265143630f51c7da53a5c1cd\ram_slave (D = $0$memwr$\mem$/work/rtl/ram_slave.sv:98$227_DATA[31:0]$237 [23:16], Q = \mem[200] [23:16]).
Adding EN signal on $memory\mem[200]$2053 ($dff) from module $paramod$7068ac09caa024df265143630f51c7da53a5c1cd\ram_slave (D = $0$memwr$\mem$/work/rtl/ram_slave.sv:106$228_DATA[31:0]$240 [31:24], Q = \mem[200] [31:24]).
Adding EN signal on $memory\mem[1]$1655 ($dff) from module $paramod$7068ac09caa024df265143630f51c7da53a5c1cd\ram_slave (D = $0$memwr$\mem$/work/rtl/ram_slave.sv:82$225_DATA[31:0]$231 [7:0], Q = \mem[1] [7:0]).
Adding EN signal on $memory\mem[1]$1655 ($dff) from module $paramod$7068ac09caa024df265143630f51c7da53a5c1cd\ram_slave (D = $0$memwr$\mem$/work/rtl/ram_slave.sv:90$226_DATA[31:0]$234 [15:8], Q = \mem[1] [15:8]).
Adding EN signal on $memory\mem[1]$1655 ($dff) from module $paramod$7068ac09caa024df265143630f51c7da53a5c1cd\ram_slave (D = $0$memwr$\mem$/work/rtl/ram_slave.sv:98$227_DATA[31:0]$237 [23:16], Q = \mem[1] [23:16]).
Adding EN signal on $memory\mem[1]$1655 ($dff) from module $paramod$7068ac09caa024df265143630f51c7da53a5c1cd\ram_slave (D = $0$memwr$\mem$/work/rtl/ram_slave.sv:106$228_DATA[31:0]$240 [31:24], Q = \mem[1] [31:24]).
Adding EN signal on $memory\mem[19]$1691 ($dff) from module $paramod$7068ac09caa024df265143630f51c7da53a5c1cd\ram_slave (D = $0$memwr$\mem$/work/rtl/ram_slave.sv:82$225_DATA[31:0]$231 [7:0], Q = \mem[19] [7:0]).
Adding EN signal on $memory\mem[19]$1691 ($dff) from module $paramod$7068ac09caa024df265143630f51c7da53a5c1cd\ram_slave (D = $0$memwr$\mem$/work/rtl/ram_slave.sv:90$226_DATA[31:0]$234 [15:8], Q = \mem[19] [15:8]).
Adding EN signal on $memory\mem[19]$1691 ($dff) from module $paramod$7068ac09caa024df265143630f51c7da53a5c1cd\ram_slave (D = $0$memwr$\mem$/work/rtl/ram_slave.sv:98$227_DATA[31:0]$237 [23:16], Q = \mem[19] [23:16]).
Adding EN signal on $memory\mem[19]$1691 ($dff) from module $paramod$7068ac09caa024df265143630f51c7da53a5c1cd\ram_slave (D = $0$memwr$\mem$/work/rtl/ram_slave.sv:106$228_DATA[31:0]$240 [31:24], Q = \mem[19] [31:24]).
Adding EN signal on $memory\mem[199]$2051 ($dff) from module $paramod$7068ac09caa024df265143630f51c7da53a5c1cd\ram_slave (D = $0$memwr$\mem$/work/rtl/ram_slave.sv:82$225_DATA[31:0]$231 [7:0], Q = \mem[199] [7:0]).
Adding EN signal on $memory\mem[199]$2051 ($dff) from module $paramod$7068ac09caa024df265143630f51c7da53a5c1cd\ram_slave (D = $0$memwr$\mem$/work/rtl/ram_slave.sv:90$226_DATA[31:0]$234 [15:8], Q = \mem[199] [15:8]).
Adding EN signal on $memory\mem[199]$2051 ($dff) from module $paramod$7068ac09caa024df265143630f51c7da53a5c1cd\ram_slave (D = $0$memwr$\mem$/work/rtl/ram_slave.sv:98$227_DATA[31:0]$237 [23:16], Q = \mem[199] [23:16]).
Adding EN signal on $memory\mem[199]$2051 ($dff) from module $paramod$7068ac09caa024df265143630f51c7da53a5c1cd\ram_slave (D = $0$memwr$\mem$/work/rtl/ram_slave.sv:106$228_DATA[31:0]$240 [31:24], Q = \mem[199] [31:24]).
Adding EN signal on $memory\mem[198]$2049 ($dff) from module $paramod$7068ac09caa024df265143630f51c7da53a5c1cd\ram_slave (D = $0$memwr$\mem$/work/rtl/ram_slave.sv:82$225_DATA[31:0]$231 [7:0], Q = \mem[198] [7:0]).
Adding EN signal on $memory\mem[198]$2049 ($dff) from module $paramod$7068ac09caa024df265143630f51c7da53a5c1cd\ram_slave (D = $0$memwr$\mem$/work/rtl/ram_slave.sv:90$226_DATA[31:0]$234 [15:8], Q = \mem[198] [15:8]).
Adding EN signal on $memory\mem[198]$2049 ($dff) from module $paramod$7068ac09caa024df265143630f51c7da53a5c1cd\ram_slave (D = $0$memwr$\mem$/work/rtl/ram_slave.sv:98$227_DATA[31:0]$237 [23:16], Q = \mem[198] [23:16]).
Adding EN signal on $memory\mem[198]$2049 ($dff) from module $paramod$7068ac09caa024df265143630f51c7da53a5c1cd\ram_slave (D = $0$memwr$\mem$/work/rtl/ram_slave.sv:106$228_DATA[31:0]$240 [31:24], Q = \mem[198] [31:24]).
Adding EN signal on $memory\mem[197]$2047 ($dff) from module $paramod$7068ac09caa024df265143630f51c7da53a5c1cd\ram_slave (D = $0$memwr$\mem$/work/rtl/ram_slave.sv:82$225_DATA[31:0]$231 [7:0], Q = \mem[197] [7:0]).
Adding EN signal on $memory\mem[197]$2047 ($dff) from module $paramod$7068ac09caa024df265143630f51c7da53a5c1cd\ram_slave (D = $0$memwr$\mem$/work/rtl/ram_slave.sv:90$226_DATA[31:0]$234 [15:8], Q = \mem[197] [15:8]).
Adding EN signal on $memory\mem[197]$2047 ($dff) from module $paramod$7068ac09caa024df265143630f51c7da53a5c1cd\ram_slave (D = $0$memwr$\mem$/work/rtl/ram_slave.sv:98$227_DATA[31:0]$237 [23:16], Q = \mem[197] [23:16]).
Adding EN signal on $memory\mem[197]$2047 ($dff) from module $paramod$7068ac09caa024df265143630f51c7da53a5c1cd\ram_slave (D = $0$memwr$\mem$/work/rtl/ram_slave.sv:106$228_DATA[31:0]$240 [31:24], Q = \mem[197] [31:24]).
Adding EN signal on $memory\mem[196]$2045 ($dff) from module $paramod$7068ac09caa024df265143630f51c7da53a5c1cd\ram_slave (D = $0$memwr$\mem$/work/rtl/ram_slave.sv:82$225_DATA[31:0]$231 [7:0], Q = \mem[196] [7:0]).
Adding EN signal on $memory\mem[196]$2045 ($dff) from module $paramod$7068ac09caa024df265143630f51c7da53a5c1cd\ram_slave (D = $0$memwr$\mem$/work/rtl/ram_slave.sv:90$226_DATA[31:0]$234 [15:8], Q = \mem[196] [15:8]).
Adding EN signal on $memory\mem[196]$2045 ($dff) from module $paramod$7068ac09caa024df265143630f51c7da53a5c1cd\ram_slave (D = $0$memwr$\mem$/work/rtl/ram_slave.sv:98$227_DATA[31:0]$237 [23:16], Q = \mem[196] [23:16]).
Adding EN signal on $memory\mem[196]$2045 ($dff) from module $paramod$7068ac09caa024df265143630f51c7da53a5c1cd\ram_slave (D = $0$memwr$\mem$/work/rtl/ram_slave.sv:106$228_DATA[31:0]$240 [31:24], Q = \mem[196] [31:24]).
Adding EN signal on $memory\mem[195]$2043 ($dff) from module $paramod$7068ac09caa024df265143630f51c7da53a5c1cd\ram_slave (D = $0$memwr$\mem$/work/rtl/ram_slave.sv:82$225_DATA[31:0]$231 [7:0], Q = \mem[195] [7:0]).
Adding EN signal on $memory\mem[195]$2043 ($dff) from module $paramod$7068ac09caa024df265143630f51c7da53a5c1cd\ram_slave (D = $0$memwr$\mem$/work/rtl/ram_slave.sv:90$226_DATA[31:0]$234 [15:8], Q = \mem[195] [15:8]).
Adding EN signal on $memory\mem[195]$2043 ($dff) from module $paramod$7068ac09caa024df265143630f51c7da53a5c1cd\ram_slave (D = $0$memwr$\mem$/work/rtl/ram_slave.sv:98$227_DATA[31:0]$237 [23:16], Q = \mem[195] [23:16]).
Adding EN signal on $memory\mem[195]$2043 ($dff) from module $paramod$7068ac09caa024df265143630f51c7da53a5c1cd\ram_slave (D = $0$memwr$\mem$/work/rtl/ram_slave.sv:106$228_DATA[31:0]$240 [31:24], Q = \mem[195] [31:24]).
Adding EN signal on $memory\mem[194]$2041 ($dff) from module $paramod$7068ac09caa024df265143630f51c7da53a5c1cd\ram_slave (D = $0$memwr$\mem$/work/rtl/ram_slave.sv:82$225_DATA[31:0]$231 [7:0], Q = \mem[194] [7:0]).
Adding EN signal on $memory\mem[194]$2041 ($dff) from module $paramod$7068ac09caa024df265143630f51c7da53a5c1cd\ram_slave (D = $0$memwr$\mem$/work/rtl/ram_slave.sv:90$226_DATA[31:0]$234 [15:8], Q = \mem[194] [15:8]).
Adding EN signal on $memory\mem[194]$2041 ($dff) from module $paramod$7068ac09caa024df265143630f51c7da53a5c1cd\ram_slave (D = $0$memwr$\mem$/work/rtl/ram_slave.sv:98$227_DATA[31:0]$237 [23:16], Q = \mem[194] [23:16]).
Adding EN signal on $memory\mem[194]$2041 ($dff) from module $paramod$7068ac09caa024df265143630f51c7da53a5c1cd\ram_slave (D = $0$memwr$\mem$/work/rtl/ram_slave.sv:106$228_DATA[31:0]$240 [31:24], Q = \mem[194] [31:24]).
Adding EN signal on $memory\mem[193]$2039 ($dff) from module $paramod$7068ac09caa024df265143630f51c7da53a5c1cd\ram_slave (D = $0$memwr$\mem$/work/rtl/ram_slave.sv:82$225_DATA[31:0]$231 [7:0], Q = \mem[193] [7:0]).
Adding EN signal on $memory\mem[193]$2039 ($dff) from module $paramod$7068ac09caa024df265143630f51c7da53a5c1cd\ram_slave (D = $0$memwr$\mem$/work/rtl/ram_slave.sv:90$226_DATA[31:0]$234 [15:8], Q = \mem[193] [15:8]).
Adding EN signal on $memory\mem[193]$2039 ($dff) from module $paramod$7068ac09caa024df265143630f51c7da53a5c1cd\ram_slave (D = $0$memwr$\mem$/work/rtl/ram_slave.sv:98$227_DATA[31:0]$237 [23:16], Q = \mem[193] [23:16]).
Adding EN signal on $memory\mem[193]$2039 ($dff) from module $paramod$7068ac09caa024df265143630f51c7da53a5c1cd\ram_slave (D = $0$memwr$\mem$/work/rtl/ram_slave.sv:106$228_DATA[31:0]$240 [31:24], Q = \mem[193] [31:24]).
Adding EN signal on $memory\mem[192]$2037 ($dff) from module $paramod$7068ac09caa024df265143630f51c7da53a5c1cd\ram_slave (D = $0$memwr$\mem$/work/rtl/ram_slave.sv:82$225_DATA[31:0]$231 [7:0], Q = \mem[192] [7:0]).
Adding EN signal on $memory\mem[192]$2037 ($dff) from module $paramod$7068ac09caa024df265143630f51c7da53a5c1cd\ram_slave (D = $0$memwr$\mem$/work/rtl/ram_slave.sv:90$226_DATA[31:0]$234 [15:8], Q = \mem[192] [15:8]).
Adding EN signal on $memory\mem[192]$2037 ($dff) from module $paramod$7068ac09caa024df265143630f51c7da53a5c1cd\ram_slave (D = $0$memwr$\mem$/work/rtl/ram_slave.sv:98$227_DATA[31:0]$237 [23:16], Q = \mem[192] [23:16]).
Adding EN signal on $memory\mem[192]$2037 ($dff) from module $paramod$7068ac09caa024df265143630f51c7da53a5c1cd\ram_slave (D = $0$memwr$\mem$/work/rtl/ram_slave.sv:106$228_DATA[31:0]$240 [31:24], Q = \mem[192] [31:24]).
Adding EN signal on $memory\mem[191]$2035 ($dff) from module $paramod$7068ac09caa024df265143630f51c7da53a5c1cd\ram_slave (D = $0$memwr$\mem$/work/rtl/ram_slave.sv:82$225_DATA[31:0]$231 [7:0], Q = \mem[191] [7:0]).
Adding EN signal on $memory\mem[191]$2035 ($dff) from module $paramod$7068ac09caa024df265143630f51c7da53a5c1cd\ram_slave (D = $0$memwr$\mem$/work/rtl/ram_slave.sv:90$226_DATA[31:0]$234 [15:8], Q = \mem[191] [15:8]).
Adding EN signal on $memory\mem[191]$2035 ($dff) from module $paramod$7068ac09caa024df265143630f51c7da53a5c1cd\ram_slave (D = $0$memwr$\mem$/work/rtl/ram_slave.sv:98$227_DATA[31:0]$237 [23:16], Q = \mem[191] [23:16]).
Adding EN signal on $memory\mem[191]$2035 ($dff) from module $paramod$7068ac09caa024df265143630f51c7da53a5c1cd\ram_slave (D = $0$memwr$\mem$/work/rtl/ram_slave.sv:106$228_DATA[31:0]$240 [31:24], Q = \mem[191] [31:24]).
Adding EN signal on $memory\mem[190]$2033 ($dff) from module $paramod$7068ac09caa024df265143630f51c7da53a5c1cd\ram_slave (D = $0$memwr$\mem$/work/rtl/ram_slave.sv:82$225_DATA[31:0]$231 [7:0], Q = \mem[190] [7:0]).
Adding EN signal on $memory\mem[190]$2033 ($dff) from module $paramod$7068ac09caa024df265143630f51c7da53a5c1cd\ram_slave (D = $0$memwr$\mem$/work/rtl/ram_slave.sv:90$226_DATA[31:0]$234 [15:8], Q = \mem[190] [15:8]).
Adding EN signal on $memory\mem[190]$2033 ($dff) from module $paramod$7068ac09caa024df265143630f51c7da53a5c1cd\ram_slave (D = $0$memwr$\mem$/work/rtl/ram_slave.sv:98$227_DATA[31:0]$237 [23:16], Q = \mem[190] [23:16]).
Adding EN signal on $memory\mem[190]$2033 ($dff) from module $paramod$7068ac09caa024df265143630f51c7da53a5c1cd\ram_slave (D = $0$memwr$\mem$/work/rtl/ram_slave.sv:106$228_DATA[31:0]$240 [31:24], Q = \mem[190] [31:24]).
Adding EN signal on $memory\mem[18]$1689 ($dff) from module $paramod$7068ac09caa024df265143630f51c7da53a5c1cd\ram_slave (D = $0$memwr$\mem$/work/rtl/ram_slave.sv:82$225_DATA[31:0]$231 [7:0], Q = \mem[18] [7:0]).
Adding EN signal on $memory\mem[18]$1689 ($dff) from module $paramod$7068ac09caa024df265143630f51c7da53a5c1cd\ram_slave (D = $0$memwr$\mem$/work/rtl/ram_slave.sv:90$226_DATA[31:0]$234 [15:8], Q = \mem[18] [15:8]).
Adding EN signal on $memory\mem[18]$1689 ($dff) from module $paramod$7068ac09caa024df265143630f51c7da53a5c1cd\ram_slave (D = $0$memwr$\mem$/work/rtl/ram_slave.sv:98$227_DATA[31:0]$237 [23:16], Q = \mem[18] [23:16]).
Adding EN signal on $memory\mem[18]$1689 ($dff) from module $paramod$7068ac09caa024df265143630f51c7da53a5c1cd\ram_slave (D = $0$memwr$\mem$/work/rtl/ram_slave.sv:106$228_DATA[31:0]$240 [31:24], Q = \mem[18] [31:24]).
Adding EN signal on $memory\mem[189]$2031 ($dff) from module $paramod$7068ac09caa024df265143630f51c7da53a5c1cd\ram_slave (D = $0$memwr$\mem$/work/rtl/ram_slave.sv:82$225_DATA[31:0]$231 [7:0], Q = \mem[189] [7:0]).
Adding EN signal on $memory\mem[189]$2031 ($dff) from module $paramod$7068ac09caa024df265143630f51c7da53a5c1cd\ram_slave (D = $0$memwr$\mem$/work/rtl/ram_slave.sv:90$226_DATA[31:0]$234 [15:8], Q = \mem[189] [15:8]).
Adding EN signal on $memory\mem[189]$2031 ($dff) from module $paramod$7068ac09caa024df265143630f51c7da53a5c1cd\ram_slave (D = $0$memwr$\mem$/work/rtl/ram_slave.sv:98$227_DATA[31:0]$237 [23:16], Q = \mem[189] [23:16]).
Adding EN signal on $memory\mem[189]$2031 ($dff) from module $paramod$7068ac09caa024df265143630f51c7da53a5c1cd\ram_slave (D = $0$memwr$\mem$/work/rtl/ram_slave.sv:106$228_DATA[31:0]$240 [31:24], Q = \mem[189] [31:24]).
Adding EN signal on $memory\mem[188]$2029 ($dff) from module $paramod$7068ac09caa024df265143630f51c7da53a5c1cd\ram_slave (D = $0$memwr$\mem$/work/rtl/ram_slave.sv:82$225_DATA[31:0]$231 [7:0], Q = \mem[188] [7:0]).
Adding EN signal on $memory\mem[188]$2029 ($dff) from module $paramod$7068ac09caa024df265143630f51c7da53a5c1cd\ram_slave (D = $0$memwr$\mem$/work/rtl/ram_slave.sv:90$226_DATA[31:0]$234 [15:8], Q = \mem[188] [15:8]).
Adding EN signal on $memory\mem[188]$2029 ($dff) from module $paramod$7068ac09caa024df265143630f51c7da53a5c1cd\ram_slave (D = $0$memwr$\mem$/work/rtl/ram_slave.sv:98$227_DATA[31:0]$237 [23:16], Q = \mem[188] [23:16]).
Adding EN signal on $memory\mem[188]$2029 ($dff) from module $paramod$7068ac09caa024df265143630f51c7da53a5c1cd\ram_slave (D = $0$memwr$\mem$/work/rtl/ram_slave.sv:106$228_DATA[31:0]$240 [31:24], Q = \mem[188] [31:24]).
Adding EN signal on $memory\mem[187]$2027 ($dff) from module $paramod$7068ac09caa024df265143630f51c7da53a5c1cd\ram_slave (D = $0$memwr$\mem$/work/rtl/ram_slave.sv:82$225_DATA[31:0]$231 [7:0], Q = \mem[187] [7:0]).
Adding EN signal on $memory\mem[187]$2027 ($dff) from module $paramod$7068ac09caa024df265143630f51c7da53a5c1cd\ram_slave (D = $0$memwr$\mem$/work/rtl/ram_slave.sv:90$226_DATA[31:0]$234 [15:8], Q = \mem[187] [15:8]).
Adding EN signal on $memory\mem[187]$2027 ($dff) from module $paramod$7068ac09caa024df265143630f51c7da53a5c1cd\ram_slave (D = $0$memwr$\mem$/work/rtl/ram_slave.sv:98$227_DATA[31:0]$237 [23:16], Q = \mem[187] [23:16]).
Adding EN signal on $memory\mem[187]$2027 ($dff) from module $paramod$7068ac09caa024df265143630f51c7da53a5c1cd\ram_slave (D = $0$memwr$\mem$/work/rtl/ram_slave.sv:106$228_DATA[31:0]$240 [31:24], Q = \mem[187] [31:24]).
Adding EN signal on $memory\mem[186]$2025 ($dff) from module $paramod$7068ac09caa024df265143630f51c7da53a5c1cd\ram_slave (D = $0$memwr$\mem$/work/rtl/ram_slave.sv:82$225_DATA[31:0]$231 [7:0], Q = \mem[186] [7:0]).
Adding EN signal on $memory\mem[186]$2025 ($dff) from module $paramod$7068ac09caa024df265143630f51c7da53a5c1cd\ram_slave (D = $0$memwr$\mem$/work/rtl/ram_slave.sv:90$226_DATA[31:0]$234 [15:8], Q = \mem[186] [15:8]).
Adding EN signal on $memory\mem[186]$2025 ($dff) from module $paramod$7068ac09caa024df265143630f51c7da53a5c1cd\ram_slave (D = $0$memwr$\mem$/work/rtl/ram_slave.sv:98$227_DATA[31:0]$237 [23:16], Q = \mem[186] [23:16]).
Adding EN signal on $memory\mem[186]$2025 ($dff) from module $paramod$7068ac09caa024df265143630f51c7da53a5c1cd\ram_slave (D = $0$memwr$\mem$/work/rtl/ram_slave.sv:106$228_DATA[31:0]$240 [31:24], Q = \mem[186] [31:24]).
Adding EN signal on $memory\mem[185]$2023 ($dff) from module $paramod$7068ac09caa024df265143630f51c7da53a5c1cd\ram_slave (D = $0$memwr$\mem$/work/rtl/ram_slave.sv:82$225_DATA[31:0]$231 [7:0], Q = \mem[185] [7:0]).
Adding EN signal on $memory\mem[185]$2023 ($dff) from module $paramod$7068ac09caa024df265143630f51c7da53a5c1cd\ram_slave (D = $0$memwr$\mem$/work/rtl/ram_slave.sv:90$226_DATA[31:0]$234 [15:8], Q = \mem[185] [15:8]).
Adding EN signal on $memory\mem[185]$2023 ($dff) from module $paramod$7068ac09caa024df265143630f51c7da53a5c1cd\ram_slave (D = $0$memwr$\mem$/work/rtl/ram_slave.sv:98$227_DATA[31:0]$237 [23:16], Q = \mem[185] [23:16]).
Adding EN signal on $memory\mem[185]$2023 ($dff) from module $paramod$7068ac09caa024df265143630f51c7da53a5c1cd\ram_slave (D = $0$memwr$\mem$/work/rtl/ram_slave.sv:106$228_DATA[31:0]$240 [31:24], Q = \mem[185] [31:24]).
Adding EN signal on $memory\mem[184]$2021 ($dff) from module $paramod$7068ac09caa024df265143630f51c7da53a5c1cd\ram_slave (D = $0$memwr$\mem$/work/rtl/ram_slave.sv:82$225_DATA[31:0]$231 [7:0], Q = \mem[184] [7:0]).
Adding EN signal on $memory\mem[184]$2021 ($dff) from module $paramod$7068ac09caa024df265143630f51c7da53a5c1cd\ram_slave (D = $0$memwr$\mem$/work/rtl/ram_slave.sv:90$226_DATA[31:0]$234 [15:8], Q = \mem[184] [15:8]).
Adding EN signal on $memory\mem[184]$2021 ($dff) from module $paramod$7068ac09caa024df265143630f51c7da53a5c1cd\ram_slave (D = $0$memwr$\mem$/work/rtl/ram_slave.sv:98$227_DATA[31:0]$237 [23:16], Q = \mem[184] [23:16]).
Adding EN signal on $memory\mem[184]$2021 ($dff) from module $paramod$7068ac09caa024df265143630f51c7da53a5c1cd\ram_slave (D = $0$memwr$\mem$/work/rtl/ram_slave.sv:106$228_DATA[31:0]$240 [31:24], Q = \mem[184] [31:24]).
Adding EN signal on $memory\mem[183]$2019 ($dff) from module $paramod$7068ac09caa024df265143630f51c7da53a5c1cd\ram_slave (D = $0$memwr$\mem$/work/rtl/ram_slave.sv:82$225_DATA[31:0]$231 [7:0], Q = \mem[183] [7:0]).
Adding EN signal on $memory\mem[183]$2019 ($dff) from module $paramod$7068ac09caa024df265143630f51c7da53a5c1cd\ram_slave (D = $0$memwr$\mem$/work/rtl/ram_slave.sv:90$226_DATA[31:0]$234 [15:8], Q = \mem[183] [15:8]).
Adding EN signal on $memory\mem[183]$2019 ($dff) from module $paramod$7068ac09caa024df265143630f51c7da53a5c1cd\ram_slave (D = $0$memwr$\mem$/work/rtl/ram_slave.sv:98$227_DATA[31:0]$237 [23:16], Q = \mem[183] [23:16]).
Adding EN signal on $memory\mem[183]$2019 ($dff) from module $paramod$7068ac09caa024df265143630f51c7da53a5c1cd\ram_slave (D = $0$memwr$\mem$/work/rtl/ram_slave.sv:106$228_DATA[31:0]$240 [31:24], Q = \mem[183] [31:24]).
Adding EN signal on $memory\mem[182]$2017 ($dff) from module $paramod$7068ac09caa024df265143630f51c7da53a5c1cd\ram_slave (D = $0$memwr$\mem$/work/rtl/ram_slave.sv:82$225_DATA[31:0]$231 [7:0], Q = \mem[182] [7:0]).
Adding EN signal on $memory\mem[182]$2017 ($dff) from module $paramod$7068ac09caa024df265143630f51c7da53a5c1cd\ram_slave (D = $0$memwr$\mem$/work/rtl/ram_slave.sv:90$226_DATA[31:0]$234 [15:8], Q = \mem[182] [15:8]).
Adding EN signal on $memory\mem[182]$2017 ($dff) from module $paramod$7068ac09caa024df265143630f51c7da53a5c1cd\ram_slave (D = $0$memwr$\mem$/work/rtl/ram_slave.sv:98$227_DATA[31:0]$237 [23:16], Q = \mem[182] [23:16]).
Adding EN signal on $memory\mem[182]$2017 ($dff) from module $paramod$7068ac09caa024df265143630f51c7da53a5c1cd\ram_slave (D = $0$memwr$\mem$/work/rtl/ram_slave.sv:106$228_DATA[31:0]$240 [31:24], Q = \mem[182] [31:24]).
Adding EN signal on $memory\mem[181]$2015 ($dff) from module $paramod$7068ac09caa024df265143630f51c7da53a5c1cd\ram_slave (D = $0$memwr$\mem$/work/rtl/ram_slave.sv:82$225_DATA[31:0]$231 [7:0], Q = \mem[181] [7:0]).
Adding EN signal on $memory\mem[181]$2015 ($dff) from module $paramod$7068ac09caa024df265143630f51c7da53a5c1cd\ram_slave (D = $0$memwr$\mem$/work/rtl/ram_slave.sv:90$226_DATA[31:0]$234 [15:8], Q = \mem[181] [15:8]).
Adding EN signal on $memory\mem[181]$2015 ($dff) from module $paramod$7068ac09caa024df265143630f51c7da53a5c1cd\ram_slave (D = $0$memwr$\mem$/work/rtl/ram_slave.sv:98$227_DATA[31:0]$237 [23:16], Q = \mem[181] [23:16]).
Adding EN signal on $memory\mem[181]$2015 ($dff) from module $paramod$7068ac09caa024df265143630f51c7da53a5c1cd\ram_slave (D = $0$memwr$\mem$/work/rtl/ram_slave.sv:106$228_DATA[31:0]$240 [31:24], Q = \mem[181] [31:24]).
Adding EN signal on $memory\mem[180]$2013 ($dff) from module $paramod$7068ac09caa024df265143630f51c7da53a5c1cd\ram_slave (D = $0$memwr$\mem$/work/rtl/ram_slave.sv:82$225_DATA[31:0]$231 [7:0], Q = \mem[180] [7:0]).
Adding EN signal on $memory\mem[180]$2013 ($dff) from module $paramod$7068ac09caa024df265143630f51c7da53a5c1cd\ram_slave (D = $0$memwr$\mem$/work/rtl/ram_slave.sv:90$226_DATA[31:0]$234 [15:8], Q = \mem[180] [15:8]).
Adding EN signal on $memory\mem[180]$2013 ($dff) from module $paramod$7068ac09caa024df265143630f51c7da53a5c1cd\ram_slave (D = $0$memwr$\mem$/work/rtl/ram_slave.sv:98$227_DATA[31:0]$237 [23:16], Q = \mem[180] [23:16]).
Adding EN signal on $memory\mem[180]$2013 ($dff) from module $paramod$7068ac09caa024df265143630f51c7da53a5c1cd\ram_slave (D = $0$memwr$\mem$/work/rtl/ram_slave.sv:106$228_DATA[31:0]$240 [31:24], Q = \mem[180] [31:24]).
Adding EN signal on $memory\mem[17]$1687 ($dff) from module $paramod$7068ac09caa024df265143630f51c7da53a5c1cd\ram_slave (D = $0$memwr$\mem$/work/rtl/ram_slave.sv:82$225_DATA[31:0]$231 [7:0], Q = \mem[17] [7:0]).
Adding EN signal on $memory\mem[17]$1687 ($dff) from module $paramod$7068ac09caa024df265143630f51c7da53a5c1cd\ram_slave (D = $0$memwr$\mem$/work/rtl/ram_slave.sv:90$226_DATA[31:0]$234 [15:8], Q = \mem[17] [15:8]).
Adding EN signal on $memory\mem[17]$1687 ($dff) from module $paramod$7068ac09caa024df265143630f51c7da53a5c1cd\ram_slave (D = $0$memwr$\mem$/work/rtl/ram_slave.sv:98$227_DATA[31:0]$237 [23:16], Q = \mem[17] [23:16]).
Adding EN signal on $memory\mem[17]$1687 ($dff) from module $paramod$7068ac09caa024df265143630f51c7da53a5c1cd\ram_slave (D = $0$memwr$\mem$/work/rtl/ram_slave.sv:106$228_DATA[31:0]$240 [31:24], Q = \mem[17] [31:24]).
Adding EN signal on $memory\mem[179]$2011 ($dff) from module $paramod$7068ac09caa024df265143630f51c7da53a5c1cd\ram_slave (D = $0$memwr$\mem$/work/rtl/ram_slave.sv:82$225_DATA[31:0]$231 [7:0], Q = \mem[179] [7:0]).
Adding EN signal on $memory\mem[179]$2011 ($dff) from module $paramod$7068ac09caa024df265143630f51c7da53a5c1cd\ram_slave (D = $0$memwr$\mem$/work/rtl/ram_slave.sv:90$226_DATA[31:0]$234 [15:8], Q = \mem[179] [15:8]).
Adding EN signal on $memory\mem[179]$2011 ($dff) from module $paramod$7068ac09caa024df265143630f51c7da53a5c1cd\ram_slave (D = $0$memwr$\mem$/work/rtl/ram_slave.sv:98$227_DATA[31:0]$237 [23:16], Q = \mem[179] [23:16]).
Adding EN signal on $memory\mem[179]$2011 ($dff) from module $paramod$7068ac09caa024df265143630f51c7da53a5c1cd\ram_slave (D = $0$memwr$\mem$/work/rtl/ram_slave.sv:106$228_DATA[31:0]$240 [31:24], Q = \mem[179] [31:24]).
Adding EN signal on $memory\mem[178]$2009 ($dff) from module $paramod$7068ac09caa024df265143630f51c7da53a5c1cd\ram_slave (D = $0$memwr$\mem$/work/rtl/ram_slave.sv:82$225_DATA[31:0]$231 [7:0], Q = \mem[178] [7:0]).
Adding EN signal on $memory\mem[178]$2009 ($dff) from module $paramod$7068ac09caa024df265143630f51c7da53a5c1cd\ram_slave (D = $0$memwr$\mem$/work/rtl/ram_slave.sv:90$226_DATA[31:0]$234 [15:8], Q = \mem[178] [15:8]).
Adding EN signal on $memory\mem[178]$2009 ($dff) from module $paramod$7068ac09caa024df265143630f51c7da53a5c1cd\ram_slave (D = $0$memwr$\mem$/work/rtl/ram_slave.sv:98$227_DATA[31:0]$237 [23:16], Q = \mem[178] [23:16]).
Adding EN signal on $memory\mem[178]$2009 ($dff) from module $paramod$7068ac09caa024df265143630f51c7da53a5c1cd\ram_slave (D = $0$memwr$\mem$/work/rtl/ram_slave.sv:106$228_DATA[31:0]$240 [31:24], Q = \mem[178] [31:24]).
Adding EN signal on $memory\mem[177]$2007 ($dff) from module $paramod$7068ac09caa024df265143630f51c7da53a5c1cd\ram_slave (D = $0$memwr$\mem$/work/rtl/ram_slave.sv:82$225_DATA[31:0]$231 [7:0], Q = \mem[177] [7:0]).
Adding EN signal on $memory\mem[177]$2007 ($dff) from module $paramod$7068ac09caa024df265143630f51c7da53a5c1cd\ram_slave (D = $0$memwr$\mem$/work/rtl/ram_slave.sv:90$226_DATA[31:0]$234 [15:8], Q = \mem[177] [15:8]).
Adding EN signal on $memory\mem[177]$2007 ($dff) from module $paramod$7068ac09caa024df265143630f51c7da53a5c1cd\ram_slave (D = $0$memwr$\mem$/work/rtl/ram_slave.sv:98$227_DATA[31:0]$237 [23:16], Q = \mem[177] [23:16]).
Adding EN signal on $memory\mem[177]$2007 ($dff) from module $paramod$7068ac09caa024df265143630f51c7da53a5c1cd\ram_slave (D = $0$memwr$\mem$/work/rtl/ram_slave.sv:106$228_DATA[31:0]$240 [31:24], Q = \mem[177] [31:24]).
Adding EN signal on $memory\mem[176]$2005 ($dff) from module $paramod$7068ac09caa024df265143630f51c7da53a5c1cd\ram_slave (D = $0$memwr$\mem$/work/rtl/ram_slave.sv:82$225_DATA[31:0]$231 [7:0], Q = \mem[176] [7:0]).
Adding EN signal on $memory\mem[176]$2005 ($dff) from module $paramod$7068ac09caa024df265143630f51c7da53a5c1cd\ram_slave (D = $0$memwr$\mem$/work/rtl/ram_slave.sv:90$226_DATA[31:0]$234 [15:8], Q = \mem[176] [15:8]).
Adding EN signal on $memory\mem[176]$2005 ($dff) from module $paramod$7068ac09caa024df265143630f51c7da53a5c1cd\ram_slave (D = $0$memwr$\mem$/work/rtl/ram_slave.sv:98$227_DATA[31:0]$237 [23:16], Q = \mem[176] [23:16]).
Adding EN signal on $memory\mem[176]$2005 ($dff) from module $paramod$7068ac09caa024df265143630f51c7da53a5c1cd\ram_slave (D = $0$memwr$\mem$/work/rtl/ram_slave.sv:106$228_DATA[31:0]$240 [31:24], Q = \mem[176] [31:24]).
Adding EN signal on $memory\mem[175]$2003 ($dff) from module $paramod$7068ac09caa024df265143630f51c7da53a5c1cd\ram_slave (D = $0$memwr$\mem$/work/rtl/ram_slave.sv:82$225_DATA[31:0]$231 [7:0], Q = \mem[175] [7:0]).
Adding EN signal on $memory\mem[175]$2003 ($dff) from module $paramod$7068ac09caa024df265143630f51c7da53a5c1cd\ram_slave (D = $0$memwr$\mem$/work/rtl/ram_slave.sv:90$226_DATA[31:0]$234 [15:8], Q = \mem[175] [15:8]).
Adding EN signal on $memory\mem[175]$2003 ($dff) from module $paramod$7068ac09caa024df265143630f51c7da53a5c1cd\ram_slave (D = $0$memwr$\mem$/work/rtl/ram_slave.sv:98$227_DATA[31:0]$237 [23:16], Q = \mem[175] [23:16]).
Adding EN signal on $memory\mem[175]$2003 ($dff) from module $paramod$7068ac09caa024df265143630f51c7da53a5c1cd\ram_slave (D = $0$memwr$\mem$/work/rtl/ram_slave.sv:106$228_DATA[31:0]$240 [31:24], Q = \mem[175] [31:24]).
Adding EN signal on $memory\mem[174]$2001 ($dff) from module $paramod$7068ac09caa024df265143630f51c7da53a5c1cd\ram_slave (D = $0$memwr$\mem$/work/rtl/ram_slave.sv:82$225_DATA[31:0]$231 [7:0], Q = \mem[174] [7:0]).
Adding EN signal on $memory\mem[174]$2001 ($dff) from module $paramod$7068ac09caa024df265143630f51c7da53a5c1cd\ram_slave (D = $0$memwr$\mem$/work/rtl/ram_slave.sv:90$226_DATA[31:0]$234 [15:8], Q = \mem[174] [15:8]).
Adding EN signal on $memory\mem[174]$2001 ($dff) from module $paramod$7068ac09caa024df265143630f51c7da53a5c1cd\ram_slave (D = $0$memwr$\mem$/work/rtl/ram_slave.sv:98$227_DATA[31:0]$237 [23:16], Q = \mem[174] [23:16]).
Adding EN signal on $memory\mem[174]$2001 ($dff) from module $paramod$7068ac09caa024df265143630f51c7da53a5c1cd\ram_slave (D = $0$memwr$\mem$/work/rtl/ram_slave.sv:106$228_DATA[31:0]$240 [31:24], Q = \mem[174] [31:24]).
Adding EN signal on $memory\mem[173]$1999 ($dff) from module $paramod$7068ac09caa024df265143630f51c7da53a5c1cd\ram_slave (D = $0$memwr$\mem$/work/rtl/ram_slave.sv:82$225_DATA[31:0]$231 [7:0], Q = \mem[173] [7:0]).
Adding EN signal on $memory\mem[173]$1999 ($dff) from module $paramod$7068ac09caa024df265143630f51c7da53a5c1cd\ram_slave (D = $0$memwr$\mem$/work/rtl/ram_slave.sv:90$226_DATA[31:0]$234 [15:8], Q = \mem[173] [15:8]).
Adding EN signal on $memory\mem[173]$1999 ($dff) from module $paramod$7068ac09caa024df265143630f51c7da53a5c1cd\ram_slave (D = $0$memwr$\mem$/work/rtl/ram_slave.sv:98$227_DATA[31:0]$237 [23:16], Q = \mem[173] [23:16]).
Adding EN signal on $memory\mem[173]$1999 ($dff) from module $paramod$7068ac09caa024df265143630f51c7da53a5c1cd\ram_slave (D = $0$memwr$\mem$/work/rtl/ram_slave.sv:106$228_DATA[31:0]$240 [31:24], Q = \mem[173] [31:24]).
Adding EN signal on $memory\mem[172]$1997 ($dff) from module $paramod$7068ac09caa024df265143630f51c7da53a5c1cd\ram_slave (D = $0$memwr$\mem$/work/rtl/ram_slave.sv:82$225_DATA[31:0]$231 [7:0], Q = \mem[172] [7:0]).
Adding EN signal on $memory\mem[172]$1997 ($dff) from module $paramod$7068ac09caa024df265143630f51c7da53a5c1cd\ram_slave (D = $0$memwr$\mem$/work/rtl/ram_slave.sv:90$226_DATA[31:0]$234 [15:8], Q = \mem[172] [15:8]).
Adding EN signal on $memory\mem[172]$1997 ($dff) from module $paramod$7068ac09caa024df265143630f51c7da53a5c1cd\ram_slave (D = $0$memwr$\mem$/work/rtl/ram_slave.sv:98$227_DATA[31:0]$237 [23:16], Q = \mem[172] [23:16]).
Adding EN signal on $memory\mem[172]$1997 ($dff) from module $paramod$7068ac09caa024df265143630f51c7da53a5c1cd\ram_slave (D = $0$memwr$\mem$/work/rtl/ram_slave.sv:106$228_DATA[31:0]$240 [31:24], Q = \mem[172] [31:24]).
Adding EN signal on $memory\mem[171]$1995 ($dff) from module $paramod$7068ac09caa024df265143630f51c7da53a5c1cd\ram_slave (D = $0$memwr$\mem$/work/rtl/ram_slave.sv:82$225_DATA[31:0]$231 [7:0], Q = \mem[171] [7:0]).
Adding EN signal on $memory\mem[171]$1995 ($dff) from module $paramod$7068ac09caa024df265143630f51c7da53a5c1cd\ram_slave (D = $0$memwr$\mem$/work/rtl/ram_slave.sv:90$226_DATA[31:0]$234 [15:8], Q = \mem[171] [15:8]).
Adding EN signal on $memory\mem[171]$1995 ($dff) from module $paramod$7068ac09caa024df265143630f51c7da53a5c1cd\ram_slave (D = $0$memwr$\mem$/work/rtl/ram_slave.sv:98$227_DATA[31:0]$237 [23:16], Q = \mem[171] [23:16]).
Adding EN signal on $memory\mem[171]$1995 ($dff) from module $paramod$7068ac09caa024df265143630f51c7da53a5c1cd\ram_slave (D = $0$memwr$\mem$/work/rtl/ram_slave.sv:106$228_DATA[31:0]$240 [31:24], Q = \mem[171] [31:24]).
Adding EN signal on $memory\mem[170]$1993 ($dff) from module $paramod$7068ac09caa024df265143630f51c7da53a5c1cd\ram_slave (D = $0$memwr$\mem$/work/rtl/ram_slave.sv:82$225_DATA[31:0]$231 [7:0], Q = \mem[170] [7:0]).
Adding EN signal on $memory\mem[170]$1993 ($dff) from module $paramod$7068ac09caa024df265143630f51c7da53a5c1cd\ram_slave (D = $0$memwr$\mem$/work/rtl/ram_slave.sv:90$226_DATA[31:0]$234 [15:8], Q = \mem[170] [15:8]).
Adding EN signal on $memory\mem[170]$1993 ($dff) from module $paramod$7068ac09caa024df265143630f51c7da53a5c1cd\ram_slave (D = $0$memwr$\mem$/work/rtl/ram_slave.sv:98$227_DATA[31:0]$237 [23:16], Q = \mem[170] [23:16]).
Adding EN signal on $memory\mem[170]$1993 ($dff) from module $paramod$7068ac09caa024df265143630f51c7da53a5c1cd\ram_slave (D = $0$memwr$\mem$/work/rtl/ram_slave.sv:106$228_DATA[31:0]$240 [31:24], Q = \mem[170] [31:24]).
Adding EN signal on $memory\mem[16]$1685 ($dff) from module $paramod$7068ac09caa024df265143630f51c7da53a5c1cd\ram_slave (D = $0$memwr$\mem$/work/rtl/ram_slave.sv:82$225_DATA[31:0]$231 [7:0], Q = \mem[16] [7:0]).
Adding EN signal on $memory\mem[16]$1685 ($dff) from module $paramod$7068ac09caa024df265143630f51c7da53a5c1cd\ram_slave (D = $0$memwr$\mem$/work/rtl/ram_slave.sv:90$226_DATA[31:0]$234 [15:8], Q = \mem[16] [15:8]).
Adding EN signal on $memory\mem[16]$1685 ($dff) from module $paramod$7068ac09caa024df265143630f51c7da53a5c1cd\ram_slave (D = $0$memwr$\mem$/work/rtl/ram_slave.sv:98$227_DATA[31:0]$237 [23:16], Q = \mem[16] [23:16]).
Adding EN signal on $memory\mem[16]$1685 ($dff) from module $paramod$7068ac09caa024df265143630f51c7da53a5c1cd\ram_slave (D = $0$memwr$\mem$/work/rtl/ram_slave.sv:106$228_DATA[31:0]$240 [31:24], Q = \mem[16] [31:24]).
Adding EN signal on $memory\mem[169]$1991 ($dff) from module $paramod$7068ac09caa024df265143630f51c7da53a5c1cd\ram_slave (D = $0$memwr$\mem$/work/rtl/ram_slave.sv:82$225_DATA[31:0]$231 [7:0], Q = \mem[169] [7:0]).
Adding EN signal on $memory\mem[169]$1991 ($dff) from module $paramod$7068ac09caa024df265143630f51c7da53a5c1cd\ram_slave (D = $0$memwr$\mem$/work/rtl/ram_slave.sv:90$226_DATA[31:0]$234 [15:8], Q = \mem[169] [15:8]).
Adding EN signal on $memory\mem[169]$1991 ($dff) from module $paramod$7068ac09caa024df265143630f51c7da53a5c1cd\ram_slave (D = $0$memwr$\mem$/work/rtl/ram_slave.sv:98$227_DATA[31:0]$237 [23:16], Q = \mem[169] [23:16]).
Adding EN signal on $memory\mem[169]$1991 ($dff) from module $paramod$7068ac09caa024df265143630f51c7da53a5c1cd\ram_slave (D = $0$memwr$\mem$/work/rtl/ram_slave.sv:106$228_DATA[31:0]$240 [31:24], Q = \mem[169] [31:24]).
Adding EN signal on $memory\mem[168]$1989 ($dff) from module $paramod$7068ac09caa024df265143630f51c7da53a5c1cd\ram_slave (D = $0$memwr$\mem$/work/rtl/ram_slave.sv:82$225_DATA[31:0]$231 [7:0], Q = \mem[168] [7:0]).
Adding EN signal on $memory\mem[168]$1989 ($dff) from module $paramod$7068ac09caa024df265143630f51c7da53a5c1cd\ram_slave (D = $0$memwr$\mem$/work/rtl/ram_slave.sv:90$226_DATA[31:0]$234 [15:8], Q = \mem[168] [15:8]).
Adding EN signal on $memory\mem[168]$1989 ($dff) from module $paramod$7068ac09caa024df265143630f51c7da53a5c1cd\ram_slave (D = $0$memwr$\mem$/work/rtl/ram_slave.sv:98$227_DATA[31:0]$237 [23:16], Q = \mem[168] [23:16]).
Adding EN signal on $memory\mem[168]$1989 ($dff) from module $paramod$7068ac09caa024df265143630f51c7da53a5c1cd\ram_slave (D = $0$memwr$\mem$/work/rtl/ram_slave.sv:106$228_DATA[31:0]$240 [31:24], Q = \mem[168] [31:24]).
Adding EN signal on $memory\mem[167]$1987 ($dff) from module $paramod$7068ac09caa024df265143630f51c7da53a5c1cd\ram_slave (D = $0$memwr$\mem$/work/rtl/ram_slave.sv:82$225_DATA[31:0]$231 [7:0], Q = \mem[167] [7:0]).
Adding EN signal on $memory\mem[167]$1987 ($dff) from module $paramod$7068ac09caa024df265143630f51c7da53a5c1cd\ram_slave (D = $0$memwr$\mem$/work/rtl/ram_slave.sv:90$226_DATA[31:0]$234 [15:8], Q = \mem[167] [15:8]).
Adding EN signal on $memory\mem[167]$1987 ($dff) from module $paramod$7068ac09caa024df265143630f51c7da53a5c1cd\ram_slave (D = $0$memwr$\mem$/work/rtl/ram_slave.sv:98$227_DATA[31:0]$237 [23:16], Q = \mem[167] [23:16]).
Adding EN signal on $memory\mem[167]$1987 ($dff) from module $paramod$7068ac09caa024df265143630f51c7da53a5c1cd\ram_slave (D = $0$memwr$\mem$/work/rtl/ram_slave.sv:106$228_DATA[31:0]$240 [31:24], Q = \mem[167] [31:24]).
Adding EN signal on $memory\mem[166]$1985 ($dff) from module $paramod$7068ac09caa024df265143630f51c7da53a5c1cd\ram_slave (D = $0$memwr$\mem$/work/rtl/ram_slave.sv:82$225_DATA[31:0]$231 [7:0], Q = \mem[166] [7:0]).
Adding EN signal on $memory\mem[166]$1985 ($dff) from module $paramod$7068ac09caa024df265143630f51c7da53a5c1cd\ram_slave (D = $0$memwr$\mem$/work/rtl/ram_slave.sv:90$226_DATA[31:0]$234 [15:8], Q = \mem[166] [15:8]).
Adding EN signal on $memory\mem[166]$1985 ($dff) from module $paramod$7068ac09caa024df265143630f51c7da53a5c1cd\ram_slave (D = $0$memwr$\mem$/work/rtl/ram_slave.sv:98$227_DATA[31:0]$237 [23:16], Q = \mem[166] [23:16]).
Adding EN signal on $memory\mem[166]$1985 ($dff) from module $paramod$7068ac09caa024df265143630f51c7da53a5c1cd\ram_slave (D = $0$memwr$\mem$/work/rtl/ram_slave.sv:106$228_DATA[31:0]$240 [31:24], Q = \mem[166] [31:24]).
Adding EN signal on $memory\mem[165]$1983 ($dff) from module $paramod$7068ac09caa024df265143630f51c7da53a5c1cd\ram_slave (D = $0$memwr$\mem$/work/rtl/ram_slave.sv:82$225_DATA[31:0]$231 [7:0], Q = \mem[165] [7:0]).
Adding EN signal on $memory\mem[165]$1983 ($dff) from module $paramod$7068ac09caa024df265143630f51c7da53a5c1cd\ram_slave (D = $0$memwr$\mem$/work/rtl/ram_slave.sv:90$226_DATA[31:0]$234 [15:8], Q = \mem[165] [15:8]).
Adding EN signal on $memory\mem[165]$1983 ($dff) from module $paramod$7068ac09caa024df265143630f51c7da53a5c1cd\ram_slave (D = $0$memwr$\mem$/work/rtl/ram_slave.sv:98$227_DATA[31:0]$237 [23:16], Q = \mem[165] [23:16]).
Adding EN signal on $memory\mem[165]$1983 ($dff) from module $paramod$7068ac09caa024df265143630f51c7da53a5c1cd\ram_slave (D = $0$memwr$\mem$/work/rtl/ram_slave.sv:106$228_DATA[31:0]$240 [31:24], Q = \mem[165] [31:24]).
Adding EN signal on $memory\mem[164]$1981 ($dff) from module $paramod$7068ac09caa024df265143630f51c7da53a5c1cd\ram_slave (D = $0$memwr$\mem$/work/rtl/ram_slave.sv:82$225_DATA[31:0]$231 [7:0], Q = \mem[164] [7:0]).
Adding EN signal on $memory\mem[164]$1981 ($dff) from module $paramod$7068ac09caa024df265143630f51c7da53a5c1cd\ram_slave (D = $0$memwr$\mem$/work/rtl/ram_slave.sv:90$226_DATA[31:0]$234 [15:8], Q = \mem[164] [15:8]).
Adding EN signal on $memory\mem[164]$1981 ($dff) from module $paramod$7068ac09caa024df265143630f51c7da53a5c1cd\ram_slave (D = $0$memwr$\mem$/work/rtl/ram_slave.sv:98$227_DATA[31:0]$237 [23:16], Q = \mem[164] [23:16]).
Adding EN signal on $memory\mem[164]$1981 ($dff) from module $paramod$7068ac09caa024df265143630f51c7da53a5c1cd\ram_slave (D = $0$memwr$\mem$/work/rtl/ram_slave.sv:106$228_DATA[31:0]$240 [31:24], Q = \mem[164] [31:24]).
Adding EN signal on $memory\mem[163]$1979 ($dff) from module $paramod$7068ac09caa024df265143630f51c7da53a5c1cd\ram_slave (D = $0$memwr$\mem$/work/rtl/ram_slave.sv:82$225_DATA[31:0]$231 [7:0], Q = \mem[163] [7:0]).
Adding EN signal on $memory\mem[163]$1979 ($dff) from module $paramod$7068ac09caa024df265143630f51c7da53a5c1cd\ram_slave (D = $0$memwr$\mem$/work/rtl/ram_slave.sv:90$226_DATA[31:0]$234 [15:8], Q = \mem[163] [15:8]).
Adding EN signal on $memory\mem[163]$1979 ($dff) from module $paramod$7068ac09caa024df265143630f51c7da53a5c1cd\ram_slave (D = $0$memwr$\mem$/work/rtl/ram_slave.sv:98$227_DATA[31:0]$237 [23:16], Q = \mem[163] [23:16]).
Adding EN signal on $memory\mem[163]$1979 ($dff) from module $paramod$7068ac09caa024df265143630f51c7da53a5c1cd\ram_slave (D = $0$memwr$\mem$/work/rtl/ram_slave.sv:106$228_DATA[31:0]$240 [31:24], Q = \mem[163] [31:24]).
Adding EN signal on $memory\mem[162]$1977 ($dff) from module $paramod$7068ac09caa024df265143630f51c7da53a5c1cd\ram_slave (D = $0$memwr$\mem$/work/rtl/ram_slave.sv:82$225_DATA[31:0]$231 [7:0], Q = \mem[162] [7:0]).
Adding EN signal on $memory\mem[162]$1977 ($dff) from module $paramod$7068ac09caa024df265143630f51c7da53a5c1cd\ram_slave (D = $0$memwr$\mem$/work/rtl/ram_slave.sv:90$226_DATA[31:0]$234 [15:8], Q = \mem[162] [15:8]).
Adding EN signal on $memory\mem[162]$1977 ($dff) from module $paramod$7068ac09caa024df265143630f51c7da53a5c1cd\ram_slave (D = $0$memwr$\mem$/work/rtl/ram_slave.sv:98$227_DATA[31:0]$237 [23:16], Q = \mem[162] [23:16]).
Adding EN signal on $memory\mem[162]$1977 ($dff) from module $paramod$7068ac09caa024df265143630f51c7da53a5c1cd\ram_slave (D = $0$memwr$\mem$/work/rtl/ram_slave.sv:106$228_DATA[31:0]$240 [31:24], Q = \mem[162] [31:24]).
Adding EN signal on $memory\mem[161]$1975 ($dff) from module $paramod$7068ac09caa024df265143630f51c7da53a5c1cd\ram_slave (D = $0$memwr$\mem$/work/rtl/ram_slave.sv:82$225_DATA[31:0]$231 [7:0], Q = \mem[161] [7:0]).
Adding EN signal on $memory\mem[161]$1975 ($dff) from module $paramod$7068ac09caa024df265143630f51c7da53a5c1cd\ram_slave (D = $0$memwr$\mem$/work/rtl/ram_slave.sv:90$226_DATA[31:0]$234 [15:8], Q = \mem[161] [15:8]).
Adding EN signal on $memory\mem[161]$1975 ($dff) from module $paramod$7068ac09caa024df265143630f51c7da53a5c1cd\ram_slave (D = $0$memwr$\mem$/work/rtl/ram_slave.sv:98$227_DATA[31:0]$237 [23:16], Q = \mem[161] [23:16]).
Adding EN signal on $memory\mem[161]$1975 ($dff) from module $paramod$7068ac09caa024df265143630f51c7da53a5c1cd\ram_slave (D = $0$memwr$\mem$/work/rtl/ram_slave.sv:106$228_DATA[31:0]$240 [31:24], Q = \mem[161] [31:24]).
Adding EN signal on $memory\mem[160]$1973 ($dff) from module $paramod$7068ac09caa024df265143630f51c7da53a5c1cd\ram_slave (D = $0$memwr$\mem$/work/rtl/ram_slave.sv:82$225_DATA[31:0]$231 [7:0], Q = \mem[160] [7:0]).
Adding EN signal on $memory\mem[160]$1973 ($dff) from module $paramod$7068ac09caa024df265143630f51c7da53a5c1cd\ram_slave (D = $0$memwr$\mem$/work/rtl/ram_slave.sv:90$226_DATA[31:0]$234 [15:8], Q = \mem[160] [15:8]).
Adding EN signal on $memory\mem[160]$1973 ($dff) from module $paramod$7068ac09caa024df265143630f51c7da53a5c1cd\ram_slave (D = $0$memwr$\mem$/work/rtl/ram_slave.sv:98$227_DATA[31:0]$237 [23:16], Q = \mem[160] [23:16]).
Adding EN signal on $memory\mem[160]$1973 ($dff) from module $paramod$7068ac09caa024df265143630f51c7da53a5c1cd\ram_slave (D = $0$memwr$\mem$/work/rtl/ram_slave.sv:106$228_DATA[31:0]$240 [31:24], Q = \mem[160] [31:24]).
Adding EN signal on $memory\mem[15]$1683 ($dff) from module $paramod$7068ac09caa024df265143630f51c7da53a5c1cd\ram_slave (D = $0$memwr$\mem$/work/rtl/ram_slave.sv:82$225_DATA[31:0]$231 [7:0], Q = \mem[15] [7:0]).
Adding EN signal on $memory\mem[15]$1683 ($dff) from module $paramod$7068ac09caa024df265143630f51c7da53a5c1cd\ram_slave (D = $0$memwr$\mem$/work/rtl/ram_slave.sv:90$226_DATA[31:0]$234 [15:8], Q = \mem[15] [15:8]).
Adding EN signal on $memory\mem[15]$1683 ($dff) from module $paramod$7068ac09caa024df265143630f51c7da53a5c1cd\ram_slave (D = $0$memwr$\mem$/work/rtl/ram_slave.sv:98$227_DATA[31:0]$237 [23:16], Q = \mem[15] [23:16]).
Adding EN signal on $memory\mem[15]$1683 ($dff) from module $paramod$7068ac09caa024df265143630f51c7da53a5c1cd\ram_slave (D = $0$memwr$\mem$/work/rtl/ram_slave.sv:106$228_DATA[31:0]$240 [31:24], Q = \mem[15] [31:24]).
Adding EN signal on $memory\mem[159]$1971 ($dff) from module $paramod$7068ac09caa024df265143630f51c7da53a5c1cd\ram_slave (D = $0$memwr$\mem$/work/rtl/ram_slave.sv:82$225_DATA[31:0]$231 [7:0], Q = \mem[159] [7:0]).
Adding EN signal on $memory\mem[159]$1971 ($dff) from module $paramod$7068ac09caa024df265143630f51c7da53a5c1cd\ram_slave (D = $0$memwr$\mem$/work/rtl/ram_slave.sv:90$226_DATA[31:0]$234 [15:8], Q = \mem[159] [15:8]).
Adding EN signal on $memory\mem[159]$1971 ($dff) from module $paramod$7068ac09caa024df265143630f51c7da53a5c1cd\ram_slave (D = $0$memwr$\mem$/work/rtl/ram_slave.sv:98$227_DATA[31:0]$237 [23:16], Q = \mem[159] [23:16]).
Adding EN signal on $memory\mem[159]$1971 ($dff) from module $paramod$7068ac09caa024df265143630f51c7da53a5c1cd\ram_slave (D = $0$memwr$\mem$/work/rtl/ram_slave.sv:106$228_DATA[31:0]$240 [31:24], Q = \mem[159] [31:24]).
Adding EN signal on $memory\mem[158]$1969 ($dff) from module $paramod$7068ac09caa024df265143630f51c7da53a5c1cd\ram_slave (D = $0$memwr$\mem$/work/rtl/ram_slave.sv:82$225_DATA[31:0]$231 [7:0], Q = \mem[158] [7:0]).
Adding EN signal on $memory\mem[158]$1969 ($dff) from module $paramod$7068ac09caa024df265143630f51c7da53a5c1cd\ram_slave (D = $0$memwr$\mem$/work/rtl/ram_slave.sv:90$226_DATA[31:0]$234 [15:8], Q = \mem[158] [15:8]).
Adding EN signal on $memory\mem[158]$1969 ($dff) from module $paramod$7068ac09caa024df265143630f51c7da53a5c1cd\ram_slave (D = $0$memwr$\mem$/work/rtl/ram_slave.sv:98$227_DATA[31:0]$237 [23:16], Q = \mem[158] [23:16]).
Adding EN signal on $memory\mem[158]$1969 ($dff) from module $paramod$7068ac09caa024df265143630f51c7da53a5c1cd\ram_slave (D = $0$memwr$\mem$/work/rtl/ram_slave.sv:106$228_DATA[31:0]$240 [31:24], Q = \mem[158] [31:24]).
Adding EN signal on $memory\mem[157]$1967 ($dff) from module $paramod$7068ac09caa024df265143630f51c7da53a5c1cd\ram_slave (D = $0$memwr$\mem$/work/rtl/ram_slave.sv:82$225_DATA[31:0]$231 [7:0], Q = \mem[157] [7:0]).
Adding EN signal on $memory\mem[157]$1967 ($dff) from module $paramod$7068ac09caa024df265143630f51c7da53a5c1cd\ram_slave (D = $0$memwr$\mem$/work/rtl/ram_slave.sv:90$226_DATA[31:0]$234 [15:8], Q = \mem[157] [15:8]).
Adding EN signal on $memory\mem[157]$1967 ($dff) from module $paramod$7068ac09caa024df265143630f51c7da53a5c1cd\ram_slave (D = $0$memwr$\mem$/work/rtl/ram_slave.sv:98$227_DATA[31:0]$237 [23:16], Q = \mem[157] [23:16]).
Adding EN signal on $memory\mem[157]$1967 ($dff) from module $paramod$7068ac09caa024df265143630f51c7da53a5c1cd\ram_slave (D = $0$memwr$\mem$/work/rtl/ram_slave.sv:106$228_DATA[31:0]$240 [31:24], Q = \mem[157] [31:24]).
Adding EN signal on $memory\mem[156]$1965 ($dff) from module $paramod$7068ac09caa024df265143630f51c7da53a5c1cd\ram_slave (D = $0$memwr$\mem$/work/rtl/ram_slave.sv:82$225_DATA[31:0]$231 [7:0], Q = \mem[156] [7:0]).
Adding EN signal on $memory\mem[156]$1965 ($dff) from module $paramod$7068ac09caa024df265143630f51c7da53a5c1cd\ram_slave (D = $0$memwr$\mem$/work/rtl/ram_slave.sv:90$226_DATA[31:0]$234 [15:8], Q = \mem[156] [15:8]).
Adding EN signal on $memory\mem[156]$1965 ($dff) from module $paramod$7068ac09caa024df265143630f51c7da53a5c1cd\ram_slave (D = $0$memwr$\mem$/work/rtl/ram_slave.sv:98$227_DATA[31:0]$237 [23:16], Q = \mem[156] [23:16]).
Adding EN signal on $memory\mem[156]$1965 ($dff) from module $paramod$7068ac09caa024df265143630f51c7da53a5c1cd\ram_slave (D = $0$memwr$\mem$/work/rtl/ram_slave.sv:106$228_DATA[31:0]$240 [31:24], Q = \mem[156] [31:24]).
Adding EN signal on $memory\mem[155]$1963 ($dff) from module $paramod$7068ac09caa024df265143630f51c7da53a5c1cd\ram_slave (D = $0$memwr$\mem$/work/rtl/ram_slave.sv:82$225_DATA[31:0]$231 [7:0], Q = \mem[155] [7:0]).
Adding EN signal on $memory\mem[155]$1963 ($dff) from module $paramod$7068ac09caa024df265143630f51c7da53a5c1cd\ram_slave (D = $0$memwr$\mem$/work/rtl/ram_slave.sv:90$226_DATA[31:0]$234 [15:8], Q = \mem[155] [15:8]).
Adding EN signal on $memory\mem[155]$1963 ($dff) from module $paramod$7068ac09caa024df265143630f51c7da53a5c1cd\ram_slave (D = $0$memwr$\mem$/work/rtl/ram_slave.sv:98$227_DATA[31:0]$237 [23:16], Q = \mem[155] [23:16]).
Adding EN signal on $memory\mem[155]$1963 ($dff) from module $paramod$7068ac09caa024df265143630f51c7da53a5c1cd\ram_slave (D = $0$memwr$\mem$/work/rtl/ram_slave.sv:106$228_DATA[31:0]$240 [31:24], Q = \mem[155] [31:24]).
Adding EN signal on $memory\mem[154]$1961 ($dff) from module $paramod$7068ac09caa024df265143630f51c7da53a5c1cd\ram_slave (D = $0$memwr$\mem$/work/rtl/ram_slave.sv:82$225_DATA[31:0]$231 [7:0], Q = \mem[154] [7:0]).
Adding EN signal on $memory\mem[154]$1961 ($dff) from module $paramod$7068ac09caa024df265143630f51c7da53a5c1cd\ram_slave (D = $0$memwr$\mem$/work/rtl/ram_slave.sv:90$226_DATA[31:0]$234 [15:8], Q = \mem[154] [15:8]).
Adding EN signal on $memory\mem[154]$1961 ($dff) from module $paramod$7068ac09caa024df265143630f51c7da53a5c1cd\ram_slave (D = $0$memwr$\mem$/work/rtl/ram_slave.sv:98$227_DATA[31:0]$237 [23:16], Q = \mem[154] [23:16]).
Adding EN signal on $memory\mem[154]$1961 ($dff) from module $paramod$7068ac09caa024df265143630f51c7da53a5c1cd\ram_slave (D = $0$memwr$\mem$/work/rtl/ram_slave.sv:106$228_DATA[31:0]$240 [31:24], Q = \mem[154] [31:24]).
Adding EN signal on $memory\mem[153]$1959 ($dff) from module $paramod$7068ac09caa024df265143630f51c7da53a5c1cd\ram_slave (D = $0$memwr$\mem$/work/rtl/ram_slave.sv:82$225_DATA[31:0]$231 [7:0], Q = \mem[153] [7:0]).
Adding EN signal on $memory\mem[153]$1959 ($dff) from module $paramod$7068ac09caa024df265143630f51c7da53a5c1cd\ram_slave (D = $0$memwr$\mem$/work/rtl/ram_slave.sv:90$226_DATA[31:0]$234 [15:8], Q = \mem[153] [15:8]).
Adding EN signal on $memory\mem[153]$1959 ($dff) from module $paramod$7068ac09caa024df265143630f51c7da53a5c1cd\ram_slave (D = $0$memwr$\mem$/work/rtl/ram_slave.sv:98$227_DATA[31:0]$237 [23:16], Q = \mem[153] [23:16]).
Adding EN signal on $memory\mem[153]$1959 ($dff) from module $paramod$7068ac09caa024df265143630f51c7da53a5c1cd\ram_slave (D = $0$memwr$\mem$/work/rtl/ram_slave.sv:106$228_DATA[31:0]$240 [31:24], Q = \mem[153] [31:24]).
Adding EN signal on $memory\mem[152]$1957 ($dff) from module $paramod$7068ac09caa024df265143630f51c7da53a5c1cd\ram_slave (D = $0$memwr$\mem$/work/rtl/ram_slave.sv:82$225_DATA[31:0]$231 [7:0], Q = \mem[152] [7:0]).
Adding EN signal on $memory\mem[152]$1957 ($dff) from module $paramod$7068ac09caa024df265143630f51c7da53a5c1cd\ram_slave (D = $0$memwr$\mem$/work/rtl/ram_slave.sv:90$226_DATA[31:0]$234 [15:8], Q = \mem[152] [15:8]).
Adding EN signal on $memory\mem[152]$1957 ($dff) from module $paramod$7068ac09caa024df265143630f51c7da53a5c1cd\ram_slave (D = $0$memwr$\mem$/work/rtl/ram_slave.sv:98$227_DATA[31:0]$237 [23:16], Q = \mem[152] [23:16]).
Adding EN signal on $memory\mem[152]$1957 ($dff) from module $paramod$7068ac09caa024df265143630f51c7da53a5c1cd\ram_slave (D = $0$memwr$\mem$/work/rtl/ram_slave.sv:106$228_DATA[31:0]$240 [31:24], Q = \mem[152] [31:24]).
Adding EN signal on $memory\mem[151]$1955 ($dff) from module $paramod$7068ac09caa024df265143630f51c7da53a5c1cd\ram_slave (D = $0$memwr$\mem$/work/rtl/ram_slave.sv:82$225_DATA[31:0]$231 [7:0], Q = \mem[151] [7:0]).
Adding EN signal on $memory\mem[151]$1955 ($dff) from module $paramod$7068ac09caa024df265143630f51c7da53a5c1cd\ram_slave (D = $0$memwr$\mem$/work/rtl/ram_slave.sv:90$226_DATA[31:0]$234 [15:8], Q = \mem[151] [15:8]).
Adding EN signal on $memory\mem[151]$1955 ($dff) from module $paramod$7068ac09caa024df265143630f51c7da53a5c1cd\ram_slave (D = $0$memwr$\mem$/work/rtl/ram_slave.sv:98$227_DATA[31:0]$237 [23:16], Q = \mem[151] [23:16]).
Adding EN signal on $memory\mem[151]$1955 ($dff) from module $paramod$7068ac09caa024df265143630f51c7da53a5c1cd\ram_slave (D = $0$memwr$\mem$/work/rtl/ram_slave.sv:106$228_DATA[31:0]$240 [31:24], Q = \mem[151] [31:24]).
Adding EN signal on $memory\mem[150]$1953 ($dff) from module $paramod$7068ac09caa024df265143630f51c7da53a5c1cd\ram_slave (D = $0$memwr$\mem$/work/rtl/ram_slave.sv:82$225_DATA[31:0]$231 [7:0], Q = \mem[150] [7:0]).
Adding EN signal on $memory\mem[150]$1953 ($dff) from module $paramod$7068ac09caa024df265143630f51c7da53a5c1cd\ram_slave (D = $0$memwr$\mem$/work/rtl/ram_slave.sv:90$226_DATA[31:0]$234 [15:8], Q = \mem[150] [15:8]).
Adding EN signal on $memory\mem[150]$1953 ($dff) from module $paramod$7068ac09caa024df265143630f51c7da53a5c1cd\ram_slave (D = $0$memwr$\mem$/work/rtl/ram_slave.sv:98$227_DATA[31:0]$237 [23:16], Q = \mem[150] [23:16]).
Adding EN signal on $memory\mem[150]$1953 ($dff) from module $paramod$7068ac09caa024df265143630f51c7da53a5c1cd\ram_slave (D = $0$memwr$\mem$/work/rtl/ram_slave.sv:106$228_DATA[31:0]$240 [31:24], Q = \mem[150] [31:24]).
Adding EN signal on $memory\mem[14]$1681 ($dff) from module $paramod$7068ac09caa024df265143630f51c7da53a5c1cd\ram_slave (D = $0$memwr$\mem$/work/rtl/ram_slave.sv:82$225_DATA[31:0]$231 [7:0], Q = \mem[14] [7:0]).
Adding EN signal on $memory\mem[14]$1681 ($dff) from module $paramod$7068ac09caa024df265143630f51c7da53a5c1cd\ram_slave (D = $0$memwr$\mem$/work/rtl/ram_slave.sv:90$226_DATA[31:0]$234 [15:8], Q = \mem[14] [15:8]).
Adding EN signal on $memory\mem[14]$1681 ($dff) from module $paramod$7068ac09caa024df265143630f51c7da53a5c1cd\ram_slave (D = $0$memwr$\mem$/work/rtl/ram_slave.sv:98$227_DATA[31:0]$237 [23:16], Q = \mem[14] [23:16]).
Adding EN signal on $memory\mem[14]$1681 ($dff) from module $paramod$7068ac09caa024df265143630f51c7da53a5c1cd\ram_slave (D = $0$memwr$\mem$/work/rtl/ram_slave.sv:106$228_DATA[31:0]$240 [31:24], Q = \mem[14] [31:24]).
Adding EN signal on $memory\mem[149]$1951 ($dff) from module $paramod$7068ac09caa024df265143630f51c7da53a5c1cd\ram_slave (D = $0$memwr$\mem$/work/rtl/ram_slave.sv:82$225_DATA[31:0]$231 [7:0], Q = \mem[149] [7:0]).
Adding EN signal on $memory\mem[149]$1951 ($dff) from module $paramod$7068ac09caa024df265143630f51c7da53a5c1cd\ram_slave (D = $0$memwr$\mem$/work/rtl/ram_slave.sv:90$226_DATA[31:0]$234 [15:8], Q = \mem[149] [15:8]).
Adding EN signal on $memory\mem[149]$1951 ($dff) from module $paramod$7068ac09caa024df265143630f51c7da53a5c1cd\ram_slave (D = $0$memwr$\mem$/work/rtl/ram_slave.sv:98$227_DATA[31:0]$237 [23:16], Q = \mem[149] [23:16]).
Adding EN signal on $memory\mem[149]$1951 ($dff) from module $paramod$7068ac09caa024df265143630f51c7da53a5c1cd\ram_slave (D = $0$memwr$\mem$/work/rtl/ram_slave.sv:106$228_DATA[31:0]$240 [31:24], Q = \mem[149] [31:24]).
Adding EN signal on $memory\mem[148]$1949 ($dff) from module $paramod$7068ac09caa024df265143630f51c7da53a5c1cd\ram_slave (D = $0$memwr$\mem$/work/rtl/ram_slave.sv:82$225_DATA[31:0]$231 [7:0], Q = \mem[148] [7:0]).
Adding EN signal on $memory\mem[148]$1949 ($dff) from module $paramod$7068ac09caa024df265143630f51c7da53a5c1cd\ram_slave (D = $0$memwr$\mem$/work/rtl/ram_slave.sv:90$226_DATA[31:0]$234 [15:8], Q = \mem[148] [15:8]).
Adding EN signal on $memory\mem[148]$1949 ($dff) from module $paramod$7068ac09caa024df265143630f51c7da53a5c1cd\ram_slave (D = $0$memwr$\mem$/work/rtl/ram_slave.sv:98$227_DATA[31:0]$237 [23:16], Q = \mem[148] [23:16]).
Adding EN signal on $memory\mem[148]$1949 ($dff) from module $paramod$7068ac09caa024df265143630f51c7da53a5c1cd\ram_slave (D = $0$memwr$\mem$/work/rtl/ram_slave.sv:106$228_DATA[31:0]$240 [31:24], Q = \mem[148] [31:24]).
Adding EN signal on $memory\mem[147]$1947 ($dff) from module $paramod$7068ac09caa024df265143630f51c7da53a5c1cd\ram_slave (D = $0$memwr$\mem$/work/rtl/ram_slave.sv:82$225_DATA[31:0]$231 [7:0], Q = \mem[147] [7:0]).
Adding EN signal on $memory\mem[147]$1947 ($dff) from module $paramod$7068ac09caa024df265143630f51c7da53a5c1cd\ram_slave (D = $0$memwr$\mem$/work/rtl/ram_slave.sv:90$226_DATA[31:0]$234 [15:8], Q = \mem[147] [15:8]).
Adding EN signal on $memory\mem[147]$1947 ($dff) from module $paramod$7068ac09caa024df265143630f51c7da53a5c1cd\ram_slave (D = $0$memwr$\mem$/work/rtl/ram_slave.sv:98$227_DATA[31:0]$237 [23:16], Q = \mem[147] [23:16]).
Adding EN signal on $memory\mem[147]$1947 ($dff) from module $paramod$7068ac09caa024df265143630f51c7da53a5c1cd\ram_slave (D = $0$memwr$\mem$/work/rtl/ram_slave.sv:106$228_DATA[31:0]$240 [31:24], Q = \mem[147] [31:24]).
Adding EN signal on $memory\mem[146]$1945 ($dff) from module $paramod$7068ac09caa024df265143630f51c7da53a5c1cd\ram_slave (D = $0$memwr$\mem$/work/rtl/ram_slave.sv:82$225_DATA[31:0]$231 [7:0], Q = \mem[146] [7:0]).
Adding EN signal on $memory\mem[146]$1945 ($dff) from module $paramod$7068ac09caa024df265143630f51c7da53a5c1cd\ram_slave (D = $0$memwr$\mem$/work/rtl/ram_slave.sv:90$226_DATA[31:0]$234 [15:8], Q = \mem[146] [15:8]).
Adding EN signal on $memory\mem[146]$1945 ($dff) from module $paramod$7068ac09caa024df265143630f51c7da53a5c1cd\ram_slave (D = $0$memwr$\mem$/work/rtl/ram_slave.sv:98$227_DATA[31:0]$237 [23:16], Q = \mem[146] [23:16]).
Adding EN signal on $memory\mem[146]$1945 ($dff) from module $paramod$7068ac09caa024df265143630f51c7da53a5c1cd\ram_slave (D = $0$memwr$\mem$/work/rtl/ram_slave.sv:106$228_DATA[31:0]$240 [31:24], Q = \mem[146] [31:24]).
Adding EN signal on $memory\mem[145]$1943 ($dff) from module $paramod$7068ac09caa024df265143630f51c7da53a5c1cd\ram_slave (D = $0$memwr$\mem$/work/rtl/ram_slave.sv:82$225_DATA[31:0]$231 [7:0], Q = \mem[145] [7:0]).
Adding EN signal on $memory\mem[145]$1943 ($dff) from module $paramod$7068ac09caa024df265143630f51c7da53a5c1cd\ram_slave (D = $0$memwr$\mem$/work/rtl/ram_slave.sv:90$226_DATA[31:0]$234 [15:8], Q = \mem[145] [15:8]).
Adding EN signal on $memory\mem[145]$1943 ($dff) from module $paramod$7068ac09caa024df265143630f51c7da53a5c1cd\ram_slave (D = $0$memwr$\mem$/work/rtl/ram_slave.sv:98$227_DATA[31:0]$237 [23:16], Q = \mem[145] [23:16]).
Adding EN signal on $memory\mem[145]$1943 ($dff) from module $paramod$7068ac09caa024df265143630f51c7da53a5c1cd\ram_slave (D = $0$memwr$\mem$/work/rtl/ram_slave.sv:106$228_DATA[31:0]$240 [31:24], Q = \mem[145] [31:24]).
Adding EN signal on $memory\mem[144]$1941 ($dff) from module $paramod$7068ac09caa024df265143630f51c7da53a5c1cd\ram_slave (D = $0$memwr$\mem$/work/rtl/ram_slave.sv:82$225_DATA[31:0]$231 [7:0], Q = \mem[144] [7:0]).
Adding EN signal on $memory\mem[144]$1941 ($dff) from module $paramod$7068ac09caa024df265143630f51c7da53a5c1cd\ram_slave (D = $0$memwr$\mem$/work/rtl/ram_slave.sv:90$226_DATA[31:0]$234 [15:8], Q = \mem[144] [15:8]).
Adding EN signal on $memory\mem[144]$1941 ($dff) from module $paramod$7068ac09caa024df265143630f51c7da53a5c1cd\ram_slave (D = $0$memwr$\mem$/work/rtl/ram_slave.sv:98$227_DATA[31:0]$237 [23:16], Q = \mem[144] [23:16]).
Adding EN signal on $memory\mem[144]$1941 ($dff) from module $paramod$7068ac09caa024df265143630f51c7da53a5c1cd\ram_slave (D = $0$memwr$\mem$/work/rtl/ram_slave.sv:106$228_DATA[31:0]$240 [31:24], Q = \mem[144] [31:24]).
Adding EN signal on $memory\mem[143]$1939 ($dff) from module $paramod$7068ac09caa024df265143630f51c7da53a5c1cd\ram_slave (D = $0$memwr$\mem$/work/rtl/ram_slave.sv:82$225_DATA[31:0]$231 [7:0], Q = \mem[143] [7:0]).
Adding EN signal on $memory\mem[143]$1939 ($dff) from module $paramod$7068ac09caa024df265143630f51c7da53a5c1cd\ram_slave (D = $0$memwr$\mem$/work/rtl/ram_slave.sv:90$226_DATA[31:0]$234 [15:8], Q = \mem[143] [15:8]).
Adding EN signal on $memory\mem[143]$1939 ($dff) from module $paramod$7068ac09caa024df265143630f51c7da53a5c1cd\ram_slave (D = $0$memwr$\mem$/work/rtl/ram_slave.sv:98$227_DATA[31:0]$237 [23:16], Q = \mem[143] [23:16]).
Adding EN signal on $memory\mem[143]$1939 ($dff) from module $paramod$7068ac09caa024df265143630f51c7da53a5c1cd\ram_slave (D = $0$memwr$\mem$/work/rtl/ram_slave.sv:106$228_DATA[31:0]$240 [31:24], Q = \mem[143] [31:24]).
Adding EN signal on $memory\mem[142]$1937 ($dff) from module $paramod$7068ac09caa024df265143630f51c7da53a5c1cd\ram_slave (D = $0$memwr$\mem$/work/rtl/ram_slave.sv:82$225_DATA[31:0]$231 [7:0], Q = \mem[142] [7:0]).
Adding EN signal on $memory\mem[142]$1937 ($dff) from module $paramod$7068ac09caa024df265143630f51c7da53a5c1cd\ram_slave (D = $0$memwr$\mem$/work/rtl/ram_slave.sv:90$226_DATA[31:0]$234 [15:8], Q = \mem[142] [15:8]).
Adding EN signal on $memory\mem[142]$1937 ($dff) from module $paramod$7068ac09caa024df265143630f51c7da53a5c1cd\ram_slave (D = $0$memwr$\mem$/work/rtl/ram_slave.sv:98$227_DATA[31:0]$237 [23:16], Q = \mem[142] [23:16]).
Adding EN signal on $memory\mem[142]$1937 ($dff) from module $paramod$7068ac09caa024df265143630f51c7da53a5c1cd\ram_slave (D = $0$memwr$\mem$/work/rtl/ram_slave.sv:106$228_DATA[31:0]$240 [31:24], Q = \mem[142] [31:24]).
Adding EN signal on $memory\mem[141]$1935 ($dff) from module $paramod$7068ac09caa024df265143630f51c7da53a5c1cd\ram_slave (D = $0$memwr$\mem$/work/rtl/ram_slave.sv:82$225_DATA[31:0]$231 [7:0], Q = \mem[141] [7:0]).
Adding EN signal on $memory\mem[141]$1935 ($dff) from module $paramod$7068ac09caa024df265143630f51c7da53a5c1cd\ram_slave (D = $0$memwr$\mem$/work/rtl/ram_slave.sv:90$226_DATA[31:0]$234 [15:8], Q = \mem[141] [15:8]).
Adding EN signal on $memory\mem[141]$1935 ($dff) from module $paramod$7068ac09caa024df265143630f51c7da53a5c1cd\ram_slave (D = $0$memwr$\mem$/work/rtl/ram_slave.sv:98$227_DATA[31:0]$237 [23:16], Q = \mem[141] [23:16]).
Adding EN signal on $memory\mem[141]$1935 ($dff) from module $paramod$7068ac09caa024df265143630f51c7da53a5c1cd\ram_slave (D = $0$memwr$\mem$/work/rtl/ram_slave.sv:106$228_DATA[31:0]$240 [31:24], Q = \mem[141] [31:24]).
Adding EN signal on $memory\mem[140]$1933 ($dff) from module $paramod$7068ac09caa024df265143630f51c7da53a5c1cd\ram_slave (D = $0$memwr$\mem$/work/rtl/ram_slave.sv:82$225_DATA[31:0]$231 [7:0], Q = \mem[140] [7:0]).
Adding EN signal on $memory\mem[140]$1933 ($dff) from module $paramod$7068ac09caa024df265143630f51c7da53a5c1cd\ram_slave (D = $0$memwr$\mem$/work/rtl/ram_slave.sv:90$226_DATA[31:0]$234 [15:8], Q = \mem[140] [15:8]).
Adding EN signal on $memory\mem[140]$1933 ($dff) from module $paramod$7068ac09caa024df265143630f51c7da53a5c1cd\ram_slave (D = $0$memwr$\mem$/work/rtl/ram_slave.sv:98$227_DATA[31:0]$237 [23:16], Q = \mem[140] [23:16]).
Adding EN signal on $memory\mem[140]$1933 ($dff) from module $paramod$7068ac09caa024df265143630f51c7da53a5c1cd\ram_slave (D = $0$memwr$\mem$/work/rtl/ram_slave.sv:106$228_DATA[31:0]$240 [31:24], Q = \mem[140] [31:24]).
Adding EN signal on $memory\mem[13]$1679 ($dff) from module $paramod$7068ac09caa024df265143630f51c7da53a5c1cd\ram_slave (D = $0$memwr$\mem$/work/rtl/ram_slave.sv:82$225_DATA[31:0]$231 [7:0], Q = \mem[13] [7:0]).
Adding EN signal on $memory\mem[13]$1679 ($dff) from module $paramod$7068ac09caa024df265143630f51c7da53a5c1cd\ram_slave (D = $0$memwr$\mem$/work/rtl/ram_slave.sv:90$226_DATA[31:0]$234 [15:8], Q = \mem[13] [15:8]).
Adding EN signal on $memory\mem[13]$1679 ($dff) from module $paramod$7068ac09caa024df265143630f51c7da53a5c1cd\ram_slave (D = $0$memwr$\mem$/work/rtl/ram_slave.sv:98$227_DATA[31:0]$237 [23:16], Q = \mem[13] [23:16]).
Adding EN signal on $memory\mem[13]$1679 ($dff) from module $paramod$7068ac09caa024df265143630f51c7da53a5c1cd\ram_slave (D = $0$memwr$\mem$/work/rtl/ram_slave.sv:106$228_DATA[31:0]$240 [31:24], Q = \mem[13] [31:24]).
Adding EN signal on $memory\mem[139]$1931 ($dff) from module $paramod$7068ac09caa024df265143630f51c7da53a5c1cd\ram_slave (D = $0$memwr$\mem$/work/rtl/ram_slave.sv:82$225_DATA[31:0]$231 [7:0], Q = \mem[139] [7:0]).
Adding EN signal on $memory\mem[139]$1931 ($dff) from module $paramod$7068ac09caa024df265143630f51c7da53a5c1cd\ram_slave (D = $0$memwr$\mem$/work/rtl/ram_slave.sv:90$226_DATA[31:0]$234 [15:8], Q = \mem[139] [15:8]).
Adding EN signal on $memory\mem[139]$1931 ($dff) from module $paramod$7068ac09caa024df265143630f51c7da53a5c1cd\ram_slave (D = $0$memwr$\mem$/work/rtl/ram_slave.sv:98$227_DATA[31:0]$237 [23:16], Q = \mem[139] [23:16]).
Adding EN signal on $memory\mem[139]$1931 ($dff) from module $paramod$7068ac09caa024df265143630f51c7da53a5c1cd\ram_slave (D = $0$memwr$\mem$/work/rtl/ram_slave.sv:106$228_DATA[31:0]$240 [31:24], Q = \mem[139] [31:24]).
Adding EN signal on $memory\mem[138]$1929 ($dff) from module $paramod$7068ac09caa024df265143630f51c7da53a5c1cd\ram_slave (D = $0$memwr$\mem$/work/rtl/ram_slave.sv:82$225_DATA[31:0]$231 [7:0], Q = \mem[138] [7:0]).
Adding EN signal on $memory\mem[138]$1929 ($dff) from module $paramod$7068ac09caa024df265143630f51c7da53a5c1cd\ram_slave (D = $0$memwr$\mem$/work/rtl/ram_slave.sv:90$226_DATA[31:0]$234 [15:8], Q = \mem[138] [15:8]).
Adding EN signal on $memory\mem[138]$1929 ($dff) from module $paramod$7068ac09caa024df265143630f51c7da53a5c1cd\ram_slave (D = $0$memwr$\mem$/work/rtl/ram_slave.sv:98$227_DATA[31:0]$237 [23:16], Q = \mem[138] [23:16]).
Adding EN signal on $memory\mem[138]$1929 ($dff) from module $paramod$7068ac09caa024df265143630f51c7da53a5c1cd\ram_slave (D = $0$memwr$\mem$/work/rtl/ram_slave.sv:106$228_DATA[31:0]$240 [31:24], Q = \mem[138] [31:24]).
Adding EN signal on $memory\mem[137]$1927 ($dff) from module $paramod$7068ac09caa024df265143630f51c7da53a5c1cd\ram_slave (D = $0$memwr$\mem$/work/rtl/ram_slave.sv:82$225_DATA[31:0]$231 [7:0], Q = \mem[137] [7:0]).
Adding EN signal on $memory\mem[137]$1927 ($dff) from module $paramod$7068ac09caa024df265143630f51c7da53a5c1cd\ram_slave (D = $0$memwr$\mem$/work/rtl/ram_slave.sv:90$226_DATA[31:0]$234 [15:8], Q = \mem[137] [15:8]).
Adding EN signal on $memory\mem[137]$1927 ($dff) from module $paramod$7068ac09caa024df265143630f51c7da53a5c1cd\ram_slave (D = $0$memwr$\mem$/work/rtl/ram_slave.sv:98$227_DATA[31:0]$237 [23:16], Q = \mem[137] [23:16]).
Adding EN signal on $memory\mem[137]$1927 ($dff) from module $paramod$7068ac09caa024df265143630f51c7da53a5c1cd\ram_slave (D = $0$memwr$\mem$/work/rtl/ram_slave.sv:106$228_DATA[31:0]$240 [31:24], Q = \mem[137] [31:24]).
Adding EN signal on $memory\mem[136]$1925 ($dff) from module $paramod$7068ac09caa024df265143630f51c7da53a5c1cd\ram_slave (D = $0$memwr$\mem$/work/rtl/ram_slave.sv:82$225_DATA[31:0]$231 [7:0], Q = \mem[136] [7:0]).
Adding EN signal on $memory\mem[136]$1925 ($dff) from module $paramod$7068ac09caa024df265143630f51c7da53a5c1cd\ram_slave (D = $0$memwr$\mem$/work/rtl/ram_slave.sv:90$226_DATA[31:0]$234 [15:8], Q = \mem[136] [15:8]).
Adding EN signal on $memory\mem[136]$1925 ($dff) from module $paramod$7068ac09caa024df265143630f51c7da53a5c1cd\ram_slave (D = $0$memwr$\mem$/work/rtl/ram_slave.sv:98$227_DATA[31:0]$237 [23:16], Q = \mem[136] [23:16]).
Adding EN signal on $memory\mem[136]$1925 ($dff) from module $paramod$7068ac09caa024df265143630f51c7da53a5c1cd\ram_slave (D = $0$memwr$\mem$/work/rtl/ram_slave.sv:106$228_DATA[31:0]$240 [31:24], Q = \mem[136] [31:24]).
Adding EN signal on $memory\mem[135]$1923 ($dff) from module $paramod$7068ac09caa024df265143630f51c7da53a5c1cd\ram_slave (D = $0$memwr$\mem$/work/rtl/ram_slave.sv:82$225_DATA[31:0]$231 [7:0], Q = \mem[135] [7:0]).
Adding EN signal on $memory\mem[135]$1923 ($dff) from module $paramod$7068ac09caa024df265143630f51c7da53a5c1cd\ram_slave (D = $0$memwr$\mem$/work/rtl/ram_slave.sv:90$226_DATA[31:0]$234 [15:8], Q = \mem[135] [15:8]).
Adding EN signal on $memory\mem[135]$1923 ($dff) from module $paramod$7068ac09caa024df265143630f51c7da53a5c1cd\ram_slave (D = $0$memwr$\mem$/work/rtl/ram_slave.sv:98$227_DATA[31:0]$237 [23:16], Q = \mem[135] [23:16]).
Adding EN signal on $memory\mem[135]$1923 ($dff) from module $paramod$7068ac09caa024df265143630f51c7da53a5c1cd\ram_slave (D = $0$memwr$\mem$/work/rtl/ram_slave.sv:106$228_DATA[31:0]$240 [31:24], Q = \mem[135] [31:24]).
Adding EN signal on $memory\mem[134]$1921 ($dff) from module $paramod$7068ac09caa024df265143630f51c7da53a5c1cd\ram_slave (D = $0$memwr$\mem$/work/rtl/ram_slave.sv:82$225_DATA[31:0]$231 [7:0], Q = \mem[134] [7:0]).
Adding EN signal on $memory\mem[134]$1921 ($dff) from module $paramod$7068ac09caa024df265143630f51c7da53a5c1cd\ram_slave (D = $0$memwr$\mem$/work/rtl/ram_slave.sv:90$226_DATA[31:0]$234 [15:8], Q = \mem[134] [15:8]).
Adding EN signal on $memory\mem[134]$1921 ($dff) from module $paramod$7068ac09caa024df265143630f51c7da53a5c1cd\ram_slave (D = $0$memwr$\mem$/work/rtl/ram_slave.sv:98$227_DATA[31:0]$237 [23:16], Q = \mem[134] [23:16]).
Adding EN signal on $memory\mem[134]$1921 ($dff) from module $paramod$7068ac09caa024df265143630f51c7da53a5c1cd\ram_slave (D = $0$memwr$\mem$/work/rtl/ram_slave.sv:106$228_DATA[31:0]$240 [31:24], Q = \mem[134] [31:24]).
Adding EN signal on $memory\mem[133]$1919 ($dff) from module $paramod$7068ac09caa024df265143630f51c7da53a5c1cd\ram_slave (D = $0$memwr$\mem$/work/rtl/ram_slave.sv:82$225_DATA[31:0]$231 [7:0], Q = \mem[133] [7:0]).
Adding EN signal on $memory\mem[133]$1919 ($dff) from module $paramod$7068ac09caa024df265143630f51c7da53a5c1cd\ram_slave (D = $0$memwr$\mem$/work/rtl/ram_slave.sv:90$226_DATA[31:0]$234 [15:8], Q = \mem[133] [15:8]).
Adding EN signal on $memory\mem[133]$1919 ($dff) from module $paramod$7068ac09caa024df265143630f51c7da53a5c1cd\ram_slave (D = $0$memwr$\mem$/work/rtl/ram_slave.sv:98$227_DATA[31:0]$237 [23:16], Q = \mem[133] [23:16]).
Adding EN signal on $memory\mem[133]$1919 ($dff) from module $paramod$7068ac09caa024df265143630f51c7da53a5c1cd\ram_slave (D = $0$memwr$\mem$/work/rtl/ram_slave.sv:106$228_DATA[31:0]$240 [31:24], Q = \mem[133] [31:24]).
Adding EN signal on $memory\mem[132]$1917 ($dff) from module $paramod$7068ac09caa024df265143630f51c7da53a5c1cd\ram_slave (D = $0$memwr$\mem$/work/rtl/ram_slave.sv:82$225_DATA[31:0]$231 [7:0], Q = \mem[132] [7:0]).
Adding EN signal on $memory\mem[132]$1917 ($dff) from module $paramod$7068ac09caa024df265143630f51c7da53a5c1cd\ram_slave (D = $0$memwr$\mem$/work/rtl/ram_slave.sv:90$226_DATA[31:0]$234 [15:8], Q = \mem[132] [15:8]).
Adding EN signal on $memory\mem[132]$1917 ($dff) from module $paramod$7068ac09caa024df265143630f51c7da53a5c1cd\ram_slave (D = $0$memwr$\mem$/work/rtl/ram_slave.sv:98$227_DATA[31:0]$237 [23:16], Q = \mem[132] [23:16]).
Adding EN signal on $memory\mem[132]$1917 ($dff) from module $paramod$7068ac09caa024df265143630f51c7da53a5c1cd\ram_slave (D = $0$memwr$\mem$/work/rtl/ram_slave.sv:106$228_DATA[31:0]$240 [31:24], Q = \mem[132] [31:24]).
Adding EN signal on $memory\mem[131]$1915 ($dff) from module $paramod$7068ac09caa024df265143630f51c7da53a5c1cd\ram_slave (D = $0$memwr$\mem$/work/rtl/ram_slave.sv:82$225_DATA[31:0]$231 [7:0], Q = \mem[131] [7:0]).
Adding EN signal on $memory\mem[131]$1915 ($dff) from module $paramod$7068ac09caa024df265143630f51c7da53a5c1cd\ram_slave (D = $0$memwr$\mem$/work/rtl/ram_slave.sv:90$226_DATA[31:0]$234 [15:8], Q = \mem[131] [15:8]).
Adding EN signal on $memory\mem[131]$1915 ($dff) from module $paramod$7068ac09caa024df265143630f51c7da53a5c1cd\ram_slave (D = $0$memwr$\mem$/work/rtl/ram_slave.sv:98$227_DATA[31:0]$237 [23:16], Q = \mem[131] [23:16]).
Adding EN signal on $memory\mem[131]$1915 ($dff) from module $paramod$7068ac09caa024df265143630f51c7da53a5c1cd\ram_slave (D = $0$memwr$\mem$/work/rtl/ram_slave.sv:106$228_DATA[31:0]$240 [31:24], Q = \mem[131] [31:24]).
Adding EN signal on $memory\mem[130]$1913 ($dff) from module $paramod$7068ac09caa024df265143630f51c7da53a5c1cd\ram_slave (D = $0$memwr$\mem$/work/rtl/ram_slave.sv:82$225_DATA[31:0]$231 [7:0], Q = \mem[130] [7:0]).
Adding EN signal on $memory\mem[130]$1913 ($dff) from module $paramod$7068ac09caa024df265143630f51c7da53a5c1cd\ram_slave (D = $0$memwr$\mem$/work/rtl/ram_slave.sv:90$226_DATA[31:0]$234 [15:8], Q = \mem[130] [15:8]).
Adding EN signal on $memory\mem[130]$1913 ($dff) from module $paramod$7068ac09caa024df265143630f51c7da53a5c1cd\ram_slave (D = $0$memwr$\mem$/work/rtl/ram_slave.sv:98$227_DATA[31:0]$237 [23:16], Q = \mem[130] [23:16]).
Adding EN signal on $memory\mem[130]$1913 ($dff) from module $paramod$7068ac09caa024df265143630f51c7da53a5c1cd\ram_slave (D = $0$memwr$\mem$/work/rtl/ram_slave.sv:106$228_DATA[31:0]$240 [31:24], Q = \mem[130] [31:24]).
Adding EN signal on $memory\mem[12]$1677 ($dff) from module $paramod$7068ac09caa024df265143630f51c7da53a5c1cd\ram_slave (D = $0$memwr$\mem$/work/rtl/ram_slave.sv:82$225_DATA[31:0]$231 [7:0], Q = \mem[12] [7:0]).
Adding EN signal on $memory\mem[12]$1677 ($dff) from module $paramod$7068ac09caa024df265143630f51c7da53a5c1cd\ram_slave (D = $0$memwr$\mem$/work/rtl/ram_slave.sv:90$226_DATA[31:0]$234 [15:8], Q = \mem[12] [15:8]).
Adding EN signal on $memory\mem[12]$1677 ($dff) from module $paramod$7068ac09caa024df265143630f51c7da53a5c1cd\ram_slave (D = $0$memwr$\mem$/work/rtl/ram_slave.sv:98$227_DATA[31:0]$237 [23:16], Q = \mem[12] [23:16]).
Adding EN signal on $memory\mem[12]$1677 ($dff) from module $paramod$7068ac09caa024df265143630f51c7da53a5c1cd\ram_slave (D = $0$memwr$\mem$/work/rtl/ram_slave.sv:106$228_DATA[31:0]$240 [31:24], Q = \mem[12] [31:24]).
Adding EN signal on $memory\mem[129]$1911 ($dff) from module $paramod$7068ac09caa024df265143630f51c7da53a5c1cd\ram_slave (D = $0$memwr$\mem$/work/rtl/ram_slave.sv:82$225_DATA[31:0]$231 [7:0], Q = \mem[129] [7:0]).
Adding EN signal on $memory\mem[129]$1911 ($dff) from module $paramod$7068ac09caa024df265143630f51c7da53a5c1cd\ram_slave (D = $0$memwr$\mem$/work/rtl/ram_slave.sv:90$226_DATA[31:0]$234 [15:8], Q = \mem[129] [15:8]).
Adding EN signal on $memory\mem[129]$1911 ($dff) from module $paramod$7068ac09caa024df265143630f51c7da53a5c1cd\ram_slave (D = $0$memwr$\mem$/work/rtl/ram_slave.sv:98$227_DATA[31:0]$237 [23:16], Q = \mem[129] [23:16]).
Adding EN signal on $memory\mem[129]$1911 ($dff) from module $paramod$7068ac09caa024df265143630f51c7da53a5c1cd\ram_slave (D = $0$memwr$\mem$/work/rtl/ram_slave.sv:106$228_DATA[31:0]$240 [31:24], Q = \mem[129] [31:24]).
Adding EN signal on $memory\mem[128]$1909 ($dff) from module $paramod$7068ac09caa024df265143630f51c7da53a5c1cd\ram_slave (D = $0$memwr$\mem$/work/rtl/ram_slave.sv:82$225_DATA[31:0]$231 [7:0], Q = \mem[128] [7:0]).
Adding EN signal on $memory\mem[128]$1909 ($dff) from module $paramod$7068ac09caa024df265143630f51c7da53a5c1cd\ram_slave (D = $0$memwr$\mem$/work/rtl/ram_slave.sv:90$226_DATA[31:0]$234 [15:8], Q = \mem[128] [15:8]).
Adding EN signal on $memory\mem[128]$1909 ($dff) from module $paramod$7068ac09caa024df265143630f51c7da53a5c1cd\ram_slave (D = $0$memwr$\mem$/work/rtl/ram_slave.sv:98$227_DATA[31:0]$237 [23:16], Q = \mem[128] [23:16]).
Adding EN signal on $memory\mem[128]$1909 ($dff) from module $paramod$7068ac09caa024df265143630f51c7da53a5c1cd\ram_slave (D = $0$memwr$\mem$/work/rtl/ram_slave.sv:106$228_DATA[31:0]$240 [31:24], Q = \mem[128] [31:24]).
Adding EN signal on $memory\mem[127]$1907 ($dff) from module $paramod$7068ac09caa024df265143630f51c7da53a5c1cd\ram_slave (D = $0$memwr$\mem$/work/rtl/ram_slave.sv:82$225_DATA[31:0]$231 [7:0], Q = \mem[127] [7:0]).
Adding EN signal on $memory\mem[127]$1907 ($dff) from module $paramod$7068ac09caa024df265143630f51c7da53a5c1cd\ram_slave (D = $0$memwr$\mem$/work/rtl/ram_slave.sv:90$226_DATA[31:0]$234 [15:8], Q = \mem[127] [15:8]).
Adding EN signal on $memory\mem[127]$1907 ($dff) from module $paramod$7068ac09caa024df265143630f51c7da53a5c1cd\ram_slave (D = $0$memwr$\mem$/work/rtl/ram_slave.sv:98$227_DATA[31:0]$237 [23:16], Q = \mem[127] [23:16]).
Adding EN signal on $memory\mem[127]$1907 ($dff) from module $paramod$7068ac09caa024df265143630f51c7da53a5c1cd\ram_slave (D = $0$memwr$\mem$/work/rtl/ram_slave.sv:106$228_DATA[31:0]$240 [31:24], Q = \mem[127] [31:24]).
Adding EN signal on $memory\mem[126]$1905 ($dff) from module $paramod$7068ac09caa024df265143630f51c7da53a5c1cd\ram_slave (D = $0$memwr$\mem$/work/rtl/ram_slave.sv:82$225_DATA[31:0]$231 [7:0], Q = \mem[126] [7:0]).
Adding EN signal on $memory\mem[126]$1905 ($dff) from module $paramod$7068ac09caa024df265143630f51c7da53a5c1cd\ram_slave (D = $0$memwr$\mem$/work/rtl/ram_slave.sv:90$226_DATA[31:0]$234 [15:8], Q = \mem[126] [15:8]).
Adding EN signal on $memory\mem[126]$1905 ($dff) from module $paramod$7068ac09caa024df265143630f51c7da53a5c1cd\ram_slave (D = $0$memwr$\mem$/work/rtl/ram_slave.sv:98$227_DATA[31:0]$237 [23:16], Q = \mem[126] [23:16]).
Adding EN signal on $memory\mem[126]$1905 ($dff) from module $paramod$7068ac09caa024df265143630f51c7da53a5c1cd\ram_slave (D = $0$memwr$\mem$/work/rtl/ram_slave.sv:106$228_DATA[31:0]$240 [31:24], Q = \mem[126] [31:24]).
Adding EN signal on $memory\mem[125]$1903 ($dff) from module $paramod$7068ac09caa024df265143630f51c7da53a5c1cd\ram_slave (D = $0$memwr$\mem$/work/rtl/ram_slave.sv:82$225_DATA[31:0]$231 [7:0], Q = \mem[125] [7:0]).
Adding EN signal on $memory\mem[125]$1903 ($dff) from module $paramod$7068ac09caa024df265143630f51c7da53a5c1cd\ram_slave (D = $0$memwr$\mem$/work/rtl/ram_slave.sv:90$226_DATA[31:0]$234 [15:8], Q = \mem[125] [15:8]).
Adding EN signal on $memory\mem[125]$1903 ($dff) from module $paramod$7068ac09caa024df265143630f51c7da53a5c1cd\ram_slave (D = $0$memwr$\mem$/work/rtl/ram_slave.sv:98$227_DATA[31:0]$237 [23:16], Q = \mem[125] [23:16]).
Adding EN signal on $memory\mem[125]$1903 ($dff) from module $paramod$7068ac09caa024df265143630f51c7da53a5c1cd\ram_slave (D = $0$memwr$\mem$/work/rtl/ram_slave.sv:106$228_DATA[31:0]$240 [31:24], Q = \mem[125] [31:24]).
Adding EN signal on $memory\mem[124]$1901 ($dff) from module $paramod$7068ac09caa024df265143630f51c7da53a5c1cd\ram_slave (D = $0$memwr$\mem$/work/rtl/ram_slave.sv:82$225_DATA[31:0]$231 [7:0], Q = \mem[124] [7:0]).
Adding EN signal on $memory\mem[124]$1901 ($dff) from module $paramod$7068ac09caa024df265143630f51c7da53a5c1cd\ram_slave (D = $0$memwr$\mem$/work/rtl/ram_slave.sv:90$226_DATA[31:0]$234 [15:8], Q = \mem[124] [15:8]).
Adding EN signal on $memory\mem[124]$1901 ($dff) from module $paramod$7068ac09caa024df265143630f51c7da53a5c1cd\ram_slave (D = $0$memwr$\mem$/work/rtl/ram_slave.sv:98$227_DATA[31:0]$237 [23:16], Q = \mem[124] [23:16]).
Adding EN signal on $memory\mem[124]$1901 ($dff) from module $paramod$7068ac09caa024df265143630f51c7da53a5c1cd\ram_slave (D = $0$memwr$\mem$/work/rtl/ram_slave.sv:106$228_DATA[31:0]$240 [31:24], Q = \mem[124] [31:24]).
Adding EN signal on $memory\mem[123]$1899 ($dff) from module $paramod$7068ac09caa024df265143630f51c7da53a5c1cd\ram_slave (D = $0$memwr$\mem$/work/rtl/ram_slave.sv:82$225_DATA[31:0]$231 [7:0], Q = \mem[123] [7:0]).
Adding EN signal on $memory\mem[123]$1899 ($dff) from module $paramod$7068ac09caa024df265143630f51c7da53a5c1cd\ram_slave (D = $0$memwr$\mem$/work/rtl/ram_slave.sv:90$226_DATA[31:0]$234 [15:8], Q = \mem[123] [15:8]).
Adding EN signal on $memory\mem[123]$1899 ($dff) from module $paramod$7068ac09caa024df265143630f51c7da53a5c1cd\ram_slave (D = $0$memwr$\mem$/work/rtl/ram_slave.sv:98$227_DATA[31:0]$237 [23:16], Q = \mem[123] [23:16]).
Adding EN signal on $memory\mem[123]$1899 ($dff) from module $paramod$7068ac09caa024df265143630f51c7da53a5c1cd\ram_slave (D = $0$memwr$\mem$/work/rtl/ram_slave.sv:106$228_DATA[31:0]$240 [31:24], Q = \mem[123] [31:24]).
Adding EN signal on $memory\mem[122]$1897 ($dff) from module $paramod$7068ac09caa024df265143630f51c7da53a5c1cd\ram_slave (D = $0$memwr$\mem$/work/rtl/ram_slave.sv:82$225_DATA[31:0]$231 [7:0], Q = \mem[122] [7:0]).
Adding EN signal on $memory\mem[122]$1897 ($dff) from module $paramod$7068ac09caa024df265143630f51c7da53a5c1cd\ram_slave (D = $0$memwr$\mem$/work/rtl/ram_slave.sv:90$226_DATA[31:0]$234 [15:8], Q = \mem[122] [15:8]).
Adding EN signal on $memory\mem[122]$1897 ($dff) from module $paramod$7068ac09caa024df265143630f51c7da53a5c1cd\ram_slave (D = $0$memwr$\mem$/work/rtl/ram_slave.sv:98$227_DATA[31:0]$237 [23:16], Q = \mem[122] [23:16]).
Adding EN signal on $memory\mem[122]$1897 ($dff) from module $paramod$7068ac09caa024df265143630f51c7da53a5c1cd\ram_slave (D = $0$memwr$\mem$/work/rtl/ram_slave.sv:106$228_DATA[31:0]$240 [31:24], Q = \mem[122] [31:24]).
Adding EN signal on $memory\mem[121]$1895 ($dff) from module $paramod$7068ac09caa024df265143630f51c7da53a5c1cd\ram_slave (D = $0$memwr$\mem$/work/rtl/ram_slave.sv:82$225_DATA[31:0]$231 [7:0], Q = \mem[121] [7:0]).
Adding EN signal on $memory\mem[121]$1895 ($dff) from module $paramod$7068ac09caa024df265143630f51c7da53a5c1cd\ram_slave (D = $0$memwr$\mem$/work/rtl/ram_slave.sv:90$226_DATA[31:0]$234 [15:8], Q = \mem[121] [15:8]).
Adding EN signal on $memory\mem[121]$1895 ($dff) from module $paramod$7068ac09caa024df265143630f51c7da53a5c1cd\ram_slave (D = $0$memwr$\mem$/work/rtl/ram_slave.sv:98$227_DATA[31:0]$237 [23:16], Q = \mem[121] [23:16]).
Adding EN signal on $memory\mem[121]$1895 ($dff) from module $paramod$7068ac09caa024df265143630f51c7da53a5c1cd\ram_slave (D = $0$memwr$\mem$/work/rtl/ram_slave.sv:106$228_DATA[31:0]$240 [31:24], Q = \mem[121] [31:24]).
Adding EN signal on $memory\mem[120]$1893 ($dff) from module $paramod$7068ac09caa024df265143630f51c7da53a5c1cd\ram_slave (D = $0$memwr$\mem$/work/rtl/ram_slave.sv:82$225_DATA[31:0]$231 [7:0], Q = \mem[120] [7:0]).
Adding EN signal on $memory\mem[120]$1893 ($dff) from module $paramod$7068ac09caa024df265143630f51c7da53a5c1cd\ram_slave (D = $0$memwr$\mem$/work/rtl/ram_slave.sv:90$226_DATA[31:0]$234 [15:8], Q = \mem[120] [15:8]).
Adding EN signal on $memory\mem[120]$1893 ($dff) from module $paramod$7068ac09caa024df265143630f51c7da53a5c1cd\ram_slave (D = $0$memwr$\mem$/work/rtl/ram_slave.sv:98$227_DATA[31:0]$237 [23:16], Q = \mem[120] [23:16]).
Adding EN signal on $memory\mem[120]$1893 ($dff) from module $paramod$7068ac09caa024df265143630f51c7da53a5c1cd\ram_slave (D = $0$memwr$\mem$/work/rtl/ram_slave.sv:106$228_DATA[31:0]$240 [31:24], Q = \mem[120] [31:24]).
Adding EN signal on $memory\mem[11]$1675 ($dff) from module $paramod$7068ac09caa024df265143630f51c7da53a5c1cd\ram_slave (D = $0$memwr$\mem$/work/rtl/ram_slave.sv:82$225_DATA[31:0]$231 [7:0], Q = \mem[11] [7:0]).
Adding EN signal on $memory\mem[11]$1675 ($dff) from module $paramod$7068ac09caa024df265143630f51c7da53a5c1cd\ram_slave (D = $0$memwr$\mem$/work/rtl/ram_slave.sv:90$226_DATA[31:0]$234 [15:8], Q = \mem[11] [15:8]).
Adding EN signal on $memory\mem[11]$1675 ($dff) from module $paramod$7068ac09caa024df265143630f51c7da53a5c1cd\ram_slave (D = $0$memwr$\mem$/work/rtl/ram_slave.sv:98$227_DATA[31:0]$237 [23:16], Q = \mem[11] [23:16]).
Adding EN signal on $memory\mem[11]$1675 ($dff) from module $paramod$7068ac09caa024df265143630f51c7da53a5c1cd\ram_slave (D = $0$memwr$\mem$/work/rtl/ram_slave.sv:106$228_DATA[31:0]$240 [31:24], Q = \mem[11] [31:24]).
Adding EN signal on $memory\mem[119]$1891 ($dff) from module $paramod$7068ac09caa024df265143630f51c7da53a5c1cd\ram_slave (D = $0$memwr$\mem$/work/rtl/ram_slave.sv:82$225_DATA[31:0]$231 [7:0], Q = \mem[119] [7:0]).
Adding EN signal on $memory\mem[119]$1891 ($dff) from module $paramod$7068ac09caa024df265143630f51c7da53a5c1cd\ram_slave (D = $0$memwr$\mem$/work/rtl/ram_slave.sv:90$226_DATA[31:0]$234 [15:8], Q = \mem[119] [15:8]).
Adding EN signal on $memory\mem[119]$1891 ($dff) from module $paramod$7068ac09caa024df265143630f51c7da53a5c1cd\ram_slave (D = $0$memwr$\mem$/work/rtl/ram_slave.sv:98$227_DATA[31:0]$237 [23:16], Q = \mem[119] [23:16]).
Adding EN signal on $memory\mem[119]$1891 ($dff) from module $paramod$7068ac09caa024df265143630f51c7da53a5c1cd\ram_slave (D = $0$memwr$\mem$/work/rtl/ram_slave.sv:106$228_DATA[31:0]$240 [31:24], Q = \mem[119] [31:24]).
Adding EN signal on $memory\mem[118]$1889 ($dff) from module $paramod$7068ac09caa024df265143630f51c7da53a5c1cd\ram_slave (D = $0$memwr$\mem$/work/rtl/ram_slave.sv:82$225_DATA[31:0]$231 [7:0], Q = \mem[118] [7:0]).
Adding EN signal on $memory\mem[118]$1889 ($dff) from module $paramod$7068ac09caa024df265143630f51c7da53a5c1cd\ram_slave (D = $0$memwr$\mem$/work/rtl/ram_slave.sv:90$226_DATA[31:0]$234 [15:8], Q = \mem[118] [15:8]).
Adding EN signal on $memory\mem[118]$1889 ($dff) from module $paramod$7068ac09caa024df265143630f51c7da53a5c1cd\ram_slave (D = $0$memwr$\mem$/work/rtl/ram_slave.sv:98$227_DATA[31:0]$237 [23:16], Q = \mem[118] [23:16]).
Adding EN signal on $memory\mem[118]$1889 ($dff) from module $paramod$7068ac09caa024df265143630f51c7da53a5c1cd\ram_slave (D = $0$memwr$\mem$/work/rtl/ram_slave.sv:106$228_DATA[31:0]$240 [31:24], Q = \mem[118] [31:24]).
Adding EN signal on $memory\mem[117]$1887 ($dff) from module $paramod$7068ac09caa024df265143630f51c7da53a5c1cd\ram_slave (D = $0$memwr$\mem$/work/rtl/ram_slave.sv:82$225_DATA[31:0]$231 [7:0], Q = \mem[117] [7:0]).
Adding EN signal on $memory\mem[117]$1887 ($dff) from module $paramod$7068ac09caa024df265143630f51c7da53a5c1cd\ram_slave (D = $0$memwr$\mem$/work/rtl/ram_slave.sv:90$226_DATA[31:0]$234 [15:8], Q = \mem[117] [15:8]).
Adding EN signal on $memory\mem[117]$1887 ($dff) from module $paramod$7068ac09caa024df265143630f51c7da53a5c1cd\ram_slave (D = $0$memwr$\mem$/work/rtl/ram_slave.sv:98$227_DATA[31:0]$237 [23:16], Q = \mem[117] [23:16]).
Adding EN signal on $memory\mem[117]$1887 ($dff) from module $paramod$7068ac09caa024df265143630f51c7da53a5c1cd\ram_slave (D = $0$memwr$\mem$/work/rtl/ram_slave.sv:106$228_DATA[31:0]$240 [31:24], Q = \mem[117] [31:24]).
Adding EN signal on $memory\mem[116]$1885 ($dff) from module $paramod$7068ac09caa024df265143630f51c7da53a5c1cd\ram_slave (D = $0$memwr$\mem$/work/rtl/ram_slave.sv:82$225_DATA[31:0]$231 [7:0], Q = \mem[116] [7:0]).
Adding EN signal on $memory\mem[116]$1885 ($dff) from module $paramod$7068ac09caa024df265143630f51c7da53a5c1cd\ram_slave (D = $0$memwr$\mem$/work/rtl/ram_slave.sv:90$226_DATA[31:0]$234 [15:8], Q = \mem[116] [15:8]).
Adding EN signal on $memory\mem[116]$1885 ($dff) from module $paramod$7068ac09caa024df265143630f51c7da53a5c1cd\ram_slave (D = $0$memwr$\mem$/work/rtl/ram_slave.sv:98$227_DATA[31:0]$237 [23:16], Q = \mem[116] [23:16]).
Adding EN signal on $memory\mem[116]$1885 ($dff) from module $paramod$7068ac09caa024df265143630f51c7da53a5c1cd\ram_slave (D = $0$memwr$\mem$/work/rtl/ram_slave.sv:106$228_DATA[31:0]$240 [31:24], Q = \mem[116] [31:24]).
Adding EN signal on $memory\mem[115]$1883 ($dff) from module $paramod$7068ac09caa024df265143630f51c7da53a5c1cd\ram_slave (D = $0$memwr$\mem$/work/rtl/ram_slave.sv:82$225_DATA[31:0]$231 [7:0], Q = \mem[115] [7:0]).
Adding EN signal on $memory\mem[115]$1883 ($dff) from module $paramod$7068ac09caa024df265143630f51c7da53a5c1cd\ram_slave (D = $0$memwr$\mem$/work/rtl/ram_slave.sv:90$226_DATA[31:0]$234 [15:8], Q = \mem[115] [15:8]).
Adding EN signal on $memory\mem[115]$1883 ($dff) from module $paramod$7068ac09caa024df265143630f51c7da53a5c1cd\ram_slave (D = $0$memwr$\mem$/work/rtl/ram_slave.sv:98$227_DATA[31:0]$237 [23:16], Q = \mem[115] [23:16]).
Adding EN signal on $memory\mem[115]$1883 ($dff) from module $paramod$7068ac09caa024df265143630f51c7da53a5c1cd\ram_slave (D = $0$memwr$\mem$/work/rtl/ram_slave.sv:106$228_DATA[31:0]$240 [31:24], Q = \mem[115] [31:24]).
Adding EN signal on $memory\mem[114]$1881 ($dff) from module $paramod$7068ac09caa024df265143630f51c7da53a5c1cd\ram_slave (D = $0$memwr$\mem$/work/rtl/ram_slave.sv:82$225_DATA[31:0]$231 [7:0], Q = \mem[114] [7:0]).
Adding EN signal on $memory\mem[114]$1881 ($dff) from module $paramod$7068ac09caa024df265143630f51c7da53a5c1cd\ram_slave (D = $0$memwr$\mem$/work/rtl/ram_slave.sv:90$226_DATA[31:0]$234 [15:8], Q = \mem[114] [15:8]).
Adding EN signal on $memory\mem[114]$1881 ($dff) from module $paramod$7068ac09caa024df265143630f51c7da53a5c1cd\ram_slave (D = $0$memwr$\mem$/work/rtl/ram_slave.sv:98$227_DATA[31:0]$237 [23:16], Q = \mem[114] [23:16]).
Adding EN signal on $memory\mem[114]$1881 ($dff) from module $paramod$7068ac09caa024df265143630f51c7da53a5c1cd\ram_slave (D = $0$memwr$\mem$/work/rtl/ram_slave.sv:106$228_DATA[31:0]$240 [31:24], Q = \mem[114] [31:24]).
Adding EN signal on $memory\mem[113]$1879 ($dff) from module $paramod$7068ac09caa024df265143630f51c7da53a5c1cd\ram_slave (D = $0$memwr$\mem$/work/rtl/ram_slave.sv:82$225_DATA[31:0]$231 [7:0], Q = \mem[113] [7:0]).
Adding EN signal on $memory\mem[113]$1879 ($dff) from module $paramod$7068ac09caa024df265143630f51c7da53a5c1cd\ram_slave (D = $0$memwr$\mem$/work/rtl/ram_slave.sv:90$226_DATA[31:0]$234 [15:8], Q = \mem[113] [15:8]).
Adding EN signal on $memory\mem[113]$1879 ($dff) from module $paramod$7068ac09caa024df265143630f51c7da53a5c1cd\ram_slave (D = $0$memwr$\mem$/work/rtl/ram_slave.sv:98$227_DATA[31:0]$237 [23:16], Q = \mem[113] [23:16]).
Adding EN signal on $memory\mem[113]$1879 ($dff) from module $paramod$7068ac09caa024df265143630f51c7da53a5c1cd\ram_slave (D = $0$memwr$\mem$/work/rtl/ram_slave.sv:106$228_DATA[31:0]$240 [31:24], Q = \mem[113] [31:24]).
Adding EN signal on $memory\mem[112]$1877 ($dff) from module $paramod$7068ac09caa024df265143630f51c7da53a5c1cd\ram_slave (D = $0$memwr$\mem$/work/rtl/ram_slave.sv:82$225_DATA[31:0]$231 [7:0], Q = \mem[112] [7:0]).
Adding EN signal on $memory\mem[112]$1877 ($dff) from module $paramod$7068ac09caa024df265143630f51c7da53a5c1cd\ram_slave (D = $0$memwr$\mem$/work/rtl/ram_slave.sv:90$226_DATA[31:0]$234 [15:8], Q = \mem[112] [15:8]).
Adding EN signal on $memory\mem[112]$1877 ($dff) from module $paramod$7068ac09caa024df265143630f51c7da53a5c1cd\ram_slave (D = $0$memwr$\mem$/work/rtl/ram_slave.sv:98$227_DATA[31:0]$237 [23:16], Q = \mem[112] [23:16]).
Adding EN signal on $memory\mem[112]$1877 ($dff) from module $paramod$7068ac09caa024df265143630f51c7da53a5c1cd\ram_slave (D = $0$memwr$\mem$/work/rtl/ram_slave.sv:106$228_DATA[31:0]$240 [31:24], Q = \mem[112] [31:24]).
Adding EN signal on $memory\mem[111]$1875 ($dff) from module $paramod$7068ac09caa024df265143630f51c7da53a5c1cd\ram_slave (D = $0$memwr$\mem$/work/rtl/ram_slave.sv:82$225_DATA[31:0]$231 [7:0], Q = \mem[111] [7:0]).
Adding EN signal on $memory\mem[111]$1875 ($dff) from module $paramod$7068ac09caa024df265143630f51c7da53a5c1cd\ram_slave (D = $0$memwr$\mem$/work/rtl/ram_slave.sv:90$226_DATA[31:0]$234 [15:8], Q = \mem[111] [15:8]).
Adding EN signal on $memory\mem[111]$1875 ($dff) from module $paramod$7068ac09caa024df265143630f51c7da53a5c1cd\ram_slave (D = $0$memwr$\mem$/work/rtl/ram_slave.sv:98$227_DATA[31:0]$237 [23:16], Q = \mem[111] [23:16]).
Adding EN signal on $memory\mem[111]$1875 ($dff) from module $paramod$7068ac09caa024df265143630f51c7da53a5c1cd\ram_slave (D = $0$memwr$\mem$/work/rtl/ram_slave.sv:106$228_DATA[31:0]$240 [31:24], Q = \mem[111] [31:24]).
Adding EN signal on $memory\mem[110]$1873 ($dff) from module $paramod$7068ac09caa024df265143630f51c7da53a5c1cd\ram_slave (D = $0$memwr$\mem$/work/rtl/ram_slave.sv:82$225_DATA[31:0]$231 [7:0], Q = \mem[110] [7:0]).
Adding EN signal on $memory\mem[110]$1873 ($dff) from module $paramod$7068ac09caa024df265143630f51c7da53a5c1cd\ram_slave (D = $0$memwr$\mem$/work/rtl/ram_slave.sv:90$226_DATA[31:0]$234 [15:8], Q = \mem[110] [15:8]).
Adding EN signal on $memory\mem[110]$1873 ($dff) from module $paramod$7068ac09caa024df265143630f51c7da53a5c1cd\ram_slave (D = $0$memwr$\mem$/work/rtl/ram_slave.sv:98$227_DATA[31:0]$237 [23:16], Q = \mem[110] [23:16]).
Adding EN signal on $memory\mem[110]$1873 ($dff) from module $paramod$7068ac09caa024df265143630f51c7da53a5c1cd\ram_slave (D = $0$memwr$\mem$/work/rtl/ram_slave.sv:106$228_DATA[31:0]$240 [31:24], Q = \mem[110] [31:24]).
Adding EN signal on $memory\mem[10]$1673 ($dff) from module $paramod$7068ac09caa024df265143630f51c7da53a5c1cd\ram_slave (D = $0$memwr$\mem$/work/rtl/ram_slave.sv:82$225_DATA[31:0]$231 [7:0], Q = \mem[10] [7:0]).
Adding EN signal on $memory\mem[10]$1673 ($dff) from module $paramod$7068ac09caa024df265143630f51c7da53a5c1cd\ram_slave (D = $0$memwr$\mem$/work/rtl/ram_slave.sv:90$226_DATA[31:0]$234 [15:8], Q = \mem[10] [15:8]).
Adding EN signal on $memory\mem[10]$1673 ($dff) from module $paramod$7068ac09caa024df265143630f51c7da53a5c1cd\ram_slave (D = $0$memwr$\mem$/work/rtl/ram_slave.sv:98$227_DATA[31:0]$237 [23:16], Q = \mem[10] [23:16]).
Adding EN signal on $memory\mem[10]$1673 ($dff) from module $paramod$7068ac09caa024df265143630f51c7da53a5c1cd\ram_slave (D = $0$memwr$\mem$/work/rtl/ram_slave.sv:106$228_DATA[31:0]$240 [31:24], Q = \mem[10] [31:24]).
Adding EN signal on $memory\mem[109]$1871 ($dff) from module $paramod$7068ac09caa024df265143630f51c7da53a5c1cd\ram_slave (D = $0$memwr$\mem$/work/rtl/ram_slave.sv:82$225_DATA[31:0]$231 [7:0], Q = \mem[109] [7:0]).
Adding EN signal on $memory\mem[109]$1871 ($dff) from module $paramod$7068ac09caa024df265143630f51c7da53a5c1cd\ram_slave (D = $0$memwr$\mem$/work/rtl/ram_slave.sv:90$226_DATA[31:0]$234 [15:8], Q = \mem[109] [15:8]).
Adding EN signal on $memory\mem[109]$1871 ($dff) from module $paramod$7068ac09caa024df265143630f51c7da53a5c1cd\ram_slave (D = $0$memwr$\mem$/work/rtl/ram_slave.sv:98$227_DATA[31:0]$237 [23:16], Q = \mem[109] [23:16]).
Adding EN signal on $memory\mem[109]$1871 ($dff) from module $paramod$7068ac09caa024df265143630f51c7da53a5c1cd\ram_slave (D = $0$memwr$\mem$/work/rtl/ram_slave.sv:106$228_DATA[31:0]$240 [31:24], Q = \mem[109] [31:24]).
Adding EN signal on $memory\mem[108]$1869 ($dff) from module $paramod$7068ac09caa024df265143630f51c7da53a5c1cd\ram_slave (D = $0$memwr$\mem$/work/rtl/ram_slave.sv:82$225_DATA[31:0]$231 [7:0], Q = \mem[108] [7:0]).
Adding EN signal on $memory\mem[108]$1869 ($dff) from module $paramod$7068ac09caa024df265143630f51c7da53a5c1cd\ram_slave (D = $0$memwr$\mem$/work/rtl/ram_slave.sv:90$226_DATA[31:0]$234 [15:8], Q = \mem[108] [15:8]).
Adding EN signal on $memory\mem[108]$1869 ($dff) from module $paramod$7068ac09caa024df265143630f51c7da53a5c1cd\ram_slave (D = $0$memwr$\mem$/work/rtl/ram_slave.sv:98$227_DATA[31:0]$237 [23:16], Q = \mem[108] [23:16]).
Adding EN signal on $memory\mem[108]$1869 ($dff) from module $paramod$7068ac09caa024df265143630f51c7da53a5c1cd\ram_slave (D = $0$memwr$\mem$/work/rtl/ram_slave.sv:106$228_DATA[31:0]$240 [31:24], Q = \mem[108] [31:24]).
Adding EN signal on $memory\mem[107]$1867 ($dff) from module $paramod$7068ac09caa024df265143630f51c7da53a5c1cd\ram_slave (D = $0$memwr$\mem$/work/rtl/ram_slave.sv:82$225_DATA[31:0]$231 [7:0], Q = \mem[107] [7:0]).
Adding EN signal on $memory\mem[107]$1867 ($dff) from module $paramod$7068ac09caa024df265143630f51c7da53a5c1cd\ram_slave (D = $0$memwr$\mem$/work/rtl/ram_slave.sv:90$226_DATA[31:0]$234 [15:8], Q = \mem[107] [15:8]).
Adding EN signal on $memory\mem[107]$1867 ($dff) from module $paramod$7068ac09caa024df265143630f51c7da53a5c1cd\ram_slave (D = $0$memwr$\mem$/work/rtl/ram_slave.sv:98$227_DATA[31:0]$237 [23:16], Q = \mem[107] [23:16]).
Adding EN signal on $memory\mem[107]$1867 ($dff) from module $paramod$7068ac09caa024df265143630f51c7da53a5c1cd\ram_slave (D = $0$memwr$\mem$/work/rtl/ram_slave.sv:106$228_DATA[31:0]$240 [31:24], Q = \mem[107] [31:24]).
Adding EN signal on $memory\mem[106]$1865 ($dff) from module $paramod$7068ac09caa024df265143630f51c7da53a5c1cd\ram_slave (D = $0$memwr$\mem$/work/rtl/ram_slave.sv:82$225_DATA[31:0]$231 [7:0], Q = \mem[106] [7:0]).
Adding EN signal on $memory\mem[106]$1865 ($dff) from module $paramod$7068ac09caa024df265143630f51c7da53a5c1cd\ram_slave (D = $0$memwr$\mem$/work/rtl/ram_slave.sv:90$226_DATA[31:0]$234 [15:8], Q = \mem[106] [15:8]).
Adding EN signal on $memory\mem[106]$1865 ($dff) from module $paramod$7068ac09caa024df265143630f51c7da53a5c1cd\ram_slave (D = $0$memwr$\mem$/work/rtl/ram_slave.sv:98$227_DATA[31:0]$237 [23:16], Q = \mem[106] [23:16]).
Adding EN signal on $memory\mem[106]$1865 ($dff) from module $paramod$7068ac09caa024df265143630f51c7da53a5c1cd\ram_slave (D = $0$memwr$\mem$/work/rtl/ram_slave.sv:106$228_DATA[31:0]$240 [31:24], Q = \mem[106] [31:24]).
Adding EN signal on $memory\mem[105]$1863 ($dff) from module $paramod$7068ac09caa024df265143630f51c7da53a5c1cd\ram_slave (D = $0$memwr$\mem$/work/rtl/ram_slave.sv:82$225_DATA[31:0]$231 [7:0], Q = \mem[105] [7:0]).
Adding EN signal on $memory\mem[105]$1863 ($dff) from module $paramod$7068ac09caa024df265143630f51c7da53a5c1cd\ram_slave (D = $0$memwr$\mem$/work/rtl/ram_slave.sv:90$226_DATA[31:0]$234 [15:8], Q = \mem[105] [15:8]).
Adding EN signal on $memory\mem[105]$1863 ($dff) from module $paramod$7068ac09caa024df265143630f51c7da53a5c1cd\ram_slave (D = $0$memwr$\mem$/work/rtl/ram_slave.sv:98$227_DATA[31:0]$237 [23:16], Q = \mem[105] [23:16]).
Adding EN signal on $memory\mem[105]$1863 ($dff) from module $paramod$7068ac09caa024df265143630f51c7da53a5c1cd\ram_slave (D = $0$memwr$\mem$/work/rtl/ram_slave.sv:106$228_DATA[31:0]$240 [31:24], Q = \mem[105] [31:24]).
Adding EN signal on $memory\mem[104]$1861 ($dff) from module $paramod$7068ac09caa024df265143630f51c7da53a5c1cd\ram_slave (D = $0$memwr$\mem$/work/rtl/ram_slave.sv:82$225_DATA[31:0]$231 [7:0], Q = \mem[104] [7:0]).
Adding EN signal on $memory\mem[104]$1861 ($dff) from module $paramod$7068ac09caa024df265143630f51c7da53a5c1cd\ram_slave (D = $0$memwr$\mem$/work/rtl/ram_slave.sv:90$226_DATA[31:0]$234 [15:8], Q = \mem[104] [15:8]).
Adding EN signal on $memory\mem[104]$1861 ($dff) from module $paramod$7068ac09caa024df265143630f51c7da53a5c1cd\ram_slave (D = $0$memwr$\mem$/work/rtl/ram_slave.sv:98$227_DATA[31:0]$237 [23:16], Q = \mem[104] [23:16]).
Adding EN signal on $memory\mem[104]$1861 ($dff) from module $paramod$7068ac09caa024df265143630f51c7da53a5c1cd\ram_slave (D = $0$memwr$\mem$/work/rtl/ram_slave.sv:106$228_DATA[31:0]$240 [31:24], Q = \mem[104] [31:24]).
Adding EN signal on $memory\mem[103]$1859 ($dff) from module $paramod$7068ac09caa024df265143630f51c7da53a5c1cd\ram_slave (D = $0$memwr$\mem$/work/rtl/ram_slave.sv:82$225_DATA[31:0]$231 [7:0], Q = \mem[103] [7:0]).
Adding EN signal on $memory\mem[103]$1859 ($dff) from module $paramod$7068ac09caa024df265143630f51c7da53a5c1cd\ram_slave (D = $0$memwr$\mem$/work/rtl/ram_slave.sv:90$226_DATA[31:0]$234 [15:8], Q = \mem[103] [15:8]).
Adding EN signal on $memory\mem[103]$1859 ($dff) from module $paramod$7068ac09caa024df265143630f51c7da53a5c1cd\ram_slave (D = $0$memwr$\mem$/work/rtl/ram_slave.sv:98$227_DATA[31:0]$237 [23:16], Q = \mem[103] [23:16]).
Adding EN signal on $memory\mem[103]$1859 ($dff) from module $paramod$7068ac09caa024df265143630f51c7da53a5c1cd\ram_slave (D = $0$memwr$\mem$/work/rtl/ram_slave.sv:106$228_DATA[31:0]$240 [31:24], Q = \mem[103] [31:24]).
Adding EN signal on $memory\mem[102]$1857 ($dff) from module $paramod$7068ac09caa024df265143630f51c7da53a5c1cd\ram_slave (D = $0$memwr$\mem$/work/rtl/ram_slave.sv:82$225_DATA[31:0]$231 [7:0], Q = \mem[102] [7:0]).
Adding EN signal on $memory\mem[102]$1857 ($dff) from module $paramod$7068ac09caa024df265143630f51c7da53a5c1cd\ram_slave (D = $0$memwr$\mem$/work/rtl/ram_slave.sv:90$226_DATA[31:0]$234 [15:8], Q = \mem[102] [15:8]).
Adding EN signal on $memory\mem[102]$1857 ($dff) from module $paramod$7068ac09caa024df265143630f51c7da53a5c1cd\ram_slave (D = $0$memwr$\mem$/work/rtl/ram_slave.sv:98$227_DATA[31:0]$237 [23:16], Q = \mem[102] [23:16]).
Adding EN signal on $memory\mem[102]$1857 ($dff) from module $paramod$7068ac09caa024df265143630f51c7da53a5c1cd\ram_slave (D = $0$memwr$\mem$/work/rtl/ram_slave.sv:106$228_DATA[31:0]$240 [31:24], Q = \mem[102] [31:24]).
Adding EN signal on $memory\mem[101]$1855 ($dff) from module $paramod$7068ac09caa024df265143630f51c7da53a5c1cd\ram_slave (D = $0$memwr$\mem$/work/rtl/ram_slave.sv:82$225_DATA[31:0]$231 [7:0], Q = \mem[101] [7:0]).
Adding EN signal on $memory\mem[101]$1855 ($dff) from module $paramod$7068ac09caa024df265143630f51c7da53a5c1cd\ram_slave (D = $0$memwr$\mem$/work/rtl/ram_slave.sv:90$226_DATA[31:0]$234 [15:8], Q = \mem[101] [15:8]).
Adding EN signal on $memory\mem[101]$1855 ($dff) from module $paramod$7068ac09caa024df265143630f51c7da53a5c1cd\ram_slave (D = $0$memwr$\mem$/work/rtl/ram_slave.sv:98$227_DATA[31:0]$237 [23:16], Q = \mem[101] [23:16]).
Adding EN signal on $memory\mem[101]$1855 ($dff) from module $paramod$7068ac09caa024df265143630f51c7da53a5c1cd\ram_slave (D = $0$memwr$\mem$/work/rtl/ram_slave.sv:106$228_DATA[31:0]$240 [31:24], Q = \mem[101] [31:24]).
Adding EN signal on $memory\mem[100]$1853 ($dff) from module $paramod$7068ac09caa024df265143630f51c7da53a5c1cd\ram_slave (D = $0$memwr$\mem$/work/rtl/ram_slave.sv:82$225_DATA[31:0]$231 [7:0], Q = \mem[100] [7:0]).
Adding EN signal on $memory\mem[100]$1853 ($dff) from module $paramod$7068ac09caa024df265143630f51c7da53a5c1cd\ram_slave (D = $0$memwr$\mem$/work/rtl/ram_slave.sv:90$226_DATA[31:0]$234 [15:8], Q = \mem[100] [15:8]).
Adding EN signal on $memory\mem[100]$1853 ($dff) from module $paramod$7068ac09caa024df265143630f51c7da53a5c1cd\ram_slave (D = $0$memwr$\mem$/work/rtl/ram_slave.sv:98$227_DATA[31:0]$237 [23:16], Q = \mem[100] [23:16]).
Adding EN signal on $memory\mem[100]$1853 ($dff) from module $paramod$7068ac09caa024df265143630f51c7da53a5c1cd\ram_slave (D = $0$memwr$\mem$/work/rtl/ram_slave.sv:106$228_DATA[31:0]$240 [31:24], Q = \mem[100] [31:24]).
Adding EN signal on $memory\mem[0]$1653 ($dff) from module $paramod$7068ac09caa024df265143630f51c7da53a5c1cd\ram_slave (D = $0$memwr$\mem$/work/rtl/ram_slave.sv:82$225_DATA[31:0]$231 [7:0], Q = \mem[0] [7:0]).
Adding EN signal on $memory\mem[0]$1653 ($dff) from module $paramod$7068ac09caa024df265143630f51c7da53a5c1cd\ram_slave (D = $0$memwr$\mem$/work/rtl/ram_slave.sv:90$226_DATA[31:0]$234 [15:8], Q = \mem[0] [15:8]).
Adding EN signal on $memory\mem[0]$1653 ($dff) from module $paramod$7068ac09caa024df265143630f51c7da53a5c1cd\ram_slave (D = $0$memwr$\mem$/work/rtl/ram_slave.sv:98$227_DATA[31:0]$237 [23:16], Q = \mem[0] [23:16]).
Adding EN signal on $memory\mem[0]$1653 ($dff) from module $paramod$7068ac09caa024df265143630f51c7da53a5c1cd\ram_slave (D = $0$memwr$\mem$/work/rtl/ram_slave.sv:106$228_DATA[31:0]$240 [31:24], Q = \mem[0] [31:24]).

11.14. Executing OPT_CLEAN pass (remove unused cells and wires).
Finding unused cells or wires in module $paramod$7068ac09caa024df265143630f51c7da53a5c1cd\ram_slave..
Finding unused cells or wires in module $paramod$73a3980ba8a68177b0617f0f620fd34f6ef3e417\axi4_lite_master..
Finding unused cells or wires in module $paramod$73a3980ba8a68177b0617f0f620fd34f6ef3e417\gpio_slave..
Finding unused cells or wires in module $paramod\axi4_lite_addr_decoder\ADDR_WIDTH=s32'00000000000000000000000000100000..
Finding unused cells or wires in module \axi4_lite_top..
Removed 1024 unused cells and 1024 unused wires.
<suppressed ~1025 debug messages>

11.15. Executing OPT_EXPR pass (perform const folding).
Optimizing module $paramod$7068ac09caa024df265143630f51c7da53a5c1cd\ram_slave.
Optimizing module $paramod$73a3980ba8a68177b0617f0f620fd34f6ef3e417\axi4_lite_master.
Optimizing module $paramod$73a3980ba8a68177b0617f0f620fd34f6ef3e417\gpio_slave.
Optimizing module $paramod\axi4_lite_addr_decoder\ADDR_WIDTH=s32'00000000000000000000000000100000.
Optimizing module axi4_lite_top.

11.16. Rerunning OPT passes. (Maybe there is more to do..)

11.17. Executing OPT_MUXTREE pass (detect dead branches in mux trees).
Running muxtree optimizer on module $paramod$7068ac09caa024df265143630f51c7da53a5c1cd\ram_slave..
  Creating internal representation of mux trees.
  Evaluating internal representation of mux trees.
  Analyzing evaluation results.
Running muxtree optimizer on module $paramod$73a3980ba8a68177b0617f0f620fd34f6ef3e417\axi4_lite_master..
  Creating internal representation of mux trees.
  Evaluating internal representation of mux trees.
  Analyzing evaluation results.
Running muxtree optimizer on module $paramod$73a3980ba8a68177b0617f0f620fd34f6ef3e417\gpio_slave..
  Creating internal representation of mux trees.
  Evaluating internal representation of mux trees.
  Analyzing evaluation results.
Running muxtree optimizer on module $paramod\axi4_lite_addr_decoder\ADDR_WIDTH=s32'00000000000000000000000000100000..
  Creating internal representation of mux trees.
  Evaluating internal representation of mux trees.
  Analyzing evaluation results.
Running muxtree optimizer on module \axi4_lite_top..
  Creating internal representation of mux trees.
  Evaluating internal representation of mux trees.
  Analyzing evaluation results.
Removed 0 multiplexer ports.
<suppressed ~386 debug messages>

11.18. Executing OPT_REDUCE pass (consolidate $*mux and $reduce_* inputs).
  Optimizing cells in module $paramod$7068ac09caa024df265143630f51c7da53a5c1cd\ram_slave.
  Optimizing cells in module $paramod$73a3980ba8a68177b0617f0f620fd34f6ef3e417\axi4_lite_master.
  Optimizing cells in module $paramod$73a3980ba8a68177b0617f0f620fd34f6ef3e417\gpio_slave.
  Optimizing cells in module $paramod\axi4_lite_addr_decoder\ADDR_WIDTH=s32'00000000000000000000000000100000.
  Optimizing cells in module \axi4_lite_top.
Performed a total of 0 changes.

11.19. Executing OPT_MERGE pass (detect identical cells).
Finding identical cells in module `$paramod$7068ac09caa024df265143630f51c7da53a5c1cd\ram_slave'.
Computing hashes of 2640 cells of `$paramod$7068ac09caa024df265143630f51c7da53a5c1cd\ram_slave'.
Finding duplicate cells in `$paramod$7068ac09caa024df265143630f51c7da53a5c1cd\ram_slave'.
Finding identical cells in module `$paramod$73a3980ba8a68177b0617f0f620fd34f6ef3e417\axi4_lite_master'.
Computing hashes of 66 cells of `$paramod$73a3980ba8a68177b0617f0f620fd34f6ef3e417\axi4_lite_master'.
Finding duplicate cells in `$paramod$73a3980ba8a68177b0617f0f620fd34f6ef3e417\axi4_lite_master'.
Finding identical cells in module `$paramod$73a3980ba8a68177b0617f0f620fd34f6ef3e417\gpio_slave'.
Computing hashes of 29 cells of `$paramod$73a3980ba8a68177b0617f0f620fd34f6ef3e417\gpio_slave'.
Finding duplicate cells in `$paramod$73a3980ba8a68177b0617f0f620fd34f6ef3e417\gpio_slave'.
Finding identical cells in module `$paramod\axi4_lite_addr_decoder\ADDR_WIDTH=s32'00000000000000000000000000100000'.
Computing hashes of 9 cells of `$paramod\axi4_lite_addr_decoder\ADDR_WIDTH=s32'00000000000000000000000000100000'.
Finding duplicate cells in `$paramod\axi4_lite_addr_decoder\ADDR_WIDTH=s32'00000000000000000000000000100000'.
Finding identical cells in module `\axi4_lite_top'.
Computing hashes of 93 cells of `\axi4_lite_top'.
Finding duplicate cells in `\axi4_lite_top'.
Removed a total of 0 cells.

11.20. Executing OPT_DFF pass (perform DFF optimizations).

11.21. Executing OPT_CLEAN pass (remove unused cells and wires).
Finding unused cells or wires in module $paramod$7068ac09caa024df265143630f51c7da53a5c1cd\ram_slave..
Finding unused cells or wires in module $paramod$73a3980ba8a68177b0617f0f620fd34f6ef3e417\axi4_lite_master..
Finding unused cells or wires in module $paramod$73a3980ba8a68177b0617f0f620fd34f6ef3e417\gpio_slave..
Finding unused cells or wires in module $paramod\axi4_lite_addr_decoder\ADDR_WIDTH=s32'00000000000000000000000000100000..
Finding unused cells or wires in module \axi4_lite_top..

11.22. Executing OPT_EXPR pass (perform const folding).
Optimizing module $paramod$7068ac09caa024df265143630f51c7da53a5c1cd\ram_slave.
Optimizing module $paramod$73a3980ba8a68177b0617f0f620fd34f6ef3e417\axi4_lite_master.
Optimizing module $paramod$73a3980ba8a68177b0617f0f620fd34f6ef3e417\gpio_slave.
Optimizing module $paramod\axi4_lite_addr_decoder\ADDR_WIDTH=s32'00000000000000000000000000100000.
Optimizing module axi4_lite_top.

11.23. Finished fast OPT passes. (There is nothing left to do.)

12. Executing TECHMAP pass (map to technology primitives).

12.1. Executing Verilog-2005 frontend: /nix/store/f1q0w7rd0a4ny4hqvfxlhs4cmariidcy-yosys-0.62/bin/../share/yosys/techmap.v
Parsing Verilog input from `/nix/store/f1q0w7rd0a4ny4hqvfxlhs4cmariidcy-yosys-0.62/bin/../share/yosys/techmap.v' to AST representation.
Generating RTLIL representation for module `\_90_simplemap_bool_ops'.
Generating RTLIL representation for module `\_90_simplemap_reduce_ops'.
Generating RTLIL representation for module `\_90_simplemap_logic_ops'.
Generating RTLIL representation for module `\_90_simplemap_compare_ops'.
Generating RTLIL representation for module `\_90_simplemap_various'.
Generating RTLIL representation for module `\_90_simplemap_registers'.
Generating RTLIL representation for module `\_90_shift_ops_shr_shl_sshl_sshr'.
Generating RTLIL representation for module `\_90_shift_shiftx'.
Generating RTLIL representation for module `\_90_fa'.
Generating RTLIL representation for module `\_90_lcu_brent_kung'.
Generating RTLIL representation for module `\_90_alu'.
Generating RTLIL representation for module `\_90_macc'.
Generating RTLIL representation for module `\_90_alumacc'.
Generating RTLIL representation for module `$__div_mod_u'.
Generating RTLIL representation for module `$__div_mod_trunc'.
Generating RTLIL representation for module `\_90_div'.
Generating RTLIL representation for module `\_90_mod'.
Generating RTLIL representation for module `$__div_mod_floor'.
Generating RTLIL representation for module `\_90_divfloor'.
Generating RTLIL representation for module `\_90_modfloor'.
Generating RTLIL representation for module `\_90_pow'.
Generating RTLIL representation for module `\_90_pmux'.
Generating RTLIL representation for module `\_90_demux'.
Generating RTLIL representation for module `\_90_lut'.
Generating RTLIL representation for module `$connect'.
Generating RTLIL representation for module `$input_port'.
Successfully finished Verilog frontend.

12.2. Continuing TECHMAP pass.
Using extmapper simplemap for cells of type $sdffe.
Using extmapper simplemap for cells of type $reduce_and.
Using extmapper simplemap for cells of type $reduce_bool.
Using extmapper simplemap for cells of type $ne.
Running "alumacc" on wrapper $extern:wrap:$sub:A_SIGNED=0:A_WIDTH=32:B_SIGNED=0:B_WIDTH=32:Y_WIDTH=32:394426c56d1a028ba8fdd5469b163e04011def47.
Using template $extern:wrap:$sub:A_SIGNED=0:A_WIDTH=32:B_SIGNED=0:B_WIDTH=32:Y_WIDTH=32:394426c56d1a028ba8fdd5469b163e04011def47 for cells of type $extern:wrap:$sub:A_SIGNED=0:A_WIDTH=32:B_SIGNED=0:B_WIDTH=32:Y_WIDTH=32:394426c56d1a028ba8fdd5469b163e04011def47.
Using extmapper simplemap for cells of type $logic_and.
Using extmapper simplemap for cells of type $mux.
Using template $paramod$c5c783b17ab1d780abfad8cfe6563a0a7b47a3b0\_90_pmux for cells of type $pmux.
Using template $paramod$97565c3687be688407d1272a293bd9d0ae6852dc\_90_pmux for cells of type $pmux.
Using extmapper simplemap for cells of type $eq.
Using template $paramod$d629d85c8826a74239b9178d1930215a43b0ceb0\_90_pmux for cells of type $pmux.
Using extmapper simplemap for cells of type $logic_not.
Using extmapper simplemap for cells of type $reduce_or.
Using extmapper simplemap for cells of type $and.
Using template $paramod$fbc7873bff55778c0b3173955b7e4bce1d9d6834\_90_alu for cells of type $alu.
Using extmapper simplemap for cells of type $not.
Using extmapper simplemap for cells of type $pos.
Using template $paramod\_90_fa\WIDTH=32'00000000000000000000000000100000 for cells of type $fa.
Using template $paramod\_90_lcu_brent_kung\WIDTH=32'00000000000000000000000000100000 for cells of type $lcu.
Using extmapper simplemap for cells of type $xor.
Using extmapper simplemap for cells of type $or.
Running "alumacc" on wrapper $extern:wrap:$le:A_SIGNED=0:A_WIDTH=32:B_SIGNED=0:B_WIDTH=32:Y_WIDTH=1:394426c56d1a028ba8fdd5469b163e04011def47.
Using template $extern:wrap:$le:A_SIGNED=0:A_WIDTH=32:B_SIGNED=0:B_WIDTH=32:Y_WIDTH=1:394426c56d1a028ba8fdd5469b163e04011def47 for cells of type $extern:wrap:$le:A_SIGNED=0:A_WIDTH=32:B_SIGNED=0:B_WIDTH=32:Y_WIDTH=1:394426c56d1a028ba8fdd5469b163e04011def47.
Running "alumacc" on wrapper $extern:wrap:$ge:A_SIGNED=0:A_WIDTH=32:B_SIGNED=0:B_WIDTH=32:Y_WIDTH=1:394426c56d1a028ba8fdd5469b163e04011def47.
Using template $extern:wrap:$ge:A_SIGNED=0:A_WIDTH=32:B_SIGNED=0:B_WIDTH=32:Y_WIDTH=1:394426c56d1a028ba8fdd5469b163e04011def47 for cells of type $extern:wrap:$ge:A_SIGNED=0:A_WIDTH=32:B_SIGNED=0:B_WIDTH=32:Y_WIDTH=1:394426c56d1a028ba8fdd5469b163e04011def47.
Using template $paramod$54d740639e1393b22262823179ff783ea9f17a35\_90_pmux for cells of type $pmux.
Using extmapper simplemap for cells of type $sdff.
Using extmapper simplemap for cells of type $logic_or.
Using template $paramod$85df5dc01c7df96a7d8e5f1fdf76ce9ac452af63\_90_pmux for cells of type $pmux.
Using extmapper simplemap for cells of type $dffe.
No more expansions possible.
<suppressed ~4082 debug messages>

13. Executing OPT pass (performing simple optimizations).

13.1. Executing OPT_EXPR pass (perform const folding).
Optimizing module $paramod$7068ac09caa024df265143630f51c7da53a5c1cd\ram_slave.
<suppressed ~148 debug messages>
Optimizing module $paramod$73a3980ba8a68177b0617f0f620fd34f6ef3e417\axi4_lite_master.
<suppressed ~40 debug messages>
Optimizing module $paramod$73a3980ba8a68177b0617f0f620fd34f6ef3e417\gpio_slave.
<suppressed ~96 debug messages>
Optimizing module $paramod\axi4_lite_addr_decoder\ADDR_WIDTH=s32'00000000000000000000000000100000.
<suppressed ~740 debug messages>
Optimizing module axi4_lite_top.
<suppressed ~524 debug messages>

13.2. Executing OPT_MERGE pass (detect identical cells).
Finding identical cells in module `$paramod$7068ac09caa024df265143630f51c7da53a5c1cd\ram_slave'.
Computing hashes of 17968 cells of `$paramod$7068ac09caa024df265143630f51c7da53a5c1cd\ram_slave'.
Finding duplicate cells in `$paramod$7068ac09caa024df265143630f51c7da53a5c1cd\ram_slave'.
Computing hashes of 17923 cells of `$paramod$7068ac09caa024df265143630f51c7da53a5c1cd\ram_slave'.
Finding duplicate cells in `$paramod$7068ac09caa024df265143630f51c7da53a5c1cd\ram_slave'.
Computing hashes of 17878 cells of `$paramod$7068ac09caa024df265143630f51c7da53a5c1cd\ram_slave'.
Finding duplicate cells in `$paramod$7068ac09caa024df265143630f51c7da53a5c1cd\ram_slave'.
Computing hashes of 17833 cells of `$paramod$7068ac09caa024df265143630f51c7da53a5c1cd\ram_slave'.
Finding duplicate cells in `$paramod$7068ac09caa024df265143630f51c7da53a5c1cd\ram_slave'.
<suppressed ~405 debug messages>
Finding identical cells in module `$paramod$73a3980ba8a68177b0617f0f620fd34f6ef3e417\axi4_lite_master'.
Computing hashes of 256 cells of `$paramod$73a3980ba8a68177b0617f0f620fd34f6ef3e417\axi4_lite_master'.
Finding duplicate cells in `$paramod$73a3980ba8a68177b0617f0f620fd34f6ef3e417\axi4_lite_master'.
Computing hashes of 249 cells of `$paramod$73a3980ba8a68177b0617f0f620fd34f6ef3e417\axi4_lite_master'.
Finding duplicate cells in `$paramod$73a3980ba8a68177b0617f0f620fd34f6ef3e417\axi4_lite_master'.
Computing hashes of 244 cells of `$paramod$73a3980ba8a68177b0617f0f620fd34f6ef3e417\axi4_lite_master'.
Finding duplicate cells in `$paramod$73a3980ba8a68177b0617f0f620fd34f6ef3e417\axi4_lite_master'.
Computing hashes of 243 cells of `$paramod$73a3980ba8a68177b0617f0f620fd34f6ef3e417\axi4_lite_master'.
Finding duplicate cells in `$paramod$73a3980ba8a68177b0617f0f620fd34f6ef3e417\axi4_lite_master'.
<suppressed ~39 debug messages>
Finding identical cells in module `$paramod$73a3980ba8a68177b0617f0f620fd34f6ef3e417\gpio_slave'.
Computing hashes of 480 cells of `$paramod$73a3980ba8a68177b0617f0f620fd34f6ef3e417\gpio_slave'.
Finding duplicate cells in `$paramod$73a3980ba8a68177b0617f0f620fd34f6ef3e417\gpio_slave'.
Computing hashes of 428 cells of `$paramod$73a3980ba8a68177b0617f0f620fd34f6ef3e417\gpio_slave'.
Finding duplicate cells in `$paramod$73a3980ba8a68177b0617f0f620fd34f6ef3e417\gpio_slave'.
Computing hashes of 404 cells of `$paramod$73a3980ba8a68177b0617f0f620fd34f6ef3e417\gpio_slave'.
Finding duplicate cells in `$paramod$73a3980ba8a68177b0617f0f620fd34f6ef3e417\gpio_slave'.
Computing hashes of 395 cells of `$paramod$73a3980ba8a68177b0617f0f620fd34f6ef3e417\gpio_slave'.
Finding duplicate cells in `$paramod$73a3980ba8a68177b0617f0f620fd34f6ef3e417\gpio_slave'.
Computing hashes of 392 cells of `$paramod$73a3980ba8a68177b0617f0f620fd34f6ef3e417\gpio_slave'.
Finding duplicate cells in `$paramod$73a3980ba8a68177b0617f0f620fd34f6ef3e417\gpio_slave'.
<suppressed ~264 debug messages>
Finding identical cells in module `$paramod\axi4_lite_addr_decoder\ADDR_WIDTH=s32'00000000000000000000000000100000'.
Computing hashes of 646 cells of `$paramod\axi4_lite_addr_decoder\ADDR_WIDTH=s32'00000000000000000000000000100000'.
Finding duplicate cells in `$paramod\axi4_lite_addr_decoder\ADDR_WIDTH=s32'00000000000000000000000000100000'.
Computing hashes of 548 cells of `$paramod\axi4_lite_addr_decoder\ADDR_WIDTH=s32'00000000000000000000000000100000'.
Finding duplicate cells in `$paramod\axi4_lite_addr_decoder\ADDR_WIDTH=s32'00000000000000000000000000100000'.
Computing hashes of 477 cells of `$paramod\axi4_lite_addr_decoder\ADDR_WIDTH=s32'00000000000000000000000000100000'.
Finding duplicate cells in `$paramod\axi4_lite_addr_decoder\ADDR_WIDTH=s32'00000000000000000000000000100000'.
Computing hashes of 429 cells of `$paramod\axi4_lite_addr_decoder\ADDR_WIDTH=s32'00000000000000000000000000100000'.
Finding duplicate cells in `$paramod\axi4_lite_addr_decoder\ADDR_WIDTH=s32'00000000000000000000000000100000'.
Computing hashes of 406 cells of `$paramod\axi4_lite_addr_decoder\ADDR_WIDTH=s32'00000000000000000000000000100000'.
Finding duplicate cells in `$paramod\axi4_lite_addr_decoder\ADDR_WIDTH=s32'00000000000000000000000000100000'.
Computing hashes of 394 cells of `$paramod\axi4_lite_addr_decoder\ADDR_WIDTH=s32'00000000000000000000000000100000'.
Finding duplicate cells in `$paramod\axi4_lite_addr_decoder\ADDR_WIDTH=s32'00000000000000000000000000100000'.
Computing hashes of 389 cells of `$paramod\axi4_lite_addr_decoder\ADDR_WIDTH=s32'00000000000000000000000000100000'.
Finding duplicate cells in `$paramod\axi4_lite_addr_decoder\ADDR_WIDTH=s32'00000000000000000000000000100000'.
Computing hashes of 384 cells of `$paramod\axi4_lite_addr_decoder\ADDR_WIDTH=s32'00000000000000000000000000100000'.
Finding duplicate cells in `$paramod\axi4_lite_addr_decoder\ADDR_WIDTH=s32'00000000000000000000000000100000'.
Computing hashes of 382 cells of `$paramod\axi4_lite_addr_decoder\ADDR_WIDTH=s32'00000000000000000000000000100000'.
Finding duplicate cells in `$paramod\axi4_lite_addr_decoder\ADDR_WIDTH=s32'00000000000000000000000000100000'.
Computing hashes of 380 cells of `$paramod\axi4_lite_addr_decoder\ADDR_WIDTH=s32'00000000000000000000000000100000'.
Finding duplicate cells in `$paramod\axi4_lite_addr_decoder\ADDR_WIDTH=s32'00000000000000000000000000100000'.
<suppressed ~798 debug messages>
Finding identical cells in module `\axi4_lite_top'.
Computing hashes of 667 cells of `\axi4_lite_top'.
Finding duplicate cells in `\axi4_lite_top'.
Computing hashes of 616 cells of `\axi4_lite_top'.
Finding duplicate cells in `\axi4_lite_top'.
Computing hashes of 608 cells of `\axi4_lite_top'.
Finding duplicate cells in `\axi4_lite_top'.
Computing hashes of 606 cells of `\axi4_lite_top'.
Finding duplicate cells in `\axi4_lite_top'.
<suppressed ~183 debug messages>
Removed a total of 563 cells.

13.3. Executing OPT_MUXTREE pass (detect dead branches in mux trees).
Running muxtree optimizer on module $paramod$7068ac09caa024df265143630f51c7da53a5c1cd\ram_slave..
  Creating internal representation of mux trees.
  No muxes found in this module.
Running muxtree optimizer on module $paramod$73a3980ba8a68177b0617f0f620fd34f6ef3e417\axi4_lite_master..
  Creating internal representation of mux trees.
  No muxes found in this module.
Running muxtree optimizer on module $paramod$73a3980ba8a68177b0617f0f620fd34f6ef3e417\gpio_slave..
  Creating internal representation of mux trees.
  No muxes found in this module.
Running muxtree optimizer on module $paramod\axi4_lite_addr_decoder\ADDR_WIDTH=s32'00000000000000000000000000100000..
  Creating internal representation of mux trees.
  No muxes found in this module.
Running muxtree optimizer on module \axi4_lite_top..
  Creating internal representation of mux trees.
  No muxes found in this module.
Removed 0 multiplexer ports.

13.4. Executing OPT_REDUCE pass (consolidate $*mux and $reduce_* inputs).
  Optimizing cells in module $paramod$7068ac09caa024df265143630f51c7da53a5c1cd\ram_slave.
  Optimizing cells in module $paramod$73a3980ba8a68177b0617f0f620fd34f6ef3e417\axi4_lite_master.
  Optimizing cells in module $paramod$73a3980ba8a68177b0617f0f620fd34f6ef3e417\gpio_slave.
  Optimizing cells in module $paramod\axi4_lite_addr_decoder\ADDR_WIDTH=s32'00000000000000000000000000100000.
  Optimizing cells in module \axi4_lite_top.
Performed a total of 0 changes.

13.5. Executing OPT_MERGE pass (detect identical cells).
Finding identical cells in module `$paramod$7068ac09caa024df265143630f51c7da53a5c1cd\ram_slave'.
Computing hashes of 17833 cells of `$paramod$7068ac09caa024df265143630f51c7da53a5c1cd\ram_slave'.
Finding duplicate cells in `$paramod$7068ac09caa024df265143630f51c7da53a5c1cd\ram_slave'.
Finding identical cells in module `$paramod$73a3980ba8a68177b0617f0f620fd34f6ef3e417\axi4_lite_master'.
Computing hashes of 243 cells of `$paramod$73a3980ba8a68177b0617f0f620fd34f6ef3e417\axi4_lite_master'.
Finding duplicate cells in `$paramod$73a3980ba8a68177b0617f0f620fd34f6ef3e417\axi4_lite_master'.
Finding identical cells in module `$paramod$73a3980ba8a68177b0617f0f620fd34f6ef3e417\gpio_slave'.
Computing hashes of 392 cells of `$paramod$73a3980ba8a68177b0617f0f620fd34f6ef3e417\gpio_slave'.
Finding duplicate cells in `$paramod$73a3980ba8a68177b0617f0f620fd34f6ef3e417\gpio_slave'.
Finding identical cells in module `$paramod\axi4_lite_addr_decoder\ADDR_WIDTH=s32'00000000000000000000000000100000'.
Computing hashes of 380 cells of `$paramod\axi4_lite_addr_decoder\ADDR_WIDTH=s32'00000000000000000000000000100000'.
Finding duplicate cells in `$paramod\axi4_lite_addr_decoder\ADDR_WIDTH=s32'00000000000000000000000000100000'.
Finding identical cells in module `\axi4_lite_top'.
Computing hashes of 606 cells of `\axi4_lite_top'.
Finding duplicate cells in `\axi4_lite_top'.
Removed a total of 0 cells.

13.6. Executing OPT_DFF pass (perform DFF optimizations).

13.7. Executing OPT_CLEAN pass (remove unused cells and wires).
Finding unused cells or wires in module $paramod$7068ac09caa024df265143630f51c7da53a5c1cd\ram_slave..
Finding unused cells or wires in module $paramod$73a3980ba8a68177b0617f0f620fd34f6ef3e417\axi4_lite_master..
Finding unused cells or wires in module $paramod$73a3980ba8a68177b0617f0f620fd34f6ef3e417\gpio_slave..
Finding unused cells or wires in module $paramod\axi4_lite_addr_decoder\ADDR_WIDTH=s32'00000000000000000000000000100000..
Finding unused cells or wires in module \axi4_lite_top..
Removed 262 unused cells and 1093 unused wires.
<suppressed ~267 debug messages>

13.8. Executing OPT_EXPR pass (perform const folding).
Optimizing module $paramod$7068ac09caa024df265143630f51c7da53a5c1cd\ram_slave.
Optimizing module $paramod$73a3980ba8a68177b0617f0f620fd34f6ef3e417\axi4_lite_master.
Optimizing module $paramod$73a3980ba8a68177b0617f0f620fd34f6ef3e417\gpio_slave.
Optimizing module $paramod\axi4_lite_addr_decoder\ADDR_WIDTH=s32'00000000000000000000000000100000.
Optimizing module axi4_lite_top.

13.9. Rerunning OPT passes. (Maybe there is more to do..)

13.10. Executing OPT_MUXTREE pass (detect dead branches in mux trees).
Running muxtree optimizer on module $paramod$7068ac09caa024df265143630f51c7da53a5c1cd\ram_slave..
  Creating internal representation of mux trees.
  No muxes found in this module.
Running muxtree optimizer on module $paramod$73a3980ba8a68177b0617f0f620fd34f6ef3e417\axi4_lite_master..
  Creating internal representation of mux trees.
  No muxes found in this module.
Running muxtree optimizer on module $paramod$73a3980ba8a68177b0617f0f620fd34f6ef3e417\gpio_slave..
  Creating internal representation of mux trees.
  No muxes found in this module.
Running muxtree optimizer on module $paramod\axi4_lite_addr_decoder\ADDR_WIDTH=s32'00000000000000000000000000100000..
  Creating internal representation of mux trees.
  No muxes found in this module.
Running muxtree optimizer on module \axi4_lite_top..
  Creating internal representation of mux trees.
  No muxes found in this module.
Removed 0 multiplexer ports.

13.11. Executing OPT_REDUCE pass (consolidate $*mux and $reduce_* inputs).
  Optimizing cells in module $paramod$7068ac09caa024df265143630f51c7da53a5c1cd\ram_slave.
  Optimizing cells in module $paramod$73a3980ba8a68177b0617f0f620fd34f6ef3e417\axi4_lite_master.
  Optimizing cells in module $paramod$73a3980ba8a68177b0617f0f620fd34f6ef3e417\gpio_slave.
  Optimizing cells in module $paramod\axi4_lite_addr_decoder\ADDR_WIDTH=s32'00000000000000000000000000100000.
  Optimizing cells in module \axi4_lite_top.
Performed a total of 0 changes.

13.12. Executing OPT_MERGE pass (detect identical cells).
Finding identical cells in module `$paramod$7068ac09caa024df265143630f51c7da53a5c1cd\ram_slave'.
Computing hashes of 17824 cells of `$paramod$7068ac09caa024df265143630f51c7da53a5c1cd\ram_slave'.
Finding duplicate cells in `$paramod$7068ac09caa024df265143630f51c7da53a5c1cd\ram_slave'.
Finding identical cells in module `$paramod$73a3980ba8a68177b0617f0f620fd34f6ef3e417\axi4_lite_master'.
Computing hashes of 243 cells of `$paramod$73a3980ba8a68177b0617f0f620fd34f6ef3e417\axi4_lite_master'.
Finding duplicate cells in `$paramod$73a3980ba8a68177b0617f0f620fd34f6ef3e417\axi4_lite_master'.
Finding identical cells in module `$paramod$73a3980ba8a68177b0617f0f620fd34f6ef3e417\gpio_slave'.
Computing hashes of 392 cells of `$paramod$73a3980ba8a68177b0617f0f620fd34f6ef3e417\gpio_slave'.
Finding duplicate cells in `$paramod$73a3980ba8a68177b0617f0f620fd34f6ef3e417\gpio_slave'.
Finding identical cells in module `$paramod\axi4_lite_addr_decoder\ADDR_WIDTH=s32'00000000000000000000000000100000'.
Computing hashes of 159 cells of `$paramod\axi4_lite_addr_decoder\ADDR_WIDTH=s32'00000000000000000000000000100000'.
Finding duplicate cells in `$paramod\axi4_lite_addr_decoder\ADDR_WIDTH=s32'00000000000000000000000000100000'.
Finding identical cells in module `\axi4_lite_top'.
Computing hashes of 574 cells of `\axi4_lite_top'.
Finding duplicate cells in `\axi4_lite_top'.
Removed a total of 0 cells.

13.13. Executing OPT_DFF pass (perform DFF optimizations).

13.14. Executing OPT_CLEAN pass (remove unused cells and wires).
Finding unused cells or wires in module $paramod$7068ac09caa024df265143630f51c7da53a5c1cd\ram_slave..
Finding unused cells or wires in module $paramod$73a3980ba8a68177b0617f0f620fd34f6ef3e417\axi4_lite_master..
Finding unused cells or wires in module $paramod$73a3980ba8a68177b0617f0f620fd34f6ef3e417\gpio_slave..
Finding unused cells or wires in module $paramod\axi4_lite_addr_decoder\ADDR_WIDTH=s32'00000000000000000000000000100000..
Finding unused cells or wires in module \axi4_lite_top..

13.15. Executing OPT_EXPR pass (perform const folding).
Optimizing module $paramod$7068ac09caa024df265143630f51c7da53a5c1cd\ram_slave.
Optimizing module $paramod$73a3980ba8a68177b0617f0f620fd34f6ef3e417\axi4_lite_master.
Optimizing module $paramod$73a3980ba8a68177b0617f0f620fd34f6ef3e417\gpio_slave.
Optimizing module $paramod\axi4_lite_addr_decoder\ADDR_WIDTH=s32'00000000000000000000000000100000.
Optimizing module axi4_lite_top.

13.16. Finished fast OPT passes. (There is nothing left to do.)

14. Printing statistics.

=== $paramod$7068ac09caa024df265143630f51c7da53a5c1cd\ram_slave ===

        +----------Local Count, excluding submodules.
        | 
     1880 wires
    18484 wire bits
      269 public wires
     8348 public wire bits
       11 ports
      140 port bits
    17824 cells
     1328   $_AND_
     8192   $_DFFE_PP_
     8264   $_MUX_
        8   $_NOT_
       32   $_SDFFE_PN0P_

=== $paramod$73a3980ba8a68177b0617f0f620fd34f6ef3e417\axi4_lite_master ===

        +----------Local Count, excluding submodules.
        | 
      109 wires
      509 wire bits
       40 public wires
      397 public wire bits
       32 ports
      290 port bits
      243 cells
       34   $_AND_
       19   $_MUX_
       12   $_NOT_
       33   $_OR_
      143   $_SDFFE_PN0P_
        2   $_SDFF_PN0_

=== $paramod$73a3980ba8a68177b0617f0f620fd34f6ef3e417\gpio_slave ===

        +----------Local Count, excluding submodules.
        | 
      107 wires
      874 wire bits
       24 public wires
      500 public wire bits
       14 ports
      236 port bits
      392 cells
      108   $_AND_
       32   $_MUX_
       10   $_NOT_
      144   $_OR_
       98   $_SDFFE_PN0P_

=== $paramod\axi4_lite_addr_decoder\ADDR_WIDTH=s32'00000000000000000000000000100000 ===

        +----------Local Count, excluding submodules.
        | 
       93 wires
      357 wire bits
        4 public wires
       35 public wire bits
        4 ports
       35 port bits
      159 cells
       80   $_AND_
        2   $_MUX_
       37   $_NOT_
       40   $_OR_

=== axi4_lite_top ===

        +----------Local Count, excluding submodules.
        | 
      336 wires
     1208 wire bits
       65 public wires
      676 public wire bits
       18 ports
      240 port bits
      569 cells
      170   $_AND_
      101   $_MUX_
       68   $_NOT_
      128   $_OR_
       46   $_SDFFE_PN0P_
       56   $_XOR_
        5 submodules
        1   $paramod$7068ac09caa024df265143630f51c7da53a5c1cd\ram_slave
        1   $paramod$73a3980ba8a68177b0617f0f620fd34f6ef3e417\axi4_lite_master
        1   $paramod$73a3980ba8a68177b0617f0f620fd34f6ef3e417\gpio_slave
        2   $paramod\axi4_lite_addr_decoder\ADDR_WIDTH=s32'00000000000000000000000000100000

=== design hierarchy ===

        +----------Count including submodules.
        | 
    19346 axi4_lite_top
    17824 $paramod$7068ac09caa024df265143630f51c7da53a5c1cd\ram_slave
      243 $paramod$73a3980ba8a68177b0617f0f620fd34f6ef3e417\axi4_lite_master
      392 $paramod$73a3980ba8a68177b0617f0f620fd34f6ef3e417\gpio_slave
      159 $paramod\axi4_lite_addr_decoder\ADDR_WIDTH=s32'00000000000000000000000000100000

        +----------Count including submodules.
        | 
     2618 wires
    21789 wire bits
      406 public wires
     9991 public wire bits
       83 ports
      976 port bits
        - memories
        - memory bits
        - processes
    19346 cells
     1800   $_AND_
     8192   $_DFFE_PP_
     8420   $_MUX_
      172   $_NOT_
      385   $_OR_
      319   $_SDFFE_PN0P_
        2   $_SDFF_PN0_
       56   $_XOR_
        5 submodules
        1   $paramod$7068ac09caa024df265143630f51c7da53a5c1cd\ram_slave
        1   $paramod$73a3980ba8a68177b0617f0f620fd34f6ef3e417\axi4_lite_master
        1   $paramod$73a3980ba8a68177b0617f0f620fd34f6ef3e417\gpio_slave
        2   $paramod\axi4_lite_addr_decoder\ADDR_WIDTH=s32'00000000000000000000000000100000

15. Executing Verilog backend.

15.1. Executing BMUXMAP pass.

15.2. Executing DEMUXMAP pass.
Dumping module `$paramod$7068ac09caa024df265143630f51c7da53a5c1cd\ram_slave'.
Dumping module `$paramod$73a3980ba8a68177b0617f0f620fd34f6ef3e417\axi4_lite_master'.
Dumping module `$paramod$73a3980ba8a68177b0617f0f620fd34f6ef3e417\gpio_slave'.
Dumping module `$paramod\axi4_lite_addr_decoder\ADDR_WIDTH=s32'00000000000000000000000000100000'.
Dumping module `\axi4_lite_top'.

End of script. Logfile hash: 1badf43239, CPU: user 1.54s system 0.14s, MEM: 74.90 MB peak
Yosys 0.62 (git sha1 7326bb7d6641500ecb285c291a54a662cb1e76cf, clang++ 21.1.2 -fPIC -O3)
Time spent: 27% 10x opt_dff (0 sec), 18% 12x opt_clean (0 sec), ...
